station,suburb,fuel_type,price
7 Express Carlton,Carlton,E10,181.9
7 Express Carlton,Carlton,P95,202.9
7 Express Carlton,Carlton,U91,184.9
7- Eleven Towradgi,TOWRADGI,E10,197.9
7- Eleven Towradgi,TOWRADGI,P95,216.9
7- Eleven Towradgi,TOWRADGI,P98,225.9
7- Eleven Towradgi,TOWRADGI,U91,199.9
7-Eleven Adamstown,Adamstown,E10,202.9
7-Eleven Adamstown,Adamstown,P95,221.9
7-Eleven Adamstown,Adamstown,P98,230.9
7-Eleven Adamstown,Adamstown,U91,204.9
7-Eleven Albion Park Rail,ALBION PARK RAIL,E10,196.9
7-Eleven Albion Park Rail,ALBION PARK RAIL,P95,215.9
7-Eleven Albion Park Rail,ALBION PARK RAIL,P98,224.9
7-Eleven Albion Park Rail,ALBION PARK RAIL,U91,198.9
7-Eleven Ambarvale,AMBARVALE,E10,194.9
7-Eleven Ambarvale,AMBARVALE,P95,213.9
7-Eleven Ambarvale,AMBARVALE,P98,222.9
7-Eleven Ambarvale,AMBARVALE,U91,196.9
7-Eleven Argenton,Argenton,E10,197.9
7-Eleven Argenton,Argenton,P95,216.9
7-Eleven Argenton,Argenton,P98,225.9
7-Eleven Argenton,Argenton,U91,199.9
7-Eleven Arncliffe,Arncliffe,E10,194.9
7-Eleven Arncliffe,Arncliffe,P98,222.9
7-Eleven Arncliffe,Arncliffe,U91,196.9
7-Eleven Arndell Park,Arndell Park,E10,194.9
7-Eleven Arndell Park,Arndell Park,P98,222.9
7-Eleven Arndell Park,Arndell Park,U91,196.9
7-Eleven Artarmon,Artarmon,E10,194.9
7-Eleven Artarmon,Artarmon,P95,213.9
7-Eleven Artarmon,Artarmon,P98,222.9
7-Eleven Artarmon,Artarmon,U91,196.9
7-Eleven Ashfield,ASHFIELD,E10,191.9
7-Eleven Ashfield,ASHFIELD,P98,219.9
7-Eleven Bankstown,Bankstown,E10,187.9
7-Eleven Bankstown,Bankstown,P95,206.9
7-Eleven Bankstown,Bankstown,P98,215.9
7-Eleven Bankstown,Bankstown,U91,189.9
7-Eleven Bankstown Airport,BANKSTOWN AERODROME,E10,191.9
7-Eleven Bankstown Airport,BANKSTOWN AERODROME,P95,210.9
7-Eleven Bankstown Airport,BANKSTOWN AERODROME,P98,219.9
7-Eleven Bankstown Airport,BANKSTOWN AERODROME,U91,193.9
7-Eleven Bathurst,Bathurst,E10,201.9
7-Eleven Bathurst,Bathurst,P95,220.9
7-Eleven Bathurst,Bathurst,P98,229.9
7-Eleven Bathurst,Bathurst,U91,203.9
7-Eleven Baulkham Hills,BAULKHAM HILLS,E10,197.9
7-Eleven Baulkham Hills,BAULKHAM HILLS,P95,216.9
7-Eleven Baulkham Hills,BAULKHAM HILLS,P98,225.9
7-Eleven Baulkham Hills,BAULKHAM HILLS,U91,199.9
7-Eleven Belmont North,Belmont North,E10,199.9
7-Eleven Belmont North,Belmont North,P95,218.9
7-Eleven Belmont North,Belmont North,P98,227.9
7-Eleven Belmont North,Belmont North,U91,201.9
7-Eleven Belmore,Belmore,E10,194.9
7-Eleven Belmore,Belmore,P95,213.9
7-Eleven Belmore,Belmore,P98,222.9
7-Eleven Belmore,Belmore,U91,196.9
7-Eleven Berkeley,Berkeley,E10,194.9
7-Eleven Berkeley,Berkeley,P95,213.9
7-Eleven Berkeley,Berkeley,P98,222.9
7-Eleven Berkeley,Berkeley,U91,196.9
7-Eleven Berowra,Berowra,E10,193.9
7-Eleven Berowra,Berowra,P95,212.9
7-Eleven Berowra,Berowra,P98,221.9
7-Eleven Berowra,Berowra,U91,195.9
7-Eleven Bexley,Bexley,E10,189.9
7-Eleven Bexley,Bexley,P98,217.9
7-Eleven Bexley,Bexley,U91,191.9
7-Eleven Blacktown,Blacktown,E10,195.9
7-Eleven Blacktown,Blacktown,P95,214.9
7-Eleven Blacktown,Blacktown,P98,223.9
7-Eleven Blacktown,Blacktown,U91,197.9
7-Eleven Blacktown East,Blacktown East,E10,195.9
7-Eleven Blacktown East,Blacktown East,P98,223.9
7-Eleven Blacktown East,Blacktown East,U91,197.9
7-Eleven Blaxland,Blaxland,E10,194.9
7-Eleven Blaxland,Blaxland,P95,213.9
7-Eleven Blaxland,Blaxland,P98,222.9
7-Eleven Blaxland,Blaxland,U91,196.9
7-Eleven Bligh Park,Bligh Park,E10,194.9
7-Eleven Bligh Park,Bligh Park,P98,222.9
7-Eleven Bligh Park,Bligh Park,U91,196.9
7-Eleven Bonnyrigg,Bonnyrigg,E10,186.9
7-Eleven Bonnyrigg,Bonnyrigg,P98,214.9
7-Eleven Bonnyrigg,Bonnyrigg,U91,188.9
7-Eleven Bonnyrigg Heights,BONNYRIGG HEIGHTS,E10,187.9
7-Eleven Bonnyrigg Heights,BONNYRIGG HEIGHTS,P95,206.9
7-Eleven Bonnyrigg Heights,BONNYRIGG HEIGHTS,P98,215.9
7-Eleven Bonnyrigg Heights,BONNYRIGG HEIGHTS,U91,189.9
7-Eleven Braddon,BRADDON,E10,202.9
7-Eleven Braddon,BRADDON,P98,230.9
7-Eleven Braddon,BRADDON,U91,204.9
7-Eleven Bungarribee,Bungarribee,E10,195.9
7-Eleven Bungarribee,Bungarribee,P95,214.9
7-Eleven Bungarribee,Bungarribee,P98,223.9
7-Eleven Bungarribee,Bungarribee,U91,197.9
7-Eleven Burwood,Burwood,E10,197.9
7-Eleven Burwood,Burwood,P95,216.9
7-Eleven Burwood,Burwood,P98,225.9
7-Eleven Burwood,Burwood,U91,199.9
7-Eleven Campbelltown,Campbelltown,E10,193.9
7-Eleven Campbelltown,Campbelltown,P95,212.9
7-Eleven Campbelltown,Campbelltown,P98,221.9
7-Eleven Campbelltown,Campbelltown,U91,195.9
7-Eleven Camperdown,CAMPERDOWN,E10,192.9
7-Eleven Camperdown,CAMPERDOWN,P95,211.9
7-Eleven Camperdown,CAMPERDOWN,P98,220.9
7-Eleven Camperdown,CAMPERDOWN,U91,194.9
7-Eleven Caringbah,Caringbah,E10,186.9
7-Eleven Caringbah,Caringbah,P95,205.9
7-Eleven Caringbah,Caringbah,P98,214.9
7-Eleven Caringbah,Caringbah,U91,188.9
7-Eleven Carlingford,Carlingford,E10,187.9
7-Eleven Carlingford,Carlingford,P95,206.9
7-Eleven Carlingford,Carlingford,P98,215.9
7-Eleven Carlingford,Carlingford,U91,189.9
7-Eleven Carlton,Carlton,P98,221.9
7-Eleven Carlton,Carlton,U91,195.9
7-Eleven Casey,Casey,E10,202.9
7-Eleven Casey,Casey,P95,221.9
7-Eleven Casey,Casey,P98,230.9
7-Eleven Casey,Casey,U91,204.9
7-Eleven Castle Hill,Castle Hill,E10,194.9
7-Eleven Castle Hill,Castle Hill,P95,213.9
7-Eleven Castle Hill,Castle Hill,P98,222.9
7-Eleven Castle Hill,Castle Hill,U91,196.9
7-Eleven Casula,Casula,E10,191.9
7-Eleven Casula,Casula,P95,210.9
7-Eleven Casula,Casula,P98,219.9
7-Eleven Casula,Casula,U91,193.9
7-Eleven Cessnock,Cessnock,E10,199.9
7-Eleven Cessnock,Cessnock,P95,218.9
7-Eleven Cessnock,Cessnock,P98,227.9
7-Eleven Cessnock,Cessnock,U91,201.9
7-Eleven Charlestown,CHARLESTOWN,E10,197.9
7-Eleven Charlestown,CHARLESTOWN,P95,216.9
7-Eleven Charlestown,CHARLESTOWN,P98,225.9
7-Eleven Charlestown,CHARLESTOWN,U91,199.9
7-Eleven Colyton,Colyton,E10,187.5
7-Eleven Colyton,Colyton,P95,206.5
7-Eleven Colyton,Colyton,P98,215.5
7-Eleven Colyton,Colyton,U91,189.5
7-Eleven Corrimal,Corrimal,E10,197.9
7-Eleven Corrimal,Corrimal,P95,216.9
7-Eleven Corrimal,Corrimal,P98,225.9
7-Eleven Corrimal,Corrimal,U91,199.9
7-Eleven Cranebrook,Cranebrook,E10,194.9
7-Eleven Cranebrook,Cranebrook,P98,222.9
7-Eleven Cranebrook,Cranebrook,U91,196.9
7-Eleven Croydon Park,Croydon Park,E10,182.9
7-Eleven Croydon Park,Croydon Park,P95,201.9
7-Eleven Croydon Park,Croydon Park,P98,210.9
7-Eleven Croydon Park,Croydon Park,U91,184.9
7-Eleven Dapto,DAPTO,E10,195.9
7-Eleven Dapto,DAPTO,P95,214.9
7-Eleven Dapto,DAPTO,P98,223.9
7-Eleven Dapto,DAPTO,U91,197.9
7-Eleven Dee Why,Dee Why,E10,194.9
7-Eleven Dee Why,Dee Why,P95,213.9
7-Eleven Dee Why,Dee Why,P98,222.9
7-Eleven Dee Why,Dee Why,U91,196.9
7-Eleven Drummoyne,Drummoyne,E10,187.9
7-Eleven Drummoyne,Drummoyne,P98,215.9
7-Eleven Drummoyne,Drummoyne,U91,189.9
7-Eleven East Maitland,EAST MAITLAND,E10,187.9
7-Eleven East Maitland,EAST MAITLAND,P95,206.9
7-Eleven East Maitland,EAST MAITLAND,P98,215.9
7-Eleven East Maitland,EAST MAITLAND,U91,189.9
7-Eleven Eastern Creek,Eastern Creek,E10,195.9
7-Eleven Eastern Creek,Eastern Creek,P95,214.9
7-Eleven Eastern Creek,Eastern Creek,P98,223.9
7-Eleven Eastern Creek,Eastern Creek,U91,197.9
7-Eleven Edensor Park,Edensor Park,P95,209.9
7-Eleven Edensor Park,Edensor Park,P98,218.9
7-Eleven Edensor Park,Edensor Park,U91,192.9
7-Eleven Edgeworth,EDGEWORTH,E10,197.9
7-Eleven Edgeworth,EDGEWORTH,P95,216.9
7-Eleven Edgeworth,EDGEWORTH,P98,225.9
7-Eleven Edgeworth,EDGEWORTH,U91,199.9
7-Eleven Edmondson Park,EDMONDSON PARK,E10,191.9
7-Eleven Edmondson Park,EDMONDSON PARK,P95,210.9
7-Eleven Edmondson Park,EDMONDSON PARK,P98,219.9
7-Eleven Edmondson Park,EDMONDSON PARK,U91,193.9
7-Eleven Emerald Hills,LEPPINGTON,E10,195.9
7-Eleven Emerald Hills,LEPPINGTON,P95,214.9
7-Eleven Emerald Hills,LEPPINGTON,P98,223.9
7-Eleven Emerald Hills,LEPPINGTON,U91,197.9
7-Eleven Emerton,Emerton,E10,191.9
7-Eleven Emerton,Emerton,P95,210.9
7-Eleven Emerton,Emerton,P98,219.9
7-Eleven Emerton,Emerton,U91,193.9
7-Eleven Emu Plains,EMU HEIGHTS,E10,195.9
7-Eleven Emu Plains,EMU HEIGHTS,P95,214.9
7-Eleven Emu Plains,EMU HEIGHTS,P98,223.9
7-Eleven Emu Plains,EMU HEIGHTS,U91,197.9
7-Eleven Emu Plains,Emu Plains,E10,195.9
7-Eleven Emu Plains,Emu Plains,P98,223.9
7-Eleven Emu Plains,Emu Plains,U91,197.9
7-Eleven Enmore,Enmore,E10,192.9
7-Eleven Enmore,Enmore,P98,220.9
7-Eleven Enmore,Enmore,U91,194.9
7-Eleven Epping,Epping,E10,191.9
7-Eleven Epping,Epping,P98,219.7
7-Eleven Epping,Epping,U91,193.9
7-Eleven Erina,Erina,E10,196.9
7-Eleven Erina,Erina,P98,224.9
7-Eleven Erina,Erina,U91,198.9
7-Eleven Fairfield,FAIRFIELD WEST,E10,192.9
7-Eleven Fairfield,FAIRFIELD WEST,P95,211.9
7-Eleven Fairfield,FAIRFIELD WEST,P98,220.9
7-Eleven Fairfield,FAIRFIELD WEST,U91,194.9
7-Eleven Fairfield West,Fairfield West,E10,195.9
7-Eleven Fairfield West,Fairfield West,P98,223.9
7-Eleven Fairfield West,Fairfield West,U91,197.9
7-Eleven Five Dock,Five Dock,E10,194.9
7-Eleven Five Dock,Five Dock,P95,213.9
7-Eleven Five Dock,Five Dock,P98,222.9
7-Eleven Five Dock,Five Dock,U91,196.9
7-Eleven Fyshwick,Fyshwick,P98,224.9
7-Eleven Fyshwick,Fyshwick,U91,198.9
7-Eleven Gateshead,GATESHEAD,E10,199.9
7-Eleven Gateshead,GATESHEAD,P95,218.9
7-Eleven Gateshead,GATESHEAD,P98,227.9
7-Eleven Gateshead,GATESHEAD,U91,201.9
7-Eleven Georges Hall,GEORGES HALL,E10,191.9
7-Eleven Georges Hall,GEORGES HALL,P95,210.9
7-Eleven Georges Hall,GEORGES HALL,P98,219.9
7-Eleven Georges Hall,GEORGES HALL,U91,193.9
7-Eleven Giralang,Giralang,P98,231.9
7-Eleven Giralang,Giralang,U91,205.9
7-Eleven Glendale,CARDIFF,E10,199.9
7-Eleven Glendale,CARDIFF,P95,218.9
7-Eleven Glendale,CARDIFF,P98,227.9
7-Eleven Glendale,CARDIFF,U91,201.9
7-Eleven Googong,GOOGONG,E10,199.9
7-Eleven Googong,GOOGONG,P95,213.9
7-Eleven Googong,GOOGONG,P98,221.9
7-Eleven Googong,GOOGONG,U91,201.9
7-Eleven Gosford West,Gosford West,E10,195.9
7-Eleven Gosford West,Gosford West,P98,223.9
7-Eleven Gosford West,Gosford West,U91,197.9
7-Eleven Goulburn,Goulburn,E10,199.9
7-Eleven Goulburn,Goulburn,P95,218.9
7-Eleven Goulburn,Goulburn,P98,227.9
7-Eleven Goulburn,Goulburn,U91,201.9
7-Eleven Granville,Granville,E10,194.9
7-Eleven Granville,Granville,P98,222.9
7-Eleven Granville,Granville,U91,196.9
7-Eleven Granville East,Granville East,E10,194.9
7-Eleven Granville East,Granville East,P95,213.9
7-Eleven Granville East,Granville East,P98,222.9
7-Eleven Granville East,Granville East,U91,196.9
7-Eleven Green Point,Green Point,E10,198.9
7-Eleven Green Point,Green Point,P95,217.9
7-Eleven Green Point,Green Point,P98,226.9
7-Eleven Green Point,Green Point,U91,200.9
7-Eleven Green Valley,Green Valley,E10,187.9
7-Eleven Green Valley,Green Valley,P98,215.9
7-Eleven Green Valley,Green Valley,U91,189.9
7-Eleven Greenacre,GREENACRE,E10,187.9
7-Eleven Greenacre,GREENACRE,P95,206.9
7-Eleven Greenacre,GREENACRE,P98,215.9
7-Eleven Greenacre,GREENACRE,U91,189.9
7-Eleven Gregory Hills,Gregory Hills,E10,195.9
7-Eleven Gregory Hills,Gregory Hills,P95,214.9
7-Eleven Gregory Hills,Gregory Hills,P98,223.9
7-Eleven Gregory Hills,Gregory Hills,U91,197.9
7-Eleven Greystanes,GREYSTANES,E10,197.9
7-Eleven Greystanes,GREYSTANES,P95,216.9
7-Eleven Greystanes,GREYSTANES,P98,225.9
7-Eleven Greystanes,GREYSTANES,U91,199.9
7-Eleven Guildford,Guildford,E10,194.9
7-Eleven Guildford,Guildford,P95,213.9
7-Eleven Guildford,Guildford,P98,222.9
7-Eleven Guildford,Guildford,U91,196.9
7-Eleven Guildford West,Guildford West,E10,194.9
7-Eleven Guildford West,Guildford West,P95,213.9
7-Eleven Guildford West,Guildford West,P98,222.9
7-Eleven Guildford West,Guildford West,U91,196.9
7-Eleven Gymea,Gymea,E10,189.9
7-Eleven Gymea,Gymea,P98,217.9
7-Eleven Gymea,Gymea,U91,191.9
7-Eleven Haberfield,Haberfield,E10,195.9
7-Eleven Haberfield,Haberfield,P95,214.9
7-Eleven Haberfield,Haberfield,P98,223.9
7-Eleven Haberfield,Haberfield,U91,197.9
7-Eleven Hassall Grove,Hassall Grove,P98,219.9
7-Eleven Hassall Grove,Hassall Grove,U91,193.9
7-Eleven Heatherbrae,Heatherbrae,E10,189.9
7-Eleven Heatherbrae,Heatherbrae,P98,217.9
7-Eleven Heatherbrae,Heatherbrae,U91,191.9
7-Eleven Holt,Holt,E10,203.9
7-Eleven Holt,Holt,P98,231.9
7-Eleven Holt,Holt,U91,205.9
7-Eleven Huntlee,NORTH ROTHBURY,E10,187.9
7-Eleven Huntlee,NORTH ROTHBURY,P95,206.9
7-Eleven Huntlee,NORTH ROTHBURY,P98,215.9
7-Eleven Huntlee,NORTH ROTHBURY,U91,189.9
7-Eleven Hurlstone Park,Hurlstone Park,E10,195.9
7-Eleven Hurlstone Park,Hurlstone Park,P95,214.9
7-Eleven Ingleburn,INGLEBURN,E10,195.9
7-Eleven Ingleburn,INGLEBURN,P95,214.9
7-Eleven Ingleburn,INGLEBURN,P98,223.9
7-Eleven Ingleburn,INGLEBURN,U91,197.9
7-Eleven Ingleburn,Ingleburn,E10,195.9
7-Eleven Ingleburn,Ingleburn,P95,214.9
7-Eleven Ingleburn,Ingleburn,P98,223.9
7-Eleven Ingleburn,Ingleburn,U91,197.9
7-Eleven Jamisontown,Jamisontown,E10,190.9
7-Eleven Jamisontown,Jamisontown,P98,218.9
7-Eleven Jamisontown,Jamisontown,U91,192.9
7-Eleven Jerrabomberra,JERRABOMBERRA,E10,203.9
7-Eleven Jerrabomberra,JERRABOMBERRA,P95,222.9
7-Eleven Jerrabomberra,JERRABOMBERRA,P98,231.9
7-Eleven Jerrabomberra,JERRABOMBERRA,U91,205.9
7-Eleven Kanwal,KANWAL,E10,196.9
7-Eleven Kanwal,KANWAL,P95,215.9
7-Eleven Kanwal,KANWAL,P98,224.9
7-Eleven Kanwal,KANWAL,U91,198.9
7-Eleven Karabar,KARABAR,E10,199.9
7-Eleven Karabar,KARABAR,P95,220.9
7-Eleven Karabar,KARABAR,P98,229.9
7-Eleven Karabar,KARABAR,U91,203.9
7-Eleven Kellyville,Kellyville,E10,195.9
7-Eleven Kellyville,Kellyville,P95,214.9
7-Eleven Kellyville,Kellyville,P98,223.9
7-Eleven Kellyville,Kellyville,U91,197.9
7-Eleven Kelso,KELSO,E10,195.9
7-Eleven Kelso,KELSO,P95,214.9
7-Eleven Kelso,KELSO,P98,223.9
7-Eleven Kelso,KELSO,U91,197.9
7-Eleven Kensington,Kensington,E10,185.9
7-Eleven Kensington,Kensington,P95,205.9
7-Eleven Kensington,Kensington,P98,213.9
7-Eleven Kensington,Kensington,U91,187.9
7-Eleven Killara,Killara,E10,193.9
7-Eleven Killara,Killara,P95,212.9
7-Eleven Killara,Killara,P98,221.9
7-Eleven Killara,Killara,U91,195.9
7-Eleven Kincumber,Kincumber,E10,197.9
7-Eleven Kincumber,Kincumber,P95,216.9
7-Eleven Kincumber,Kincumber,P98,225.9
7-Eleven Kincumber,Kincumber,U91,199.9
7-Eleven Kings Park,Kings Park,E10,191.9
7-Eleven Kings Park,Kings Park,P95,210.9
7-Eleven Kings Park,Kings Park,P98,219.9
7-Eleven Kings Park,Kings Park,U91,193.9
7-Eleven Kingswood,KINGSWOOD,E10,194.9
7-Eleven Kingswood,KINGSWOOD,P95,213.9
7-Eleven Kingswood,KINGSWOOD,P98,222.9
7-Eleven Kingswood,KINGSWOOD,U91,196.9
7-Eleven Kirrawee,Kirrawee,E10,194.9
7-Eleven Kirrawee,Kirrawee,P95,213.9
7-Eleven Kirrawee,Kirrawee,P98,222.9
7-Eleven Kirrawee,Kirrawee,U91,196.9
7-Eleven Lake Illawarra,Lake Illawarra,E10,199.9
7-Eleven Lake Illawarra,Lake Illawarra,P95,218.9
7-Eleven Lake Illawarra,Lake Illawarra,P98,227.9
7-Eleven Lake Illawarra,Lake Illawarra,U91,201.9
7-Eleven Lakemba,Lakemba,E10,187.7
7-Eleven Lakemba,Lakemba,P95,206.7
7-Eleven Lakemba,Lakemba,P98,215.7
7-Eleven Lakemba,Lakemba,U91,189.7
7-Eleven Lambton,Lambton,E10,202.9
7-Eleven Lambton,Lambton,P95,221.9
7-Eleven Lambton,Lambton,P98,230.9
7-Eleven Lambton,Lambton,U91,204.9
7-Eleven Lansvale South,Lansvale South,E10,195.9
7-Eleven Lansvale South,Lansvale South,P95,214.9
7-Eleven Lansvale South,Lansvale South,P98,223.9
7-Eleven Lansvale South,Lansvale South,U91,197.9
7-Eleven Lavington,LAVINGTON,E10,177.9
7-Eleven Lavington,LAVINGTON,P95,196.9
7-Eleven Lavington,LAVINGTON,P98,205.9
7-Eleven Lavington,LAVINGTON,U91,179.9
7-Eleven Leppington,LEPPINGTON,E10,187.9
7-Eleven Leppington,LEPPINGTON,P95,206.9
7-Eleven Leppington,LEPPINGTON,P98,215.9
7-Eleven Leppington,LEPPINGTON,U91,189.9
7-Eleven Lindfield,Lindfield,E10,194.9
7-Eleven Lindfield,Lindfield,P98,222.9
7-Eleven Lindfield,Lindfield,U91,196.9
7-Eleven Lisarow,Lisarow,E10,199.9
7-Eleven Lisarow,Lisarow,P98,227.9
7-Eleven Lisarow,Lisarow,U91,201.9
7-Eleven Lismore,SOUTH LISMORE,E10,200.9
7-Eleven Lismore,SOUTH LISMORE,P95,219.9
7-Eleven Lismore,SOUTH LISMORE,P98,228.9
7-Eleven Lismore,SOUTH LISMORE,U91,202.9
7-Eleven Lithgow,LITHGOW,E10,202.9
7-Eleven Lithgow,LITHGOW,P95,221.9
7-Eleven Lithgow,LITHGOW,P98,230.9
7-Eleven Lithgow,LITHGOW,U91,204.9
7-Eleven Liverpool,Liverpool,E10,182.9
7-Eleven Liverpool,Liverpool,P98,210.9
7-Eleven Liverpool,Liverpool,U91,184.9
7-Eleven Long Jetty,LONG JETTY,E10,190.9
7-Eleven Long Jetty,LONG JETTY,P95,209.9
7-Eleven Long Jetty,LONG JETTY,P98,218.9
7-Eleven Long Jetty,LONG JETTY,U91,192.9
7-Eleven Lurnea,LURNEA,E10,190.9
7-Eleven Lurnea,LURNEA,P95,209.9
7-Eleven Lurnea,LURNEA,P98,218.9
7-Eleven Lurnea,LURNEA,U91,192.9
7-Eleven Marks Point,Marks Point,E10,196.9
7-Eleven Marks Point,Marks Point,P98,224.9
7-Eleven Marks Point,Marks Point,U91,198.9
7-Eleven Maroubra,Maroubra,E10,193.9
7-Eleven Maroubra,Maroubra,P95,212.9
7-Eleven Maroubra,Maroubra,P98,221.9
7-Eleven Maroubra,Maroubra,U91,195.9
7-Eleven Marsden Park,MARSDEN PARK,E10,191.9
7-Eleven Marsden Park,MARSDEN PARK,P95,210.9
7-Eleven Marsden Park,MARSDEN PARK,P98,219.9
7-Eleven Marsden Park,MARSDEN PARK,U91,193.9
7-Eleven Matraville,MATRAVILLE,E10,189.9
7-Eleven Matraville,MATRAVILLE,P95,208.9
7-Eleven Matraville,MATRAVILLE,P98,217.9
7-Eleven Matraville,MATRAVILLE,U91,191.9
7-Eleven Mawson,Mawson,E10,203.9
7-Eleven Mawson,Mawson,P98,231.9
7-Eleven Mawson,Mawson,U91,205.9
7-Eleven Mayfield West,Mayfield West,E10,193.9
7-Eleven Mayfield West,Mayfield West,P98,221.9
7-Eleven Mayfield West,Mayfield West,U91,195.9
7-Eleven McGraths Hill,MCGRATHS HILL,E10,187.9
7-Eleven McGraths Hill,MCGRATHS HILL,P98,215.9
7-Eleven McGraths Hill,MCGRATHS HILL,U91,189.9
7-Eleven Medowie,MEDOWIE,E10,189.9
7-Eleven Medowie,MEDOWIE,P95,209.9
7-Eleven Medowie,MEDOWIE,P98,218.9
7-Eleven Medowie,MEDOWIE,U91,190.9
7-Eleven Melba,Melba,E10,202.9
7-Eleven Melba,Melba,P98,230.9
7-Eleven Melba,Melba,U91,204.9
7-Eleven Menai,Menai,E10,193.7
7-Eleven Menai,Menai,P95,205.7
7-Eleven Menai,Menai,P98,219.7
7-Eleven Menai,Menai,U91,195.7
7-Eleven Merrylands,Merrylands,E10,193.9
7-Eleven Merrylands,Merrylands,P98,221.9
7-Eleven Merrylands,Merrylands,U91,195.9
7-Eleven Metford,Metford,E10,197.9
7-Eleven Metford,Metford,P95,216.9
7-Eleven Metford,Metford,P98,225.9
7-Eleven Metford,Metford,U91,199.9
7-Eleven Minchinbury,Minchinbury,E10,191.9
7-Eleven Minchinbury,Minchinbury,P95,210.9
7-Eleven Minchinbury,Minchinbury,P98,219.9
7-Eleven Minchinbury,Minchinbury,U91,193.9
7-Eleven Minto,MINTO,E10,195.9
7-Eleven Minto,MINTO,P95,214.9
7-Eleven Minto,MINTO,P98,223.9
7-Eleven Minto,MINTO,U91,197.9
7-Eleven Mona Vale,Mona Vale,E10,193.9
7-Eleven Mona Vale,Mona Vale,P95,212.9
7-Eleven Mona Vale,Mona Vale,P98,221.9
7-Eleven Mona Vale,Mona Vale,U91,195.9
7-Eleven Moorebank,MOOREBANK,E10,191.9
7-Eleven Moorebank,MOOREBANK,P98,219.9
7-Eleven Moorebank,MOOREBANK,U91,193.9
7-Eleven Morisset,MORISSET,E10,191.9
7-Eleven Morisset,MORISSET,P95,210.9
7-Eleven Morisset,MORISSET,P98,219.9
7-Eleven Morisset,MORISSET,U91,193.9
7-Eleven Mosman,Mosman,E10,193.9
7-Eleven Mosman,Mosman,P95,212.9
7-Eleven Mosman,Mosman,P98,221.9
7-Eleven Mosman,Mosman,U91,195.9
7-Eleven Mount Druitt,Mount Druitt,P98,223.9
7-Eleven Mount Druitt,Mount Druitt,U91,197.9
7-Eleven Mount Pritchard,Mount Pritchard,E10,195.9
7-Eleven Mount Pritchard,Mount Pritchard,P95,214.9
7-Eleven Mount Pritchard,Mount Pritchard,P98,223.9
7-Eleven Mount Pritchard,Mount Pritchard,U91,197.9
7-Eleven Muswellbrook,MUSWELLBROOK,E10,188.9
7-Eleven Muswellbrook,MUSWELLBROOK,P95,207.9
7-Eleven Muswellbrook,MUSWELLBROOK,P98,216.9
7-Eleven Muswellbrook,MUSWELLBROOK,U91,190.9
7-Eleven Narrabeen,Narrabeen,E10,194.9
7-Eleven Narrabeen,Narrabeen,P98,222.9
7-Eleven Narrabeen,Narrabeen,U91,196.9
7-Eleven New Lambton,New Lambton,E10,202.9
7-Eleven New Lambton,New Lambton,P95,221.9
7-Eleven New Lambton,New Lambton,P98,230.9
7-Eleven New Lambton,New Lambton,U91,204.9
7-Eleven Newport,NEWPORT,E10,195.9
7-Eleven Newport,NEWPORT,P98,223.9
7-Eleven Newport,NEWPORT,U91,197.9
7-Eleven North Rocks,North Rocks,E10,194.9
7-Eleven North Rocks,North Rocks,P95,213.9
7-Eleven North Rocks,North Rocks,P98,222.9
7-Eleven North Rocks,North Rocks,U91,196.9
7-Eleven North Ryde,North Ryde,E10,187.9
7-Eleven North Ryde,North Ryde,P98,215.9
7-Eleven North Ryde,North Ryde,U91,189.9
7-Eleven Northmead,Northmead,E10,194.9
7-Eleven Northmead,Northmead,P95,213.9
7-Eleven Northmead,Northmead,P98,222.9
7-Eleven Northmead,Northmead,U91,196.9
7-Eleven Nowra,NOWRA,E10,198.9
7-Eleven Nowra,NOWRA,P95,217.9
7-Eleven Nowra,NOWRA,P98,226.9
7-Eleven Nowra,NOWRA,U91,200.9
7-Eleven Orange,Orange,E10,201.9
7-Eleven Orange,Orange,P95,220.9
7-Eleven Orange,Orange,P98,229.9
7-Eleven Orange,Orange,U91,203.9
7-Eleven Orange North,ORANGE,E10,201.9
7-Eleven Orange North,ORANGE,P95,220.9
7-Eleven Orange North,ORANGE,P98,229.9
7-Eleven Orange North,ORANGE,U91,203.9
7-Eleven Paddington,PADDINGTON,E10,195.9
7-Eleven Paddington,PADDINGTON,P95,214.9
7-Eleven Paddington,PADDINGTON,P98,223.9
7-Eleven Paddington,PADDINGTON,U91,197.9
7-Eleven Pendle Hill,Pendle Hill,E10,197.9
7-Eleven Pendle Hill,Pendle Hill,P95,216.9
7-Eleven Pendle Hill,Pendle Hill,P98,225.9
7-Eleven Pendle Hill,Pendle Hill,U91,199.9
7-Eleven Penrith,PENRITH,E10,194.9
7-Eleven Penrith,PENRITH,P98,222.9
7-Eleven Penrith,PENRITH,U91,196.9
7-Eleven Penrith,Penrith,E10,194.9
7-Eleven Penrith,Penrith,P95,213.9
7-Eleven Penrith,Penrith,P98,222.9
7-Eleven Penrith,Penrith,U91,196.9
7-Eleven Penrith South,Penrith South,E10,194.9
7-Eleven Penrith South,Penrith South,P95,213.9
7-Eleven Penrith South,Penrith South,P98,222.9
7-Eleven Penrith South,Penrith South,U91,196.9
7-Eleven Penshurst,Penshurst,E10,193.9
7-Eleven Penshurst,Penshurst,P95,212.9
7-Eleven Penshurst,Penshurst,P98,221.9
7-Eleven Penshurst,Penshurst,U91,195.9
7-Eleven Phillip,PHILLIP,E10,203.9
7-Eleven Phillip,PHILLIP,P95,222.9
7-Eleven Phillip,PHILLIP,P98,231.9
7-Eleven Phillip,PHILLIP,U91,205.9
7-Eleven Plumpton,Plumpton,E10,191.9
7-Eleven Plumpton,Plumpton,P95,210.9
7-Eleven Plumpton,Plumpton,P98,219.9
7-Eleven Plumpton,Plumpton,U91,193.9
7-Eleven Prairewood,PRAIRIEWOOD,E10,186.9
7-Eleven Prairewood,PRAIRIEWOOD,P98,214.9
7-Eleven Prairewood,PRAIRIEWOOD,U91,188.9
7-Eleven RIVERSTONE,RIVERSTONE,E10,191.9
7-Eleven RIVERSTONE,RIVERSTONE,P95,210.9
7-Eleven RIVERSTONE,RIVERSTONE,P98,219.9
7-Eleven RIVERSTONE,RIVERSTONE,U91,193.9
7-Eleven Randwick,Randwick,E10,194.9
7-Eleven Randwick,Randwick,P98,222.9
7-Eleven Randwick,Randwick,U91,196.9
7-Eleven Regentville,Regentville,E10,191.9
7-Eleven Regentville,Regentville,P95,210.9
7-Eleven Regentville,Regentville,P98,219.9
7-Eleven Regentville,Regentville,U91,193.9
7-Eleven Revesby,Revesby,E10,186.9
7-Eleven Revesby,Revesby,P98,214.9
7-Eleven Revesby,Revesby,U91,188.9
7-Eleven Revesby South,REVESBY,E10,179.9
7-Eleven Revesby South,REVESBY,P95,198.9
7-Eleven Revesby South,REVESBY,P98,207.9
7-Eleven Revesby South,REVESBY,U91,181.9
7-Eleven Riverwood,Riverwood,E10,194.9
7-Eleven Riverwood,Riverwood,P95,213.9
7-Eleven Riverwood,Riverwood,P98,222.9
7-Eleven Riverwood,Riverwood,U91,196.9
7-Eleven Robin Hill,ROBIN HILL,E10,201.9
7-Eleven Robin Hill,ROBIN HILL,P95,220.9
7-Eleven Robin Hill,ROBIN HILL,P98,229.9
7-Eleven Robin Hill,ROBIN HILL,U91,203.9
7-Eleven Rockdale,Rockdale,E10,195.9
7-Eleven Rockdale,Rockdale,P95,214.9
7-Eleven Rockdale,Rockdale,P98,224.9
7-Eleven Rockdale,Rockdale,U91,198.9
7-Eleven Rooty Hill,ROOTY HILL,E10,195.9
7-Eleven Rooty Hill,ROOTY HILL,P98,223.9
7-Eleven Rooty Hill,ROOTY HILL,U91,197.9
7-Eleven Roseville,Roseville,E10,193.9
7-Eleven Roseville,Roseville,P98,221.9
7-Eleven Roseville,Roseville,U91,195.9
7-Eleven Rouse Hill,ROUSE HILL,E10,186.9
7-Eleven Rouse Hill,ROUSE HILL,P95,200.9
7-Eleven Rouse Hill,ROUSE HILL,P98,208.9
7-Eleven Rouse Hill,ROUSE HILL,U91,188.9
7-Eleven Rozelle,Rozelle,E10,187.9
7-Eleven Rozelle,Rozelle,P95,206.9
7-Eleven Rozelle,Rozelle,P98,215.9
7-Eleven Rozelle,Rozelle,U91,189.9
7-Eleven Rutherford,RUTHERFORD,E10,204.9
7-Eleven Rutherford,RUTHERFORD,P95,223.9
7-Eleven Rutherford,RUTHERFORD,P98,232.9
7-Eleven Rutherford,RUTHERFORD,U91,206.9
7-Eleven Ryde,Ryde,E10,191.9
7-Eleven Ryde,Ryde,P98,219.9
7-Eleven Ryde,Ryde,U91,193.9
7-Eleven Sans Souci,SANS SOUCI,E10,189.7
7-Eleven Sans Souci,SANS SOUCI,P95,208.7
7-Eleven Sans Souci,SANS SOUCI,P98,217.7
7-Eleven Sans Souci,SANS SOUCI,U91,191.7
7-Eleven Seven Hills,SEVEN HILLS,E10,197.9
7-Eleven Seven Hills,SEVEN HILLS,P95,216.9
7-Eleven Seven Hills,SEVEN HILLS,P98,225.9
7-Eleven Seven Hills,SEVEN HILLS,U91,199.9
7-Eleven Shellharbour,Shellharbour,E10,199.9
7-Eleven Shellharbour,Shellharbour,P95,218.9
7-Eleven Shellharbour,Shellharbour,P98,227.9
7-Eleven Shellharbour,Shellharbour,U91,201.9
7-Eleven Shortland,Shortland,E10,195.9
7-Eleven Shortland,Shortland,P95,214.9
7-Eleven Shortland,Shortland,P98,223.9
7-Eleven Shortland,Shortland,U91,197.9
7-Eleven Singleton,SINGLETON,E10,195.9
7-Eleven Singleton,SINGLETON,P95,214.9
7-Eleven Singleton,SINGLETON,P98,223.9
7-Eleven Singleton,SINGLETON,U91,197.9
7-Eleven South Hurstville,South Hurstville,E10,193.9
7-Eleven South Hurstville,South Hurstville,P95,212.9
7-Eleven South Hurstville,South Hurstville,P98,221.9
7-Eleven South Hurstville,South Hurstville,U91,195.9
7-Eleven Spence,Spence,E10,202.9
7-Eleven Spence,Spence,P95,221.9
7-Eleven Spence,Spence,P98,230.9
7-Eleven Spence,Spence,U91,204.9
7-Eleven St Clair,St Clair,E10,193.9
7-Eleven St Clair,St Clair,P95,212.9
7-Eleven St Clair,St Clair,P98,221.9
7-Eleven St Clair,St Clair,U91,195.9
7-Eleven St Helens Park,St Helens Park,E10,193.9
7-Eleven St Helens Park,St Helens Park,P95,212.9
7-Eleven St Helens Park,St Helens Park,P98,221.9
7-Eleven St Helens Park,St Helens Park,U91,195.9
7-Eleven St Ives,ST IVES,E10,194.9
7-Eleven St Ives,ST IVES,P95,213.9
7-Eleven St Ives,ST IVES,P98,222.9
7-Eleven St Ives,ST IVES,U91,196.9
7-Eleven St Marys,St Marys,E10,189.9
7-Eleven St Marys,St Marys,P95,208.9
7-Eleven St Marys,St Marys,P98,217.9
7-Eleven St Marys,St Marys,U91,193.9
7-Eleven Strathfield South,Strathfield South,E10,189.9
7-Eleven Strathfield South,Strathfield South,P95,208.9
7-Eleven Strathfield South,Strathfield South,P98,217.9
7-Eleven Strathfield South,Strathfield South,U91,191.9
7-Eleven Sutherland,Sutherland,E10,199.9
7-Eleven Sutherland,Sutherland,P95,218.9
7-Eleven Sutherland,Sutherland,P98,227.9
7-Eleven Sutherland,Sutherland,U91,201.9
7-Eleven The Entrance,Long Jetty,E10,190.9
7-Eleven The Entrance,Long Jetty,P95,209.9
7-Eleven The Entrance,Long Jetty,P98,218.9
7-Eleven The Entrance,Long Jetty,U91,192.9
7-Eleven Thornton,THORNTON,E10,188.9
7-Eleven Thornton,THORNTON,P95,207.9
7-Eleven Thornton,THORNTON,P98,216.9
7-Eleven Thornton,THORNTON,U91,190.9
7-Eleven Toongabbie,Toongabbie,E10,197.9
7-Eleven Toongabbie,Toongabbie,P95,216.9
7-Eleven Toongabbie,Toongabbie,P98,225.9
7-Eleven Toongabbie,Toongabbie,U91,199.9
7-Eleven Toukley,Toukley,E10,200.9
7-Eleven Toukley,Toukley,P95,219.9
7-Eleven Toukley,Toukley,P98,228.9
7-Eleven Toukley,Toukley,U91,202.9
7-Eleven Turramurra,Turramurra,E10,195.9
7-Eleven Turramurra,Turramurra,P95,214.9
7-Eleven Turramurra,Turramurra,P98,223.9
7-Eleven Turramurra,Turramurra,U91,197.9
7-Eleven Tweed Heads Sth,TWEED HEADS SOUTH,E10,197.9
7-Eleven Tweed Heads Sth,TWEED HEADS SOUTH,P98,225.9
7-Eleven Tweed Heads Sth,TWEED HEADS SOUTH,U91,199.9
7-Eleven Unanderra,UNANDERRA,E10,194.9
7-Eleven Unanderra,UNANDERRA,P95,213.9
7-Eleven Unanderra,UNANDERRA,P98,222.9
7-Eleven Unanderra,UNANDERRA,U91,196.9
7-Eleven Wadalba,Wadalba,P95,216.9
7-Eleven Wadalba,Wadalba,P98,225.9
7-Eleven Wadalba,Wadalba,U91,199.9
7-Eleven Wahroonga,Wahroonga,E10,192.9
7-Eleven Wahroonga,Wahroonga,P95,207.9
7-Eleven Wahroonga,Wahroonga,P98,215.9
7-Eleven Wahroonga,Wahroonga,U91,194.9
7-Eleven Wallsend,Wallsend,E10,199.9
7-Eleven Wallsend,Wallsend,P95,218.9
7-Eleven Wallsend,Wallsend,P98,227.9
7-Eleven Wallsend,Wallsend,U91,201.9
7-Eleven Wanniassa,Wanniassa,E10,203.9
7-Eleven Wanniassa,Wanniassa,P98,231.9
7-Eleven Wanniassa,Wanniassa,U91,205.9
7-Eleven Warners Bay,Warners Bay,E10,203.9
7-Eleven Warners Bay,Warners Bay,P98,231.9
7-Eleven Warners Bay,Warners Bay,U91,205.9
7-Eleven Watanobbi,Watanobbi,E10,197.9
7-Eleven Watanobbi,Watanobbi,P95,216.9
7-Eleven Watanobbi,Watanobbi,P98,225.9
7-Eleven Watanobbi,Watanobbi,U91,199.9
7-Eleven Werrington,Werrington,P98,222.9
7-Eleven Werrington,Werrington,U91,196.9
7-Eleven West Pennant Hills,West Pennant Hills,E10,194.9
7-Eleven West Pennant Hills,West Pennant Hills,P98,222.9
7-Eleven West Pennant Hills,West Pennant Hills,U91,196.9
7-Eleven West Ryde,West Ryde,E10,191.9
7-Eleven West Ryde,West Ryde,P95,210.9
7-Eleven West Ryde,West Ryde,P98,219.9
7-Eleven West Ryde,West Ryde,U91,193.9
7-Eleven West Wagga Wagga,WAGGA WAGGA,E10,191.9
7-Eleven West Wagga Wagga,WAGGA WAGGA,P95,210.9
7-Eleven West Wagga Wagga,WAGGA WAGGA,P98,219.9
7-Eleven West Wagga Wagga,WAGGA WAGGA,U91,193.9
7-Eleven West Wollongong,West Wollongong,E10,197.9
7-Eleven West Wollongong,West Wollongong,P95,216.9
7-Eleven Wickham,Wickham,E10,198.9
7-Eleven Wickham,Wickham,P95,217.9
7-Eleven Wickham,Wickham,P98,226.9
7-Eleven Wickham,Wickham,U91,200.9
7-Eleven Windsor,WINDSOR,E10,195.9
7-Eleven Windsor,WINDSOR,P98,223.9
7-Eleven Windsor,WINDSOR,U91,197.9
7-Eleven Woolooware,WOOLOOWARE,E10,189.9
7-Eleven Woolooware,WOOLOOWARE,P98,217.9
7-Eleven Woolooware,WOOLOOWARE,U91,191.9
7-Eleven Woy Woy,WOY WOY,E10,195.9
7-Eleven Woy Woy,WOY WOY,P98,223.9
7-Eleven Woy Woy,WOY WOY,U91,197.9
7-Eleven Yagoona,YAGOONA,E10,179.9
7-Eleven Yagoona,YAGOONA,P98,214.7
7-Eleven Yagoona,YAGOONA,U91,188.7
ACCESS FUELS RUTHERFORD,RUTHERFORD,E10,199.5
ACCESS FUELS RUTHERFORD,RUTHERFORD,P98,227.5
ACCESS FUELS RUTHERFORD,RUTHERFORD,U91,201.5
ACCESS FUELS THORNTON,THORNTON,E10,188.5
ACCESS FUELS THORNTON,THORNTON,P98,214.5
ACCESS FUELS THORNTON,THORNTON,U91,190.5
ACCESS FUELS TUNCURRY,TUNCURRY,E10,195.5
ACCESS FUELS TUNCURRY,TUNCURRY,P98,220.5
ACCESS FUELS TUNCURRY,TUNCURRY,U91,197.5
AMPOL HOWLONG,HOWLONG,DL,237.9
AMPOL HOWLONG,HOWLONG,P98,216.9
AMPOL HOWLONG,HOWLONG,U91,194.9
AMPOL KENTHURST,KENTHURST,P95,210.9
AMPOL KENTHURST,KENTHURST,P98,219.9
AMPOL KENTHURST,KENTHURST,U91,192.9
AMPOL MULWALA,MULWALA,DL,238.9
AMPOL PARKLEA,Glenwood,E10,195.9
AMPOL PARKLEA,Glenwood,P95,214.9
AMPOL PARKLEA,Glenwood,P98,224.9
AMPOL PARKLEA,Glenwood,U91,197.9
AMPOL ROUSEHILL,Rouse Hill,E10,186.5
AMPOL ROUSEHILL,Rouse Hill,P95,201.5
AMPOL ROUSEHILL,Rouse Hill,P98,210.5
AMPOL ROUSEHILL,Rouse Hill,U91,188.5
AMPOL SOUTH KEMPSEY,South Kempsey,DL,239.5
AMPOL SOUTH KEMPSEY,South Kempsey,E10,197.5
AMPOL SOUTH KEMPSEY,South Kempsey,P95,213.5
AMPOL SOUTH KEMPSEY,South Kempsey,P98,223.5
AMPOL SOUTH KEMPSEY,South Kempsey,U91,199.5
AMPOL TALBINGO,TALBINGO,P98,229.9
AMPOL TALBINGO,TALBINGO,U91,199.9
AMPOL TUMBARUMBA SERVO,TUMBARUMBA,DL,249.9
AMPOL TUMBARUMBA SERVO,TUMBARUMBA,P98,239.9
AMPOL TUMBARUMBA SERVO,TUMBARUMBA,U91,209.9
AMPOL YETHOLME,YETHOLME,DL,233.9
AMPOL YETHOLME,YETHOLME,E10,188.9
AMPOL YETHOLME,YETHOLME,P95,204.9
AMPOL YETHOLME,YETHOLME,U91,191.9
AP Punchbowl,PUNCHBOWL,E10,183.8
AP Punchbowl,PUNCHBOWL,P95,202.8
AP Punchbowl,PUNCHBOWL,P98,207.8
AP Punchbowl,PUNCHBOWL,U91,185.8
APCO Albury,Albury,DL,223.5
APCO Albury,Albury,E10,177.5
APCO Albury,Albury,P95,187.5
APCO Albury,Albury,U91,179.5
APCO Wagga Wagga,East Wagga Wagga,DL,226.5
APCO Wagga Wagga,East Wagga Wagga,E10,181.5
APCO Wagga Wagga,East Wagga Wagga,P95,191.5
APCO Wagga Wagga,East Wagga Wagga,P98,200.5
APCO Wagga Wagga,East Wagga Wagga,U91,183.5
APEX PETROLEUM (WEST RYDE),West Ryde,E10,189.7
APEX PETROLEUM (WEST RYDE),West Ryde,P95,203.7
APEX PETROLEUM (WEST RYDE),West Ryde,P98,213.7
APEX PETROLEUM (WEST RYDE),West Ryde,U91,191.7
APEX PETROLEUM VILLAWOOD,Villawood,E10,189.7
APEX PETROLEUM VILLAWOOD,Villawood,P95,203.7
APEX PETROLEUM VILLAWOOD,Villawood,P98,213.7
APEX PETROLEUM VILLAWOOD,Villawood,U91,191.7
APW,WENTWORTHVILLE,P95,199.3
APW,WENTWORTHVILLE,P98,209.3
APW,WENTWORTHVILLE,U91,187.3
ARKO ENERGY FORESTVILLE,FORESTVILLE,DL,237.5
ARKO ENERGY FORESTVILLE,FORESTVILLE,E10,184.4
ARKO ENERGY FORESTVILLE,FORESTVILLE,P98,210.5
ARKO ENERGY FORESTVILLE,FORESTVILLE,U91,186.5
ARKO ENERGY GLOUCESTER,GLOUCESTER,DL,239.9
ARKO ENERGY GLOUCESTER,GLOUCESTER,E10,193.9
ARKO ENERGY GLOUCESTER,GLOUCESTER,P98,218.9
ARKO ENERGY GLOUCESTER,GLOUCESTER,U91,195.9
ARKO ENERGY GOULBURN,GOULBURN,DL,231.9
ARKO ENERGY GOULBURN,GOULBURN,E10,187.9
ARKO ENERGY GOULBURN,GOULBURN,P98,217.9
ARKO ENERGY GOULBURN,GOULBURN,U91,189.9
ARKO Earlwood,EARLWOOD,P98,209.5
ARKO Earlwood,EARLWOOD,U91,182.5
ARKO Energy Dubbo,Dubbo,DL,241.5
ARKO Energy Dubbo,Dubbo,E10,195.5
ARKO Energy Dubbo,Dubbo,P98,220.5
ARKO Energy Dubbo,Dubbo,U91,197.5
ASM Mechanical,BARADINE,DL,244.9
ASM Mechanical,BARADINE,U91,221.9
ASTRON Bathurst,BATHURST,DL,233.5
ASTRON Bathurst,BATHURST,E10,187.5
ASTRON Bathurst,BATHURST,P95,212.5
ASTRON Bathurst,BATHURST,P98,211.5
ASTRON Bathurst,BATHURST,U91,189.5
ASTRON YAGOONA WEST,YAGOONA,DL,222.9
ASTRON YAGOONA WEST,YAGOONA,E10,182.9
ASTRON YAGOONA WEST,YAGOONA,P98,212.9
ASTRON YAGOONA WEST,YAGOONA,U91,184.9
ATTUNGA GENERAL STORE,ATTUNGA,DL,234.9
ATTUNGA GENERAL STORE,ATTUNGA,P95,206.9
ATTUNGA GENERAL STORE,ATTUNGA,U91,194.9
AUS Petroleum Harden,HARDEN,DL,222.9
AUS Petroleum Harden,HARDEN,E10,167.9
AUS Petroleum Harden,HARDEN,P98,207.9
AUS Petroleum Harden,HARDEN,U91,187.9
AVOCA FUEL,AVOCA BEACH,DL,239.9
AVOCA FUEL,AVOCA BEACH,E10,192.9
AVOCA FUEL,AVOCA BEACH,P98,216.9
AVOCA FUEL,AVOCA BEACH,U91,194.9
Aberdare Fuel & Lotto,Aberdare,DL,227.5
Aberdare Fuel & Lotto,Aberdare,P98,209.5
Aberdare Fuel & Lotto,Aberdare,U91,188.5
Access Fuel,CRESCENT HEAD,DL,235.9
Access Fuel,CRESCENT HEAD,P95,218.9
Access Fuel,CRESCENT HEAD,U91,198.8
Access Fuels,TOORMINA,P98,229.5
Access Fuels,TOORMINA,U91,201.5
Access Fuels,TOWNSEND,DL,236.9
Access Fuels,TOWNSEND,P95,209.9
Access Fuels,TOWNSEND,U91,197.9
Access Fuels Ebor,EBOR,DL,241.5
Access Fuels Ebor,EBOR,P98,218.5
Access Fuels Ebor,EBOR,U91,196.5
Access Fuels Tea Gardens,TEA GARDENS,E10,199.5
Access Fuels Tea Gardens,TEA GARDENS,P98,227.5
Access Fuels Tea Gardens,TEA GARDENS,U91,201.5
Active fuel,INGLEBURN,DL,228.5
Active fuel,INGLEBURN,E10,187.5
Active fuel,INGLEBURN,P98,212.5
Active fuel,INGLEBURN,U91,189.5
Ag Warehouse,FINLEY,DL,237.9
Ag Warehouse,FINLEY,U91,203.9
Ajm Smart Pty Ltd,DAIRYMANS PLAINS,DL,239.9
Ajm Smart Pty Ltd,DAIRYMANS PLAINS,E10,195.9
Ajm Smart Pty Ltd,DAIRYMANS PLAINS,P95,210.9
Ajm Smart Pty Ltd,DAIRYMANS PLAINS,U91,197.9
Al Mustafa Petrol,Lakemba,P95,197.8
Al Mustafa Petrol,Lakemba,U91,185.9
Ambiex Pty Ltd,GOOLOOGONG,DL,251.9
Ampol Adaminaby,ADAMINABY,DL,244.9
Ampol Adaminaby,ADAMINABY,P98,229.9
Ampol Adaminaby,ADAMINABY,U91,199.9
Ampol Alstonville,ALSTONVILLE,E10,199.9
Ampol Alstonville,ALSTONVILLE,P95,216.9
Ampol Alstonville,ALSTONVILLE,P98,224.9
Ampol Ashford,ASHFORD,DL,235.9
Ampol Ashford,ASHFORD,U91,196.9
Ampol Auburn,Auburn,DL,239.9
Ampol Auburn,Auburn,E10,194.9
Ampol Auburn,Auburn,P95,208.9
Ampol Auburn,Auburn,P98,218.9
Ampol Auburn,Auburn,U91,196.9
Ampol Banksmeadow Diesel Stop,BANKSMEADOW,DL,239.9
Ampol Barmedman Truck Stop,Barmedman,P95,199.9
Ampol Barmedman Truck Stop,Barmedman,U91,187.9
Ampol Barraba,BARRABA,DL,248.9
Ampol Barraba,BARRABA,P98,226.9
Ampol Barraba,BARRABA,U91,204.9
Ampol Bega,Bega,DL,243.9
Ampol Bega,Bega,P98,227.9
Ampol Bega,Bega,U91,205.9
Ampol Bega Depot,BEGA,DL,232.9
Ampol Bega Depot,BEGA,P98,223.9
Ampol Bega Depot,BEGA,U91,196.9
Ampol Beresfield North,Beresfield North,DL,236.5
Ampol Beresfield North,Beresfield North,P95,202.5
Ampol Beresfield North,Beresfield North,P98,210.5
Ampol Beresfield North,Beresfield North,U91,188.5
Ampol Berrigan,BERRIGAN,DL,237.9
Ampol Berrigan,BERRIGAN,P98,226.9
Ampol Berrigan,BERRIGAN,U91,199.9
Ampol Blayney,Blayney,DL,239.9
Ampol Blayney,Blayney,P95,212.9
Ampol Blayney,Blayney,U91,196.9
Ampol Bombala Depot,BOMBALA,DL,235.9
Ampol Bourke (Self-Serve),Bourke,U91,199.9
Ampol Breeze Bomaderry,Bomaderry,DL,232.9
Ampol Breeze Bomaderry,Bomaderry,E10,187.9
Ampol Breeze Bomaderry,Bomaderry,P95,206.9
Ampol Breeze Bomaderry,Bomaderry,P98,216.9
Ampol Breeze Bomaderry,Bomaderry,U91,189.9
Ampol Breeze Bombala,BOMBALA,DL,235.9
Ampol Breeze Bombala,BOMBALA,P98,218.9
Ampol Breeze Bombala,BOMBALA,U91,194.9
Ampol Breeze Gwynneville,Gwynneville,P98,220.9
Ampol Breeze Gwynneville,Gwynneville,U91,195.9
Ampol Breeze Moruya,MORUYA,DL,233.9
Ampol Breeze Moruya,MORUYA,P98,217.9
Ampol Breeze Moruya,MORUYA,U91,192.9
Ampol Breeze Port Kembla,Port Kembla,DL,231.9
Ampol Breeze Port Kembla,Port Kembla,P95,205.9
Ampol Breeze Shoalhaven Heads,Shoalhaven Heads,P95,205.9
Ampol Breeze Shoalhaven Heads,Shoalhaven Heads,P98,214.9
Ampol Breeze Shoalhaven Heads,Shoalhaven Heads,U91,189.9
Ampol Breeze South Nowra,SOUTH NOWRA,DL,231.9
Ampol Breeze South Nowra,SOUTH NOWRA,P95,208.9
Ampol Breeze South Nowra,SOUTH NOWRA,P98,218.9
Ampol Breeze South Nowra,SOUTH NOWRA,U91,189.9
Ampol Breeze Vincentia,Vincentia,P95,207.9
Ampol Breeze Vincentia,Vincentia,P98,215.9
Ampol Breeze Vincentia,Vincentia,U91,191.9
Ampol Broken Hill,BROKEN HILL,DL,247.9
Ampol Broken Hill,BROKEN HILL,U91,207.9
Ampol Broken Hill Patton St,BROKEN HILL,DL,246.9
Ampol Broken Hill Patton St,BROKEN HILL,P98,229.9
Ampol Broken Hill Patton St,BROKEN HILL,U91,202.9
Ampol Brunkerville,BRUNKERVILLE,P98,214.9
Ampol Brunkerville,BRUNKERVILLE,U91,191.9
Ampol Cameron Park,CAMERON PARK,DL,234.5
Ampol Cameron Park,CAMERON PARK,E10,199.5
Ampol Cameron Park,CAMERON PARK,P98,228.5
Ampol Cameron Park,CAMERON PARK,U91,201.5
Ampol Casino,Casino,DL,243.9
Ampol Casino,Casino,U91,197.9
Ampol Castlereagh,CASTLEREAGH,P95,205.9
Ampol Castlereagh,CASTLEREAGH,P98,214.9
Ampol Castlereagh,CASTLEREAGH,U91,187.9
Ampol Chittaway,CHITTAWAY BAY,DL,239.9
Ampol Chittaway,CHITTAWAY BAY,P98,224.9
Ampol Chittaway,CHITTAWAY BAY,U91,203.9
Ampol Cooma,COOMA,DL,242.9
Ampol Cooma,COOMA,P98,225.9
Ampol Cooma,COOMA,U91,203.9
Ampol Cooma Truck Stop Polo Flat,POLO FLAT,DL,236.9
Ampol Cooma Truck Stop Polo Flat,POLO FLAT,P98,220.9
Ampol Cooma Truck Stop Polo Flat,POLO FLAT,U91,197.9
Ampol Cowra,COWRA,E10,197.9
Ampol Cowra,COWRA,P98,222.9
Ampol Cowra,COWRA,U91,199.9
Ampol Denham Court,DENHAM COURT,DL,236.5
Ampol Denham Court,DENHAM COURT,E10,189.5
Ampol Denham Court,DENHAM COURT,P95,205.5
Ampol Denham Court,DENHAM COURT,P98,213.5
Ampol Denham Court,DENHAM COURT,U91,191.5
Ampol Deniliquin Cobb Highway,Deniliquin,DL,242.9
Ampol Deniliquin Cobb Highway,Deniliquin,P98,229.9
Ampol Deniliquin Cobb Highway,Deniliquin,U91,204.9
Ampol Deniliquin North Junction,Deniliquin,DL,242.9
Ampol Deniliquin North Junction,Deniliquin,P98,229.9
Ampol Deniliquin North Junction,Deniliquin,U91,204.9
Ampol Denman,DENMAN,DL,235.9
Ampol Denman,DENMAN,P98,223.9
Ampol Denman,DENMAN,U91,199.9
Ampol Dubbo North Diesel Stop,DUBBO NORTH,DL,246.9
Ampol Dunedoo,DUNEDOO,DL,234.9
Ampol Dunedoo,DUNEDOO,E10,197.9
Ampol Dunedoo,DUNEDOO,P98,229.9
Ampol Dunedoo,DUNEDOO,U91,199.9
Ampol Eastern Creek Diesel Stop,Eastern Creek,DL,240.9
Ampol Elermore Vale,Elermore Vale,P95,215.7
Ampol Elermore Vale,Elermore Vale,P98,224.7
Ampol Elermore Vale,Elermore Vale,U91,196.7
Ampol Fairy Meadow,FAIRY MEADOW,E10,199.9
Ampol Fairy Meadow,FAIRY MEADOW,P95,218.9
Ampol Fairy Meadow,FAIRY MEADOW,P98,228.9
Ampol Finley Diesel Stop,Finley,DL,242.9
Ampol Foodary Albion Park Rail,ALBION PARK RAIL,E10,195.9
Ampol Foodary Albion Park Rail,ALBION PARK RAIL,P95,214.9
Ampol Foodary Albion Park Rail,ALBION PARK RAIL,P98,224.9
Ampol Foodary Albion Park Rail,ALBION PARK RAIL,U91,197.9
Ampol Foodary Albury North,NORTH ALBURY,DL,239.9
Ampol Foodary Albury North,NORTH ALBURY,P98,229.9
Ampol Foodary Albury North,NORTH ALBURY,U91,202.9
Ampol Foodary Alexandria,ALEXANDRIA,E10,187.9
Ampol Foodary Alexandria,ALEXANDRIA,P95,207.9
Ampol Foodary Alexandria,ALEXANDRIA,P98,216.9
Ampol Foodary Alexandria,ALEXANDRIA,U91,189.9
Ampol Foodary Ambarvale,Ambarvale,E10,194.9
Ampol Foodary Ambarvale,Ambarvale,P95,214.9
Ampol Foodary Ambarvale,Ambarvale,P98,224.9
Ampol Foodary Ambarvale,Ambarvale,U91,196.9
Ampol Foodary Armidale,ARMIDALE,P95,209.5
Ampol Foodary Armidale,ARMIDALE,P98,225.9
Ampol Foodary Armidale,ARMIDALE,U91,198
Ampol Foodary Austral,AUSTRAL,DL,242.9
Ampol Foodary Austral,AUSTRAL,E10,194.9
Ampol Foodary Austral,AUSTRAL,P95,213.9
Ampol Foodary Austral,AUSTRAL,P98,223.9
Ampol Foodary Austral,AUSTRAL,U91,196.9
Ampol Foodary Banora Point West,BANORA POINT WEST,E10,199.9
Ampol Foodary Banora Point West,BANORA POINT WEST,P95,218.9
Ampol Foodary Banora Point West,BANORA POINT WEST,P98,228.9
Ampol Foodary Banora Point West,BANORA POINT WEST,U91,201.9
Ampol Foodary Barrack Heights,BARRACK HEIGHTS,E10,199.9
Ampol Foodary Barrack Heights,BARRACK HEIGHTS,P95,218.9
Ampol Foodary Barrack Heights,BARRACK HEIGHTS,P98,228.9
Ampol Foodary Barrack Heights,BARRACK HEIGHTS,U91,201.9
Ampol Foodary Batemans Bay,BATEMANS BAY,DL,245.9
Ampol Foodary Batemans Bay,BATEMANS BAY,E10,197.9
Ampol Foodary Batemans Bay,BATEMANS BAY,P95,216.9
Ampol Foodary Batemans Bay,BATEMANS BAY,P98,226.9
Ampol Foodary Batemans Bay,BATEMANS BAY,U91,199.9
Ampol Foodary Beacon Hill,BEACON HILL,E10,194.9
Ampol Foodary Beacon Hill,BEACON HILL,P95,213.9
Ampol Foodary Beacon Hill,BEACON HILL,P98,223.9
Ampol Foodary Beacon Hill,BEACON HILL,U91,196.9
Ampol Foodary Belmont North,BELMONT NORTH,E10,199.9
Ampol Foodary Belmont North,BELMONT NORTH,P95,218.9
Ampol Foodary Belmont North,BELMONT NORTH,P98,228.9
Ampol Foodary Belmont North,BELMONT NORTH,U91,201.9
Ampol Foodary Belrose,Belrose,E10,194.9
Ampol Foodary Belrose,Belrose,P95,213.9
Ampol Foodary Belrose,Belrose,P98,223.9
Ampol Foodary Belrose,Belrose,U91,196.9
Ampol Foodary Berowra,BEROWRA,P95,216.9
Ampol Foodary Berowra,BEROWRA,P98,226.9
Ampol Foodary Berowra,BEROWRA,U91,199.9
Ampol Foodary Bomaderry,Bomaderry,E10,196.9
Ampol Foodary Bomaderry,Bomaderry,P95,215.9
Ampol Foodary Bomaderry,Bomaderry,P98,225.9
Ampol Foodary Bomaderry,Bomaderry,U91,198.9
Ampol Foodary Bondi North,NORTH BONDI,E10,194.9
Ampol Foodary Bondi North,NORTH BONDI,P95,213.9
Ampol Foodary Bondi North,NORTH BONDI,P98,223.9
Ampol Foodary Bondi North,NORTH BONDI,U91,196.9
Ampol Foodary Braddon,BRADDON,E10,204.9
Ampol Foodary Braddon,BRADDON,P95,223.9
Ampol Foodary Braddon,BRADDON,P98,233.9
Ampol Foodary Braddon,BRADDON,U91,206.9
Ampol Foodary Broken Hill,BROKEN HILL,P95,226.9
Ampol Foodary Broken Hill,BROKEN HILL,P98,236.9
Ampol Foodary Broken Hill,BROKEN HILL,U91,209.9
Ampol Foodary Brookvale,BROOKVALE,E10,194.9
Ampol Foodary Brookvale,BROOKVALE,P95,213.9
Ampol Foodary Brookvale,BROOKVALE,P98,223.9
Ampol Foodary Brookvale,BROOKVALE,U91,196.9
Ampol Foodary Brownsville,BROWNSVILLE,E10,195.9
Ampol Foodary Brownsville,BROWNSVILLE,P95,214.9
Ampol Foodary Brownsville,BROWNSVILLE,P98,224.9
Ampol Foodary Brownsville,BROWNSVILLE,U91,197.9
Ampol Foodary Brunswick Heads R/H,BRUNSWICK HEADS,E10,204.9
Ampol Foodary Brunswick Heads R/H,BRUNSWICK HEADS,P95,223.9
Ampol Foodary Brunswick Heads R/H,BRUNSWICK HEADS,P98,233.9
Ampol Foodary Brunswick Heads R/H,BRUNSWICK HEADS,U91,206.9
Ampol Foodary Cabramatta,CABRAMATTA,E10,195.9
Ampol Foodary Cabramatta,CABRAMATTA,P98,224.9
Ampol Foodary Cabramatta,CABRAMATTA,U91,197.9
Ampol Foodary Calwell,Calwell,P95,222.9
Ampol Foodary Calwell,Calwell,P98,232.9
Ampol Foodary Calwell,Calwell,U91,205.9
Ampol Foodary Cambridge Park,CAMBRIDGE PARK,P95,213.9
Ampol Foodary Cambridge Park,CAMBRIDGE PARK,U91,196.9
Ampol Foodary Camden,CAMDEN,DL,241.9
Ampol Foodary Camden,CAMDEN,E10,194.9
Ampol Foodary Camden,CAMDEN,P95,213.9
Ampol Foodary Camden,CAMDEN,P98,223.9
Ampol Foodary Canberra Airport (Pialligo),CANBERRA AIRPORT,P95,223.9
Ampol Foodary Canberra Airport (Pialligo),CANBERRA AIRPORT,P98,233.9
Ampol Foodary Canberra Airport (Pialligo),CANBERRA AIRPORT,U91,206.9
Ampol Foodary Carlingford,CARLINGFORD,E10,194.9
Ampol Foodary Carlingford,CARLINGFORD,P95,213.9
Ampol Foodary Carlingford,CARLINGFORD,P98,223.9
Ampol Foodary Carlingford,CARLINGFORD,U91,196.9
Ampol Foodary Casino Centre St,CASINO,E10,196.9
Ampol Foodary Casino Centre St,CASINO,P98,225.9
Ampol Foodary Casino Centre St,CASINO,U91,198.9
Ampol Foodary Charlestown,CHARLESTOWN,E10,202.9
Ampol Foodary Charlestown,CHARLESTOWN,P95,221.9
Ampol Foodary Charlestown,CHARLESTOWN,P98,231.9
Ampol Foodary Charlestown,CHARLESTOWN,U91,204.9
Ampol Foodary Charmhaven,CHARMHAVEN,E10,200.9
Ampol Foodary Charmhaven,CHARMHAVEN,P95,219.9
Ampol Foodary Charmhaven,CHARMHAVEN,P98,229.9
Ampol Foodary Charmhaven,CHARMHAVEN,U91,202.9
Ampol Foodary Chatswood,Chatswood,E10,194.9
Ampol Foodary Chatswood,Chatswood,P95,213.9
Ampol Foodary Chatswood,Chatswood,P98,223.9
Ampol Foodary Chatswood,Chatswood,U91,196.9
Ampol Foodary Cherrybrook,CHERRYBROOK,E10,194.9
Ampol Foodary Cherrybrook,CHERRYBROOK,P95,213.9
Ampol Foodary Cherrybrook,CHERRYBROOK,P98,223.9
Ampol Foodary Cherrybrook,CHERRYBROOK,U91,196.9
Ampol Foodary Chinderah,CHINDERAH,DL,243.9
Ampol Foodary Chinderah,CHINDERAH,E10,203.9
Ampol Foodary Chinderah,CHINDERAH,P95,222.9
Ampol Foodary Chinderah,CHINDERAH,P98,232.9
Ampol Foodary Chinderah,CHINDERAH,U91,205.9
Ampol Foodary Cobar,COBAR,DL,251.9
Ampol Foodary Cobar,COBAR,P95,226.9
Ampol Foodary Cobar,COBAR,P98,236.9
Ampol Foodary Cobar,COBAR,U91,209.9
Ampol Foodary Coffs Harbour,Coffs Harbour,DL,246.9
Ampol Foodary Coffs Harbour,Coffs Harbour,E10,203.9
Ampol Foodary Coffs Harbour,Coffs Harbour,P95,222.9
Ampol Foodary Coffs Harbour,Coffs Harbour,P98,232.9
Ampol Foodary Coffs Harbour,Coffs Harbour,U91,205.9
Ampol Foodary Coffs Harbour Halls Rd,Coffs Harbour,E10,203.9
Ampol Foodary Coffs Harbour Halls Rd,Coffs Harbour,P95,222.9
Ampol Foodary Coffs Harbour Halls Rd,Coffs Harbour,P98,232.9
Ampol Foodary Coffs Harbour Halls Rd,Coffs Harbour,U91,205.9
Ampol Foodary Concord,CONCORD,E10,187.9
Ampol Foodary Concord,CONCORD,P95,207.9
Ampol Foodary Concord,CONCORD,P98,216.9
Ampol Foodary Concord,CONCORD,U91,189.9
Ampol Foodary Coogee,COOGEE,E10,194.9
Ampol Foodary Coogee,COOGEE,P95,213.9
Ampol Foodary Coogee,COOGEE,P98,223.9
Ampol Foodary Coogee,COOGEE,U91,196.9
Ampol Foodary Coogee South,SOUTH COOGEE,E10,194.9
Ampol Foodary Coogee South,SOUTH COOGEE,P95,213.9
Ampol Foodary Coogee South,SOUTH COOGEE,P98,223.9
Ampol Foodary Coogee South,SOUTH COOGEE,U91,196.9
Ampol Foodary Coolongolook,Coolongolook,U91,189.9
Ampol Foodary Coonabarabran,COONABARABRAN,E10,205.9
Ampol Foodary Coonabarabran,COONABARABRAN,P95,224.9
Ampol Foodary Crows Nest,CROWS NEST,E10,194.9
Ampol Foodary Crows Nest,CROWS NEST,P95,213.9
Ampol Foodary Crows Nest,CROWS NEST,P98,223.9
Ampol Foodary Crows Nest,CROWS NEST,U91,196.9
Ampol Foodary Croydon,CROYDON,E10,185.9
Ampol Foodary Croydon,CROYDON,P95,204.9
Ampol Foodary Croydon,CROYDON,P98,214.9
Ampol Foodary Croydon,CROYDON,U91,187.9
Ampol Foodary Dawson River,CUNDLETOWN,E10,192.9
Ampol Foodary Dawson River,CUNDLETOWN,P95,211.9
Ampol Foodary Dawson River,CUNDLETOWN,P98,221.9
Ampol Foodary Dawson River,CUNDLETOWN,U91,194.9
Ampol Foodary Dee Why,DEE WHY,E10,194.9
Ampol Foodary Dee Why,DEE WHY,P95,213.9
Ampol Foodary Dee Why,DEE WHY,P98,223.9
Ampol Foodary Dee Why,DEE WHY,U91,196.9
Ampol Foodary Dubbo,DUBBO,E10,203.9
Ampol Foodary Dubbo,DUBBO,P95,222.9
Ampol Foodary Dubbo,DUBBO,P98,232.9
Ampol Foodary Dubbo,DUBBO,U91,205.9
Ampol Foodary Dubbo Dulhunty,DUBBO,E10,203.9
Ampol Foodary Dubbo Dulhunty,DUBBO,P95,222.9
Ampol Foodary Dubbo Talmac,DUBBO,P98,232.9
Ampol Foodary Dubbo Talmac,DUBBO,U91,205.9
Ampol Foodary Dural,DURAL,E10,194.9
Ampol Foodary Dural,DURAL,P95,213.9
Ampol Foodary Dural,DURAL,P98,223.9
Ampol Foodary Dural,DURAL,U91,196.9
Ampol Foodary Eastern Creek Eastbound,Eastern Creek,DL,241.9
Ampol Foodary Eastern Creek Eastbound,Eastern Creek,E10,194.9
Ampol Foodary Eastern Creek Eastbound,Eastern Creek,P95,213.9
Ampol Foodary Eastern Creek Eastbound,Eastern Creek,P98,223.9
Ampol Foodary Eastern Creek Eastbound,Eastern Creek,U91,196.9
Ampol Foodary Eastern Creek Westbound,EASTERN CREEK,DL,241.9
Ampol Foodary Eastern Creek Westbound,EASTERN CREEK,E10,194.9
Ampol Foodary Eastern Creek Westbound,EASTERN CREEK,P95,213.9
Ampol Foodary Eastern Creek Westbound,EASTERN CREEK,P98,223.9
Ampol Foodary Eastern Creek Westbound,EASTERN CREEK,U91,196.9
Ampol Foodary Eden,EDEN,E10,206.9
Ampol Foodary Eden,EDEN,P95,225.9
Ampol Foodary Eden,EDEN,P98,235.9
Ampol Foodary Eden,EDEN,U91,208.9
Ampol Foodary Edgeworth,EDGEWORTH,E10,199.9
Ampol Foodary Edgeworth,EDGEWORTH,P95,218.9
Ampol Foodary Edmondson Park,EDMONDSON PARK,DL,241.9
Ampol Foodary Edmondson Park,EDMONDSON PARK,E10,191.9
Ampol Foodary Edmondson Park,EDMONDSON PARK,P95,209.9
Ampol Foodary Edmondson Park,EDMONDSON PARK,P98,218.9
Ampol Foodary Edmondson Park,EDMONDSON PARK,U91,193.9
Ampol Foodary Erina,ERINA,E10,203.9
Ampol Foodary Erina,ERINA,P95,222.9
Ampol Foodary Erina,ERINA,P98,232.9
Ampol Foodary Erina,ERINA,U91,205.9
Ampol Foodary Ermington,ERMINGTON,E10,195.9
Ampol Foodary Ermington,ERMINGTON,P95,215.9
Ampol Foodary Ermington,ERMINGTON,P98,224.9
Ampol Foodary Ermington,ERMINGTON,U91,197.9
Ampol Foodary Five Dock,FIVE DOCK,E10,194.9
Ampol Foodary Five Dock,FIVE DOCK,P95,213.9
Ampol Foodary Five Dock,FIVE DOCK,P98,223.9
Ampol Foodary Five Dock,FIVE DOCK,U91,196.9
Ampol Foodary Forbes,FORBES,DL,243.9
Ampol Foodary Forbes,FORBES,E10,208.9
Ampol Foodary Forbes,FORBES,P95,227.9
Ampol Foodary Forbes,FORBES,P98,237.9
Ampol Foodary Forbes,FORBES,U91,210.9
Ampol Foodary Forresters Beach,FORRESTERS BEACH,E10,200.8
Ampol Foodary Forresters Beach,FORRESTERS BEACH,P95,219.8
Ampol Foodary Forresters Beach,FORRESTERS BEACH,P98,229.8
Ampol Foodary Forresters Beach,FORRESTERS BEACH,U91,202.8
Ampol Foodary Forster,FORSTER,E10,205.9
Ampol Foodary Forster,FORSTER,P95,224.9
Ampol Foodary Forster,FORSTER,P98,234.9
Ampol Foodary Forster,FORSTER,U91,207.9
Ampol Foodary Gilgandra,GILGANDRA,DL,246.9
Ampol Foodary Gilgandra,GILGANDRA,E10,206.9
Ampol Foodary Gilgandra,GILGANDRA,P95,225.9
Ampol Foodary Gilgandra,GILGANDRA,P98,235.9
Ampol Foodary Glenbrook,Glenbrook,E10,195.9
Ampol Foodary Glenbrook,Glenbrook,P95,214.9
Ampol Foodary Glenbrook,Glenbrook,P98,224.9
Ampol Foodary Glenbrook,Glenbrook,U91,197.9
Ampol Foodary Gosford West,WEST GOSFORD,E10,199.9
Ampol Foodary Gosford West,WEST GOSFORD,P95,218.9
Ampol Foodary Gosford West,WEST GOSFORD,P98,228.9
Ampol Foodary Gosford West,WEST GOSFORD,U91,201.9
Ampol Foodary Gosford West (East Bound),Gosford West,E10,195.9
Ampol Foodary Gosford West (East Bound),Gosford West,P95,214.9
Ampol Foodary Gosford West (East Bound),Gosford West,P98,224.9
Ampol Foodary Gosford West (East Bound),Gosford West,U91,197.9
Ampol Foodary Gosford West (West Bound),Gosford West,E10,195.9
Ampol Foodary Gosford West (West Bound),Gosford West,P95,214.9
Ampol Foodary Gosford West (West Bound),Gosford West,P98,224.9
Ampol Foodary Gosford West (West Bound),Gosford West,U91,197.9
Ampol Foodary Goulburn,GOULBURN,E10,195.9
Ampol Foodary Goulburn,GOULBURN,P95,215.9
Ampol Foodary Goulburn,GOULBURN,P98,224.9
Ampol Foodary Goulburn,GOULBURN,U91,197.9
Ampol Foodary Grafton,GRAFTON,E10,204.9
Ampol Foodary Grafton,GRAFTON,P95,223.9
Ampol Foodary Grafton,GRAFTON,P98,233.9
Ampol Foodary Grafton,GRAFTON,U91,206.9
Ampol Foodary Granville,GRANVILLE,E10,194.9
Ampol Foodary Granville,GRANVILLE,P95,213.9
Ampol Foodary Granville,GRANVILLE,P98,223.9
Ampol Foodary Granville,GRANVILLE,U91,196.9
Ampol Foodary Greenacre,GREENACRE,DL,235.9
Ampol Foodary Greenacre,GREENACRE,P98,216.9
Ampol Foodary Greenacre,GREENACRE,U91,189.9
Ampol Foodary Gregory Hills,GREGORY HILLS,E10,195.9
Ampol Foodary Gregory Hills,GREGORY HILLS,P95,214.9
Ampol Foodary Gregory Hills,GREGORY HILLS,P98,224.9
Ampol Foodary Gregory Hills,GREGORY HILLS,U91,197.9
Ampol Foodary Guildford,OLD GUILDFORD,E10,194.9
Ampol Foodary Guildford,OLD GUILDFORD,P95,213.9
Ampol Foodary Guildford,OLD GUILDFORD,P98,223.9
Ampol Foodary Guildford,OLD GUILDFORD,U91,196.9
Ampol Foodary Gumly Gumly,GUMLY GUMLY,DL,246.9
Ampol Foodary Gumly Gumly,GUMLY GUMLY,E10,203.9
Ampol Foodary Gumly Gumly,GUMLY GUMLY,P95,222.9
Ampol Foodary Gumly Gumly,GUMLY GUMLY,P98,232.9
Ampol Foodary Gumly Gumly,GUMLY GUMLY,U91,205.9
Ampol Foodary Gunnedah,GUNNEDAH,E10,200.9
Ampol Foodary Gunnedah,GUNNEDAH,P95,219.9
Ampol Foodary Gunnedah,GUNNEDAH,P98,229.9
Ampol Foodary Halfway Creek,HALFWAY CREEK,DL,246.9
Ampol Foodary Halfway Creek,HALFWAY CREEK,E10,202.9
Ampol Foodary Halfway Creek,HALFWAY CREEK,P95,221.9
Ampol Foodary Halfway Creek,HALFWAY CREEK,P98,231.9
Ampol Foodary Halfway Creek,HALFWAY CREEK,U91,204.9
Ampol Foodary Hamilton,HAMILTON,E10,199.9
Ampol Foodary Hamilton,HAMILTON,P95,218.9
Ampol Foodary Hamilton,HAMILTON,P98,226.9
Ampol Foodary Hamilton,HAMILTON,U91,201.9
Ampol Foodary Hazelbrook,HAZELBROOK,E10,194.9
Ampol Foodary Hazelbrook,HAZELBROOK,P95,213.9
Ampol Foodary Hazelbrook,HAZELBROOK,U91,196.9
Ampol Foodary Heathcote Nb,Heathcote,E10,194.9
Ampol Foodary Heathcote Nb,Heathcote,P95,213.9
Ampol Foodary Heathcote Nb,Heathcote,P98,223.9
Ampol Foodary Heathcote Nb,Heathcote,U91,196.9
Ampol Foodary Heathcote Southbound,HEATHCOTE,E10,194.9
Ampol Foodary Heathcote Southbound,HEATHCOTE,P95,213.9
Ampol Foodary Heathcote Southbound,HEATHCOTE,P98,223.9
Ampol Foodary Heathcote Southbound,HEATHCOTE,U91,196.9
Ampol Foodary Holbrook,HOLBROOK,DL,243.9
Ampol Foodary Holbrook,HOLBROOK,P95,225.9
Ampol Foodary Holbrook,HOLBROOK,P98,235.9
Ampol Foodary Holbrook,HOLBROOK,U91,208.9
Ampol Foodary Homebush,HOMEBUSH WEST,E10,194.9
Ampol Foodary Homebush,HOMEBUSH WEST,P98,223.9
Ampol Foodary Homebush,HOMEBUSH WEST,U91,196.9
Ampol Foodary Jindabyne,Jindabyne,P95,227.9
Ampol Foodary Jindabyne,Jindabyne,P98,237.9
Ampol Foodary Jindabyne,Jindabyne,U91,210.9
Ampol Foodary Kaleen,KALEEN,E10,204.9
Ampol Foodary Kaleen,KALEEN,P95,223.9
Ampol Foodary Kaleen,KALEEN,P98,233.9
Ampol Foodary Kaleen,KALEEN,U91,206.9
Ampol Foodary Kambah,KAMBAH,E10,204.9
Ampol Foodary Kambah,KAMBAH,P95,223.9
Ampol Foodary Kambah,KAMBAH,P98,233.9
Ampol Foodary Kambah,KAMBAH,U91,206.9
Ampol Foodary Kariong,KARIONG,E10,191.9
Ampol Foodary Kariong,KARIONG,P98,220.9
Ampol Foodary Kellyville,KELLYVILLE,E10,195.9
Ampol Foodary Kellyville,KELLYVILLE,P95,214.9
Ampol Foodary Kellyville,KELLYVILLE,P98,224.9
Ampol Foodary Kellyville,KELLYVILLE,U91,197.9
Ampol Foodary Kemps Creek,KEMPS CREEK,DL,238.9
Ampol Foodary Kemps Creek,KEMPS CREEK,E10,194.9
Ampol Foodary Kemps Creek,KEMPS CREEK,P98,223.9
Ampol Foodary Kemps Creek,KEMPS CREEK,U91,196.9
Ampol Foodary Kempsey South,SOUTH KEMPSEY,E10,201.9
Ampol Foodary Kempsey South,SOUTH KEMPSEY,P95,220.9
Ampol Foodary Kempsey South,SOUTH KEMPSEY,P98,230.9
Ampol Foodary Kempsey South,SOUTH KEMPSEY,U91,203.9
Ampol Foodary Kensington,KENSINGTON,E10,185.9
Ampol Foodary Kensington,KENSINGTON,P95,213.9
Ampol Foodary Kensington,KENSINGTON,P98,214.9
Ampol Foodary Kensington,KENSINGTON,U91,187.9
Ampol Foodary Kingsford,KINGSFORD,E10,194.9
Ampol Foodary Kingsford,KINGSFORD,P95,213.9
Ampol Foodary Kingsford,KINGSFORD,P98,223.9
Ampol Foodary Kingsford,KINGSFORD,U91,196.9
Ampol Foodary Kingsgrove,KINGSGROVE,E10,190.9
Ampol Foodary Kingsgrove,KINGSGROVE,P95,211.4
Ampol Foodary Kingsgrove,KINGSGROVE,P98,218.9
Ampol Foodary Kingsgrove,KINGSGROVE,U91,192.9
Ampol Foodary Kippax-Holt,Holt,E10,203.9
Ampol Foodary Kippax-Holt,Holt,P95,222.9
Ampol Foodary Kippax-Holt,Holt,P98,232.9
Ampol Foodary Kippax-Holt,Holt,U91,205.9
Ampol Foodary Kirrawee,Kirrawee,P95,211.9
Ampol Foodary Kirrawee,Kirrawee,P98,220.9
Ampol Foodary Kirrawee,Kirrawee,U91,193.9
Ampol Foodary Kooringal,KOORINGAL,E10,197.9
Ampol Foodary Kooringal,KOORINGAL,P95,216.9
Ampol Foodary Kooringal,KOORINGAL,P98,226.9
Ampol Foodary Kooringal,KOORINGAL,U91,199.9
Ampol Foodary Kyogle,KYOGLE,P95,232.9
Ampol Foodary Kyogle,KYOGLE,P98,242.9
Ampol Foodary Kyogle,KYOGLE,U91,215.9
Ampol Foodary Lake Haven,LAKE HAVEN,E10,200.9
Ampol Foodary Lake Haven,LAKE HAVEN,P95,219.9
Ampol Foodary Lake Haven,LAKE HAVEN,P98,229.9
Ampol Foodary Lake Haven,LAKE HAVEN,U91,202.9
Ampol Foodary Lakemba,LAKEMBA,E10,194.9
Ampol Foodary Lakemba,LAKEMBA,P95,214.9
Ampol Foodary Lakemba,LAKEMBA,P98,223.9
Ampol Foodary Lakemba,LAKEMBA,U91,196.9
Ampol Foodary Lambton,NORTH LAMBTON,E10,202.9
Ampol Foodary Lambton,NORTH LAMBTON,P95,221.9
Ampol Foodary Lambton,NORTH LAMBTON,P98,231.9
Ampol Foodary Lambton,NORTH LAMBTON,U91,204.9
Ampol Foodary Lane Cove West,LANE COVE WEST,E10,191.5
Ampol Foodary Lane Cove West,LANE COVE WEST,P95,211.4
Ampol Foodary Lane Cove West,LANE COVE WEST,P98,220.5
Ampol Foodary Lane Cove West,LANE COVE WEST,U91,193.5
Ampol Foodary Lansvale,LANSVALE,E10,195.9
Ampol Foodary Lansvale,LANSVALE,P95,214.9
Ampol Foodary Lansvale,LANSVALE,P98,223.9
Ampol Foodary Lansvale,LANSVALE,U91,197.9
Ampol Foodary Lavington,Lavington,P95,191.9
Ampol Foodary Lavington,Lavington,P98,205.9
Ampol Foodary Lavington,Lavington,U91,179.9
Ampol Foodary Leppington,LEPPINGTON,DL,243.9
Ampol Foodary Leppington,LEPPINGTON,E10,194.9
Ampol Foodary Leppington,LEPPINGTON,P95,213.9
Ampol Foodary Leppington,LEPPINGTON,P98,223.9
Ampol Foodary Leppington,LEPPINGTON,U91,196.9
Ampol Foodary Leumeah,LEUMEAH,E10,194.9
Ampol Foodary Leumeah,LEUMEAH,P95,213.9
Ampol Foodary Leumeah,LEUMEAH,P98,223.9
Ampol Foodary Leumeah,LEUMEAH,U91,196.9
Ampol Foodary Lightning Ridge,LIGHTNING RIDGE,P95,236.9
Ampol Foodary Lightning Ridge,LIGHTNING RIDGE,U91,219.9
Ampol Foodary Lilli Pilli,LILLI PILLI,E10,194.9
Ampol Foodary Lilli Pilli,LILLI PILLI,P95,213.9
Ampol Foodary Lilli Pilli,LILLI PILLI,P98,223.9
Ampol Foodary Lilli Pilli,LILLI PILLI,U91,196.9
Ampol Foodary Lismore,LISMORE,E10,201.9
Ampol Foodary Lismore,LISMORE,P95,220.9
Ampol Foodary Lismore,LISMORE,P98,230.9
Ampol Foodary Lismore,LISMORE,U91,203.9
Ampol Foodary Lismore Airport,SOUTH LISMORE,DL,245.9
Ampol Foodary Lismore Airport,SOUTH LISMORE,E10,201.9
Ampol Foodary Lismore Airport,SOUTH LISMORE,P98,230.9
Ampol Foodary Lismore Airport,SOUTH LISMORE,U91,203.9
Ampol Foodary Luddenham,LUDDENHAM,E10,200.9
Ampol Foodary Luddenham,LUDDENHAM,P95,211.9
Ampol Foodary Luddenham,LUDDENHAM,P98,222.9
Ampol Foodary Luddenham,LUDDENHAM,U91,202.9
Ampol Foodary Macksville,MACKSVILLE,DL,249.9
Ampol Foodary Macksville,MACKSVILLE,E10,209.9
Ampol Foodary Macksville,MACKSVILLE,P95,228.9
Ampol Foodary Manly,MANLY,E10,194.9
Ampol Foodary Manly,MANLY,P95,213.9
Ampol Foodary Manly,MANLY,P98,223.9
Ampol Foodary Manly,MANLY,U91,196.9
Ampol Foodary Manly Vale,MANLY VALE,E10,194.9
Ampol Foodary Manly Vale,MANLY VALE,P95,213.9
Ampol Foodary Manly Vale,MANLY VALE,P98,223.9
Ampol Foodary Marsden Park,MARSDEN PARK,DL,239.9
Ampol Foodary Marsden Park,MARSDEN PARK,E10,191.9
Ampol Foodary Marsden Park,MARSDEN PARK,P95,210.9
Ampol Foodary Marsden Park,MARSDEN PARK,P98,220.9
Ampol Foodary Marsden Park,MARSDEN PARK,U91,193.9
Ampol Foodary Maryland,WALLSEND,E10,202.9
Ampol Foodary Maryland,WALLSEND,P95,221.9
Ampol Foodary Maryland,WALLSEND,P98,231.9
Ampol Foodary Maryland,WALLSEND,U91,204.9
Ampol Foodary Mcdougalls Hill,McDougalls Hill,DL,243.9
Ampol Foodary Mcdougalls Hill,McDougalls Hill,E10,198.9
Ampol Foodary Mcdougalls Hill,McDougalls Hill,P95,217.9
Ampol Foodary Mcdougalls Hill,McDougalls Hill,P98,227.9
Ampol Foodary Mcdougalls Hill,McDougalls Hill,U91,200.9
Ampol Foodary Menai,Menai,E10,193.9
Ampol Foodary Menai,Menai,P95,205.9
Ampol Foodary Menai,Menai,P98,222.9
Ampol Foodary Merimbula,MERIMBULA,E10,207.9
Ampol Foodary Merimbula,MERIMBULA,P95,226.9
Ampol Foodary Merimbula,MERIMBULA,P98,236.9
Ampol Foodary Merimbula,MERIMBULA,U91,209.9
Ampol Foodary Merrylands,MERRYLANDS,E10,191.9
Ampol Foodary Merrylands,MERRYLANDS,P95,211.9
Ampol Foodary Merrylands,MERRYLANDS,P98,220.9
Ampol Foodary Merrylands,MERRYLANDS,U91,193.9
Ampol Foodary Miller,MILLER,E10,194.9
Ampol Foodary Miller,MILLER,P98,223.9
Ampol Foodary Miller,MILLER,U91,196.9
Ampol Foodary Moama,MOAMA,DL,242.9
Ampol Foodary Moama,MOAMA,P98,226.9
Ampol Foodary Moama,MOAMA,U91,199.9
Ampol Foodary Moonbi,MOONBI,DL,243.9
Ampol Foodary Moonbi,MOONBI,E10,204.9
Ampol Foodary Moonbi,MOONBI,P95,223.9
Ampol Foodary Moorebank,MOOREBANK,DL,237.9
Ampol Foodary Moorebank,MOOREBANK,E10,194.9
Ampol Foodary Moorebank,MOOREBANK,P95,213.9
Ampol Foodary Moorebank,MOOREBANK,P98,223.9
Ampol Foodary Moorebank,MOOREBANK,U91,196.9
Ampol Foodary Moree,MOREE,E10,202.9
Ampol Foodary Moree,MOREE,P95,221.9
Ampol Foodary Moree,MOREE,P98,231.9
Ampol Foodary Moree,MOREE,U91,204.9
Ampol Foodary Morisset,MORISSET,E10,189.9
Ampol Foodary Morisset,MORISSET,P98,218.9
Ampol Foodary Morisset,MORISSET,U91,191.9
Ampol Foodary Mt Victoria,MOUNT VICTORIA,E10,205.9
Ampol Foodary Mt Victoria,MOUNT VICTORIA,P95,224.9
Ampol Foodary Mt Victoria,MOUNT VICTORIA,P98,234.9
Ampol Foodary Mudgee,MUDGEE,E10,202.9
Ampol Foodary Mudgee,MUDGEE,P95,221.9
Ampol Foodary Mudgee,MUDGEE,P98,231.9
Ampol Foodary Mudgee,MUDGEE,U91,204.9
Ampol Foodary Murwillumbah,SOUTH MURWILLUMBAH,E10,207.9
Ampol Foodary Murwillumbah,SOUTH MURWILLUMBAH,P95,226.9
Ampol Foodary Murwillumbah,SOUTH MURWILLUMBAH,P98,236.9
Ampol Foodary Muswellbrook,MUSWELLBROOK,E10,187.2
Ampol Foodary Muswellbrook,MUSWELLBROOK,P95,206.2
Ampol Foodary Muswellbrook,MUSWELLBROOK,P98,216.2
Ampol Foodary Muswellbrook,MUSWELLBROOK,U91,189.2
Ampol Foodary Nabiac,NABIAC,E10,199.9
Ampol Foodary Nabiac,NABIAC,P95,218.9
Ampol Foodary Nabiac,NABIAC,P98,228.9
Ampol Foodary Nabiac,NABIAC,U91,201.9
Ampol Foodary Narellan,NARELLAN,E10,194.9
Ampol Foodary Narellan,NARELLAN,P95,213.9
Ampol Foodary Narellan,NARELLAN,P98,223.9
Ampol Foodary Narellan,NARELLAN,U91,196.9
Ampol Foodary Narrabeen,NORTH NARRABEEN,E10,194.9
Ampol Foodary Narrabeen,NORTH NARRABEEN,P95,213.9
Ampol Foodary Narrabeen,NORTH NARRABEEN,P98,223.9
Ampol Foodary Narrabeen,NORTH NARRABEEN,U91,196.9
Ampol Foodary Narrabri,NARRABRI,E10,204.9
Ampol Foodary Narrabri,NARRABRI,P95,223.9
Ampol Foodary Narrabri,NARRABRI,P98,233.9
Ampol Foodary Narrabri,NARRABRI,U91,206.9
Ampol Foodary Neutral Bay,Neutral Bay,E10,194.9
Ampol Foodary Neutral Bay,Neutral Bay,P95,210.9
Ampol Foodary Neutral Bay,Neutral Bay,P98,218.9
Ampol Foodary Neutral Bay,Neutral Bay,U91,196.9
Ampol Foodary New Lambton,NEW LAMBTON,E10,202.9
Ampol Foodary New Lambton,NEW LAMBTON,P95,221.9
Ampol Foodary New Lambton,NEW LAMBTON,P98,231.9
Ampol Foodary New Lambton,NEW LAMBTON,U91,204.9
Ampol Foodary Nicholls,Nicholls,E10,202.9
Ampol Foodary Nicholls,Nicholls,P95,221.9
Ampol Foodary Nicholls,Nicholls,P98,231.9
Ampol Foodary Nicholls,Nicholls,U91,204.9
Ampol Foodary North Richmond,NORTH RICHMOND,E10,194.9
Ampol Foodary North Richmond,NORTH RICHMOND,P95,213.9
Ampol Foodary North Richmond,NORTH RICHMOND,P98,223.9
Ampol Foodary North Richmond,NORTH RICHMOND,U91,196.9
Ampol Foodary North Ryde,North Ryde,E10,194.9
Ampol Foodary North Ryde,North Ryde,P95,213.9
Ampol Foodary North Ryde,North Ryde,P98,223.9
Ampol Foodary North Ryde,North Ryde,U91,196.9
Ampol Foodary Northend Wagga Wagga,WAGGA WAGGA,E10,187.9
Ampol Foodary Northend Wagga Wagga,WAGGA WAGGA,P95,201.9
Ampol Foodary Northend Wagga Wagga,WAGGA WAGGA,P98,208.9
Ampol Foodary Northend Wagga Wagga,WAGGA WAGGA,U91,189.9
Ampol Foodary Northmead,Northmead,E10,194.9
Ampol Foodary Northmead,Northmead,P95,213.9
Ampol Foodary Northmead,Northmead,P98,223.9
Ampol Foodary Northmead,Northmead,U91,196.9
Ampol Foodary Nowra South,South Nowra,E10,187.9
Ampol Foodary Nowra South,South Nowra,P95,209.9
Ampol Foodary Nowra South,South Nowra,P98,218.9
Ampol Foodary Nowra South,South Nowra,U91,189.9
Ampol Foodary Padstow,Padstow,E10,187.9
Ampol Foodary Padstow,Padstow,P95,207.9
Ampol Foodary Padstow,Padstow,P98,215.9
Ampol Foodary Padstow,Padstow,U91,189.9
Ampol Foodary Pendle Hill,Pendle Hill,P95,216.9
Ampol Foodary Pendle Hill,Pendle Hill,P98,226.9
Ampol Foodary Pendle Hill,Pendle Hill,U91,199.9
Ampol Foodary Penrith,PENRITH,E10,194.9
Ampol Foodary Penrith,PENRITH,P95,213.9
Ampol Foodary Penrith,PENRITH,P98,223.9
Ampol Foodary Penrith,PENRITH,U91,196.9
Ampol Foodary Penrith,Penrith,DL,246.9
Ampol Foodary Penrith,Penrith,E10,194.9
Ampol Foodary Penrith,Penrith,P95,213.9
Ampol Foodary Penrith,Penrith,P98,223.9
Ampol Foodary Penrith,Penrith,U91,196.9
Ampol Foodary Pheasants Nest Northbound,Pheasants Nest,DL,241.9
Ampol Foodary Pheasants Nest Northbound,Pheasants Nest,E10,202.9
Ampol Foodary Pheasants Nest Northbound,Pheasants Nest,P95,221.9
Ampol Foodary Pheasants Nest Northbound,Pheasants Nest,P98,231.9
Ampol Foodary Pheasants Nest Northbound,Pheasants Nest,U91,204.9
Ampol Foodary Pheasants Nest South Bound,Pheasants Nest,DL,241.9
Ampol Foodary Pheasants Nest South Bound,Pheasants Nest,E10,202.9
Ampol Foodary Pheasants Nest South Bound,Pheasants Nest,P95,221.9
Ampol Foodary Pheasants Nest South Bound,Pheasants Nest,P98,231.9
Ampol Foodary Pheasants Nest South Bound,Pheasants Nest,U91,204.9
Ampol Foodary Port Macquarie,PORT MACQUARIE,E10,205.9
Ampol Foodary Port Macquarie,PORT MACQUARIE,P95,224.9
Ampol Foodary Port Macquarie,PORT MACQUARIE,P98,234.9
Ampol Foodary Port Macquarie,PORT MACQUARIE,U91,207.9
Ampol Foodary Punchbowl,PUNCHBOWL,E10,194.9
Ampol Foodary Punchbowl,PUNCHBOWL,P95,213.9
Ampol Foodary Punchbowl,PUNCHBOWL,P98,223.9
Ampol Foodary Punchbowl,PUNCHBOWL,U91,196.9
Ampol Foodary Queanbeyan,QUEANBEYAN EAST,E10,203.9
Ampol Foodary Queanbeyan,QUEANBEYAN EAST,P95,222.9
Ampol Foodary Queanbeyan,QUEANBEYAN EAST,U91,205.9
Ampol Foodary Queanbeyan,QUEANBEYAN WEST,E10,197.9
Ampol Foodary Queanbeyan,QUEANBEYAN WEST,P95,216.9
Ampol Foodary Queanbeyan,QUEANBEYAN WEST,P98,226.9
Ampol Foodary Randwick,RANDWICK,E10,194.9
Ampol Foodary Randwick,RANDWICK,P95,213.9
Ampol Foodary Randwick,RANDWICK,P98,223.9
Ampol Foodary Randwick,RANDWICK,U91,196.9
Ampol Foodary Raymond Terrace North,RAYMOND TERRACE,E10,199.9
Ampol Foodary Raymond Terrace North,RAYMOND TERRACE,P95,218.9
Ampol Foodary Raymond Terrace North,RAYMOND TERRACE,P98,228.9
Ampol Foodary Revesby,REVESBY,E10,194.9
Ampol Foodary Revesby,REVESBY,P95,213.9
Ampol Foodary Revesby,REVESBY,P98,223.9
Ampol Foodary Revesby,REVESBY,U91,196.9
Ampol Foodary Rosebery,ROSEBERY,E10,190.9
Ampol Foodary Rosebery,ROSEBERY,P95,209.9
Ampol Foodary Rosebery,ROSEBERY,P98,219.9
Ampol Foodary Rosebery,ROSEBERY,U91,192.9
Ampol Foodary Rutherford,RUTHERFORD,P95,217.9
Ampol Foodary Rutherford,RUTHERFORD,P98,227.9
Ampol Foodary Rutherford,RUTHERFORD,U91,200.9
Ampol Foodary Rutherford West,RUTHERFORD,E10,204.9
Ampol Foodary Rutherford West,RUTHERFORD,P95,223.9
Ampol Foodary Rutherford West,RUTHERFORD,P98,233.9
Ampol Foodary Rutherford West,RUTHERFORD,U91,206.9
Ampol Foodary Rydalmere,RYDALMERE,E10,194.9
Ampol Foodary Rydalmere,RYDALMERE,P95,213.9
Ampol Foodary Rydalmere,RYDALMERE,P98,223.9
Ampol Foodary Rydalmere,RYDALMERE,U91,196.9
Ampol Foodary Salt Ash,SALT ASH,E10,194.9
Ampol Foodary Salt Ash,SALT ASH,P95,213.9
Ampol Foodary Salt Ash,SALT ASH,P98,223.9
Ampol Foodary Salt Ash,SALT ASH,U91,196.9
Ampol Foodary Seven Hills,SEVEN HILLS,E10,197.9
Ampol Foodary Seven Hills,SEVEN HILLS,P95,216.9
Ampol Foodary Seven Hills,SEVEN HILLS,P98,226.9
Ampol Foodary Seven Hills,Seven Hills,DL,246.9
Ampol Foodary Seven Hills,Seven Hills,E10,197.9
Ampol Foodary Seven Hills,Seven Hills,P95,216.9
Ampol Foodary Seven Hills,Seven Hills,P98,226.9
Ampol Foodary Seven Hills,Seven Hills,U91,199.9
Ampol Foodary St Ives,ST IVES,E10,194.9
Ampol Foodary St Ives,ST IVES,P95,213.9
Ampol Foodary St Ives,ST IVES,P98,223.9
Ampol Foodary St Ives,ST IVES,U91,196.9
Ampol Foodary St Ives North,ST IVES NORTH,E10,194.9
Ampol Foodary St Ives North,ST IVES NORTH,P95,213.9
Ampol Foodary St Ives North,ST IVES NORTH,P98,223.9
Ampol Foodary St Ives North,ST IVES NORTH,U91,196.9
Ampol Foodary Strathfield South,STRATHFIELD SOUTH,E10,189.9
Ampol Foodary Strathfield South,STRATHFIELD SOUTH,P95,208.9
Ampol Foodary Strathfield South,STRATHFIELD SOUTH,P98,218.9
Ampol Foodary Strathfield South,STRATHFIELD SOUTH,U91,191.9
Ampol Foodary Swansea,SWANSEA,E10,199.9
Ampol Foodary Swansea,SWANSEA,P95,218.9
Ampol Foodary Swansea,SWANSEA,P98,228.9
Ampol Foodary Swansea,SWANSEA,U91,201.9
Ampol Foodary Tamworth,TAMINDA,E10,205.9
Ampol Foodary Tamworth,TAMINDA,P95,224.9
Ampol Foodary Tamworth,TAMINDA,P98,234.9
Ampol Foodary Tamworth Orana,Tamworth,E10,206.9
Ampol Foodary Tamworth Orana,Tamworth,P95,225.9
Ampol Foodary Tamworth Orana,Tamworth,P98,235.9
Ampol Foodary Tamworth Orana,Tamworth,U91,208.9
Ampol Foodary Taree,Taree South,DL,242.9
Ampol Foodary Taree,Taree South,E10,205.9
Ampol Foodary Taree,Taree South,P95,224.9
Ampol Foodary Taree,Taree South,P98,234.9
Ampol Foodary Taree,Taree South,U91,207.9
Ampol Foodary Tempe,TEMPE,E10,194.9
Ampol Foodary Tempe,TEMPE,P95,212.9
Ampol Foodary Tempe,TEMPE,P98,222.9
Ampol Foodary Tempe,TEMPE,U91,196.9
Ampol Foodary Thornleigh,THORNLEIGH,E10,191.9
Ampol Foodary Thornleigh,THORNLEIGH,P95,211.4
Ampol Foodary Thornleigh,THORNLEIGH,P98,220.9
Ampol Foodary Thornleigh,THORNLEIGH,U91,193.9
Ampol Foodary Toormina,TOORMINA,E10,201.9
Ampol Foodary Toormina,TOORMINA,P95,220.9
Ampol Foodary Toormina,TOORMINA,U91,203.9
Ampol Foodary Toronto,TORONTO,E10,199.9
Ampol Foodary Toronto,TORONTO,P95,218.9
Ampol Foodary Toronto,TORONTO,P98,228.9
Ampol Foodary Toronto,TORONTO,U91,201.9
Ampol Foodary Tweed Heads West,Tweed Heads West,E10,199.9
Ampol Foodary Tweed Heads West,Tweed Heads West,P98,228.9
Ampol Foodary Tweed Heads West,Tweed Heads West,U91,201.9
Ampol Foodary Unanderra,UNANDERRA,E10,194.9
Ampol Foodary Unanderra,UNANDERRA,P95,213.9
Ampol Foodary Unanderra,UNANDERRA,P98,223.9
Ampol Foodary Unanderra,UNANDERRA,U91,196.9
Ampol Foodary Wagga Wagga,WAGGA WAGGA,E10,191.9
Ampol Foodary Wagga Wagga,WAGGA WAGGA,P95,210.9
Ampol Foodary Wagga Wagga,WAGGA WAGGA,P98,219.9
Ampol Foodary Wagga Wagga,WAGGA WAGGA,U91,193.9
Ampol Foodary Waitara,WAITARA,E10,194.9
Ampol Foodary Waitara,WAITARA,P95,213.9
Ampol Foodary Waitara,WAITARA,P98,223.9
Ampol Foodary Waitara,WAITARA,U91,196.9
Ampol Foodary Wamberal,WAMBERAL,E10,199.9
Ampol Foodary Wamberal,WAMBERAL,P95,218.9
Ampol Foodary Wamberal,WAMBERAL,P98,228.9
Ampol Foodary Wamberal,WAMBERAL,U91,201.9
Ampol Foodary Warners Bay,WARNERS BAY,E10,203.9
Ampol Foodary Warners Bay,WARNERS BAY,P98,232.9
Ampol Foodary Warners Bay,WARNERS BAY,U91,205.9
Ampol Foodary Wentworthville,SOUTH WENTWORTHVILLE,E10,197.9
Ampol Foodary Wentworthville,SOUTH WENTWORTHVILLE,P95,216.9
Ampol Foodary Wentworthville,SOUTH WENTWORTHVILLE,P98,226.9
Ampol Foodary Wentworthville,SOUTH WENTWORTHVILLE,U91,199.9
Ampol Foodary Werrington,WERRINGTON,E10,194.9
Ampol Foodary Werrington,WERRINGTON,P95,213.9
Ampol Foodary Werrington,WERRINGTON,P98,223.9
Ampol Foodary Werrington,WERRINGTON,U91,196.9
Ampol Foodary West Wyalong,West Wyalong,DL,246.9
Ampol Foodary West Wyalong,West Wyalong,E10,206.9
Ampol Foodary West Wyalong,West Wyalong,P95,225.9
Ampol Foodary West Wyalong,West Wyalong,P98,235.9
Ampol Foodary Weston,WESTON,P95,223.9
Ampol Foodary Weston,WESTON,P98,233.9
Ampol Foodary Weston,WESTON,U91,206.9
Ampol Foodary Weston Creek,Weston,E10,204.9
Ampol Foodary Weston Creek,Weston,P95,223.9
Ampol Foodary Weston Creek,Weston,P98,233.9
Ampol Foodary Weston Creek,Weston,U91,206.9
Ampol Foodary Wetherill Park,WETHERILL PARK,DL,238.9
Ampol Foodary Wetherill Park,WETHERILL PARK,E10,191.9
Ampol Foodary Wetherill Park,WETHERILL PARK,P95,211.9
Ampol Foodary Wetherill Park,WETHERILL PARK,P98,220.9
Ampol Foodary Wetherill Park,WETHERILL PARK,U91,193.9
Ampol Foodary Windsor South,Windsor South,DL,239.9
Ampol Foodary Windsor South,Windsor South,E10,194.9
Ampol Foodary Windsor South,Windsor South,P95,213.9
Ampol Foodary Windsor South,Windsor South,P98,223.9
Ampol Foodary Windsor South,Windsor South,U91,196.9
Ampol Foodary Wingham,WINGHAM,P95,227.9
Ampol Foodary Wollongong North,Wollongong North,E10,197.9
Ampol Foodary Wollongong North,Wollongong North,P95,216.9
Ampol Foodary Wollongong North,Wollongong North,P98,226.9
Ampol Foodary Wollongong North,Wollongong North,U91,199.9
Ampol Foodary Woollahra,WOOLLAHRA,E10,194.9
Ampol Foodary Woollahra,WOOLLAHRA,P95,213.9
Ampol Foodary Woollahra,WOOLLAHRA,P98,223.9
Ampol Foodary Woollahra,WOOLLAHRA,U91,196.9
Ampol Foodary Woolooware,WOOLOOWARE,E10,194.9
Ampol Foodary Woolooware,WOOLOOWARE,P98,223.9
Ampol Foodary Woolooware,WOOLOOWARE,U91,196.9
Ampol Foodary Woy Woy,BLACKWALL,E10,199.9
Ampol Foodary Woy Woy,BLACKWALL,P98,228.9
Ampol Foodary Woy Woy,BLACKWALL,U91,201.9
Ampol Foodary Wyoming,WYOMING,E10,199.9
Ampol Foodary Wyoming,WYOMING,P95,218.9
Ampol Foodary Wyoming,WYOMING,P98,228.9
Ampol Foodary Wyoming,WYOMING,U91,201.9
Ampol Foodary Wyong M1 Northbound Diesel,Wyong,DL,239.9
Ampol Foodary Wyong M1 Northbound Diesel,Wyong,E10,212.9
Ampol Foodary Wyong M1 Northbound Diesel,Wyong,P95,229.9
Ampol Foodary Wyong M1 Northbound Petrol,Wyong,E10,212.9
Ampol Foodary Wyong M1 Northbound Petrol,Wyong,P95,229.9
Ampol Foodary Wyong M1 Northbound Petrol,Wyong,P98,239.9
Ampol Foodary Wyong M1 Northbound Petrol,Wyong,U91,214.9
Ampol Foodary Wyong M1 Southbound Diesel,Wyong,DL,239.9
Ampol Foodary Wyong M1 Southbound Diesel,Wyong,E10,212.9
Ampol Foodary Wyong M1 Southbound Diesel,Wyong,P95,229.9
Ampol Foodary Wyong M1 Southbound Petrol,Wyong,E10,212.9
Ampol Foodary Wyong M1 Southbound Petrol,Wyong,P95,229.9
Ampol Foodary Wyong M1 Southbound Petrol,Wyong,P98,239.9
Ampol Foodary Wyong M1 Southbound Petrol,Wyong,U91,214.9
Ampol Foodary Yass,YASS,E10,200.9
Ampol Foodary Yass,YASS,P95,219.9
Ampol Foodary Yass,YASS,P98,229.9
Ampol Foodary Yass,YASS,U91,202.9
Ampol Foodary Yass,Yass,DL,241.9
Ampol Foodary Yass,Yass,E10,202.9
Ampol Foodary Yass,Yass,P95,221.9
Ampol Foodary Yass,Yass,P98,231.9
Ampol Fyshwick,FYSHWICK,P95,229.9
Ampol Fyshwick,FYSHWICK,P98,239.9
Ampol Fyshwick,FYSHWICK,U91,206.9
Ampol Gerringong,GERRINGONG,E10,196.9
Ampol Gerringong,GERRINGONG,P98,218.9
Ampol Gerringong,GERRINGONG,U91,198.9
Ampol Goulburn Depot,Goulburn,DL,231.9
Ampol Greta,Greta,DL,237.5
Ampol Greta,Greta,E10,195.5
Ampol Greta,Greta,P98,219.5
Ampol Greta,Greta,U91,197.5
Ampol Griffith,GRIFFITH,DL,242.9
Ampol Griffith,GRIFFITH,P95,223.9
Ampol Griffith,GRIFFITH,P98,229.9
Ampol Griffith,GRIFFITH,U91,204.9
Ampol Guyra,GUYRA,DL,239.5
Ampol Guyra,GUYRA,P98,214.5
Ampol Guyra,GUYRA,U91,189.5
Ampol Hay,Hay,DL,245.9
Ampol Hay,Hay,U91,207.9
Ampol Hay South,Hay,DL,242.9
Ampol Hay South,Hay,P98,229.9
Ampol Hay South,Hay,U91,204.9
Ampol Heatherbrae,HEATHERBRAE,E10,193.9
Ampol Heatherbrae,HEATHERBRAE,P98,223.9
Ampol Heatherbrae,HEATHERBRAE,U91,195.9
Ampol Hexham Diesel Stop,Hexham,DL,242.9
Ampol Holbrook,HOLBROOK,P98,234.9
Ampol Holbrook,HOLBROOK,U91,207.9
Ampol Hornsby Heights,Hornsby Heights,P95,208.9
Ampol Hornsby Heights,Hornsby Heights,P98,217.9
Ampol Hornsby Heights,Hornsby Heights,U91,189.9
Ampol Hume,Hume,DL,239.9
Ampol Iluka,ILUKA,DL,237.9
Ampol Iluka,ILUKA,P98,219.9
Ampol Iluka,ILUKA,U91,199.9
Ampol Ingleburn Diesel Stop,Ingleburn,DL,240.9
Ampol Inverell Road House,INVERELL,P98,221.9
Ampol Inverell Road House,INVERELL,U91,198.9
Ampol Jerilderie,Jerilderie,DL,242.9
Ampol Jerilderie,Jerilderie,P98,229.9
Ampol Jerilderie,Jerilderie,U91,204.9
Ampol Kelso,KELSO,DL,233.9
Ampol Kelso,KELSO,E10,187.9
Ampol Kelso,KELSO,P98,211.9
Ampol Kelso,KELSO,U91,189.9
Ampol Kurri Kurri,KURRI KURRI,DL,235.9
Ampol Kurri Kurri,KURRI KURRI,P98,218.9
Ampol Kurri Kurri,KURRI KURRI,U91,198.9
Ampol Marulan,MARULAN,DL,231.9
Ampol Marulan,MARULAN,P95,204.9
Ampol Marulan,MARULAN,P98,214.9
Ampol Marulan,MARULAN,U91,189.9
Ampol Mathoura,Mathoura,DL,242.9
Ampol Mathoura,Mathoura,P98,229.9
Ampol Mathoura,Mathoura,U91,204.9
Ampol Mitchell Canberra,MITCHELL,DL,238.9
Ampol Mitchell Canberra,MITCHELL,P98,227.9
Ampol Mitchell Canberra,MITCHELL,U91,198.9
Ampol Mittagong,MITTAGONG,E10,198.9
Ampol Mittagong,MITTAGONG,P95,218.9
Ampol Mittagong,MITTAGONG,P98,228.9
Ampol Mittagong,MITTAGONG,U91,200.9
Ampol Moama Diesel Stop,MOAMA,DL,242.9
Ampol Mudgee,Mudgee,P95,229.9
Ampol Mudgee,Mudgee,U91,219.9
Ampol Narwee,NARWEE,E10,184.9
Ampol Narwee,NARWEE,P95,207.9
Ampol Narwee,NARWEE,P98,217.9
Ampol Narwee,NARWEE,U91,191.9
Ampol Neath,NEATH,E10,199.9
Ampol Neath,NEATH,P95,212.9
Ampol Neath,NEATH,P98,222.9
Ampol Neath,NEATH,U91,201.9
Ampol Nemingha,NEMINGHA,DL,239.9
Ampol Nyngan,NYNGAN,DL,237.5
Ampol Nyngan,NYNGAN,P98,219.5
Ampol Nyngan,NYNGAN,U91,197.5
Ampol Port Macquarie,PORT MACQUARIE,U91,202.9
Ampol Rankins Springs,Rankins Springs,DL,245
Ampol Rankins Springs,Rankins Springs,P95,215
Ampol Rankins Springs,Rankins Springs,U91,206
Ampol Roadhouse Tamworth,Hillvue,DL,238.9
Ampol Roadhouse Tamworth,Hillvue,E10,196.9
Ampol Roadhouse Tamworth,Hillvue,P95,216.9
Ampol Roadhouse Tamworth,Hillvue,P98,225.9
Ampol Roadhouse Tamworth,Hillvue,U91,199.9
Ampol Rutherford Diesel Stop,RUTHERFORD,DL,238.9
Ampol Service Station,FINLEY,DL,239.9
Ampol Service Station,FINLEY,P98,225.9
Ampol Service Station,FINLEY,U91,205.9
Ampol Smeaton Grange,SMEATON GRANGE,DL,233.9
Ampol Smeaton Grange,SMEATON GRANGE,P95,213.9
Ampol Smeaton Grange,SMEATON GRANGE,P98,221.9
Ampol Smeaton Grange,SMEATON GRANGE,U91,194.9
Ampol South Albury,SOUTH ALBURY,DL,245.9
Ampol South Albury,SOUTH ALBURY,P95,215.9
Ampol South Albury,SOUTH ALBURY,P98,224.9
Ampol South Albury,SOUTH ALBURY,U91,199.9
Ampol South Grafton,SOUTH GRAFTON,DL,239.9
Ampol South Grafton,SOUTH GRAFTON,E10,194.9
Ampol South Grafton,SOUTH GRAFTON,P98,222.9
Ampol South Grafton,SOUTH GRAFTON,U91,199.9
Ampol Tahmoor,BARGO,DL,239.9
Ampol Tahmoor,BARGO,P95,214.9
Ampol Tahmoor,BARGO,P98,224.9
Ampol Tahmoor,BARGO,U91,197.9
Ampol Tamworth,Tamworth,DL,239.9
Ampol The Oaks,THE OAKS,P98,223.9
Ampol The Oaks,THE OAKS,U91,196.8
Ampol Thirroul,Thirroul,DL,247.9
Ampol Thirroul,Thirroul,P95,220.9
Ampol Thirroul,Thirroul,U91,208.9
Ampol Tocumwal,Tocumwal,DL,242.9
Ampol Tocumwal,Tocumwal,P98,230.5
Ampol Tocumwal,Tocumwal,U91,204.9
Ampol Tuggerah,Tuggerah,DL,239.9
Ampol Tuggerah,Tuggerah,P98,224.9
Ampol Ulladulla,ULLADULLA,P95,217.9
Ampol Ulladulla,ULLADULLA,P98,227.9
Ampol Ulladulla,ULLADULLA,U91,199.9
Ampol Unanderra,UNANDERRA,DL,242.9
Ampol Unanderra,UNANDERRA,E10,193.9
Ampol Unanderra,UNANDERRA,P98,219.9
Ampol Unanderra,UNANDERRA,U91,195.9
Ampol Uranquinty,Uranquinty,DL,239.9
Ampol Uranquinty,Uranquinty,P98,215.9
Ampol Uranquinty,Uranquinty,U91,192.9
Ampol Village Grocer,KEMPS CREEK,P98,222.9
Ampol Village Grocer,KEMPS CREEK,U91,195.9
Ampol Wallacia,Wallacia,E10,189.5
Ampol Wallacia,Wallacia,P98,215.5
Ampol Wallacia,Wallacia,U91,193.5
Ampol Wallendbeen,WALLENDBEEN,DL,228.9
Ampol Wallendbeen,WALLENDBEEN,E10,187.9
Ampol Wallendbeen,WALLENDBEEN,P98,213.9
Ampol Wallendbeen,WALLENDBEEN,U91,189.9
Ampol Wallerawang,WALLERAWANG,DL,241.9
Ampol Wallerawang,WALLERAWANG,U91,205.9
Ampol Warrawong,WARRAWONG,E10,189.9
Ampol Warrawong,WARRAWONG,P98,217.9
Ampol Warrawong,WARRAWONG,U91,191.9
Ampol Wellington,WELLINGTON,DL,239.5
Ampol Wellington,WELLINGTON,P95,216.5
Ampol Wellington,WELLINGTON,P98,224.5
Ampol Wellington,WELLINGTON,U91,196.5
Ampol Wilcannia Roadhouse,WILCANNIA,DL,279.9
Ampol Wilcannia Roadhouse,WILCANNIA,P98,235.9
Ampol Wilcannia Roadhouse,WILCANNIA,U91,229.9
Ampol Winmalee,Winmalee,DL,239.5
Ampol Winmalee,Winmalee,P95,209.5
Ampol Winmalee,Winmalee,U91,194.5
Ampol Woolgoolga,Woolgoolga,DL,245.9
Andys Garage Bray Park,BRAY PARK,DL,239
Andys Garage Bray Park,BRAY PARK,P95,216
Andys Garage Bray Park,BRAY PARK,U91,206
Apex Petroleum Airds,Airds,E10,189.7
Apex Petroleum Airds,Airds,P95,203.7
Apex Petroleum Airds,Airds,P98,213.7
Apex Petroleum Airds,Airds,U91,191.7
Apex Petroleum Kemps Creek - Truck Facilities,Kemps Creek,DL,235.7
Apex Petroleum Kemps Creek - Truck Facilities,Kemps Creek,E10,189.7
Apex Petroleum Kemps Creek - Truck Facilities,Kemps Creek,P95,203.7
Apex Petroleum Kemps Creek - Truck Facilities,Kemps Creek,P98,213.7
Apex Petroleum Kemps Creek - Truck Facilities,Kemps Creek,U91,191.7
Arko Energy Freshwater,Freshwater,DL,237.9
Arko Energy Freshwater,Freshwater,E10,182.9
Arko Energy Freshwater,Freshwater,P98,207.9
Arko Energy Freshwater,Freshwater,U91,184.9
Armidale roadhouse,ARMIDALE,DL,221.9
Armidale roadhouse,ARMIDALE,E10,179.9
Armidale roadhouse,ARMIDALE,P98,206.9
Armidale roadhouse,ARMIDALE,U91,183.9
Astron Beresfield,BERESFIELD,DL,235.5
Astron Beresfield,BERESFIELD,E10,187.5
Astron Beresfield,BERESFIELD,P98,209.5
Astron Beresfield,BERESFIELD,U91,189.5
Astron Grafton Fourways,SOUTH GRAFTON,DL,236.7
Astron Grafton Fourways,SOUTH GRAFTON,E10,194.7
Astron Grafton Fourways,SOUTH GRAFTON,P98,219.7
Astron Grafton Fourways,SOUTH GRAFTON,U91,196.7
Astron Lidsdale,LIDSDALE,DL,241.9
Astron Lidsdale,LIDSDALE,E10,202.9
Astron Lidsdale,LIDSDALE,P98,230.9
Astron Lidsdale,LIDSDALE,U91,204.9
Astron Lismore,LISMORE,DL,238.9
Astron Lismore,LISMORE,U91,199.9
Astron Marrangaroo,MARRANGAROO,DL,233.5
Astron Marrangaroo,MARRANGAROO,E10,196.5
Astron Marrangaroo,MARRANGAROO,P98,228.5
Astron Marrangaroo,MARRANGAROO,U91,198.5
Astron Michelago,MICHELAGO,DL,245.9
Astron Michelago,MICHELAGO,E10,204.9
Astron Michelago,MICHELAGO,P95,224.9
Astron Michelago,MICHELAGO,P98,234.9
Astron Michelago,MICHELAGO,U91,205.9
Astron Orange-Peisley Street,ORANGE,DL,224.5
Astron Orange-Peisley Street,ORANGE,E10,189.5
Astron Orange-Peisley Street,ORANGE,P95,206.5
Astron Orange-Peisley Street,ORANGE,P98,216.5
Astron Orange-Peisley Street,ORANGE,U91,193.5
Astron Petroleum,TWEED HEADS SOUTH,DL,238.5
Astron Petroleum,TWEED HEADS SOUTH,E10,194.5
Astron Petroleum,TWEED HEADS SOUTH,P95,214.3
Astron Petroleum,TWEED HEADS SOUTH,P98,219.5
Astron Petroleum,TWEED HEADS SOUTH,U91,196.5
Astron Rydalmere,Rydalmere,DL,243.9
Astron Rydalmere,Rydalmere,E10,192.9
Astron Rydalmere,Rydalmere,P95,210.9
Astron Rydalmere,Rydalmere,P98,219.9
Astron Rydalmere,Rydalmere,U91,194.9
Astron Taree Depot,TAREE,DL,241.8
Astron Taree Depot,TAREE,E10,201.8
Astron Turvey Park,TURVEY PARK,DL,236.9
Astron Turvey Park,TURVEY PARK,E10,191.9
Astron Turvey Park,TURVEY PARK,P98,216.9
Astron Turvey Park,TURVEY PARK,U91,193.9
Astron YASS,YASS,DL,242.9
Astron YASS,YASS,E10,200.9
Astron YASS,YASS,U91,202.9
Astron Yagoona,YAGOONA,DL,229.9
Astron Yagoona,YAGOONA,E10,182.9
Astron Yagoona,YAGOONA,P95,203.9
Astron Yagoona,YAGOONA,P98,213.9
Astron Yagoona,YAGOONA,U91,188.9
Avondale Auto Centre,Cooranbong,DL,239.9
Avondale Auto Centre,Cooranbong,P95,205.9
Avondale Auto Centre,Cooranbong,U91,195.9
B & E Doherty P/L Independent Wauchope,Wauchope,DL,229
B & E Doherty P/L Independent Wauchope,Wauchope,P95,203
B & E Doherty P/L Independent Wauchope,Wauchope,P98,210
B & E Doherty P/L Independent Wauchope,Wauchope,U91,193
BILAMBIL POST OFFICE,BILAMBIL,DL,241.9
BILAMBIL POST OFFICE,BILAMBIL,P98,224.9
BILAMBIL POST OFFICE,BILAMBIL,U91,197.9
BILPIN PETROLEUM,BILPIN,P98,239.6
BILPIN PETROLEUM,BILPIN,U91,189.9
BK Cafe and Fuel,MANILLA,DL,239.9
BK Cafe and Fuel,MANILLA,P95,217.9
BK Cafe and Fuel,MANILLA,U91,204.9
BLOK INDUSTRIAL,TOWNSEND,DL,231.5
BOBBIN HEAD PETROL STATION,NORTH TURRAMURRA,DL,239.9
BOBBIN HEAD PETROL STATION,NORTH TURRAMURRA,E10,192.9
BOBBIN HEAD PETROL STATION,NORTH TURRAMURRA,P98,219.9
BOBBIN HEAD PETROL STATION,NORTH TURRAMURRA,U91,194.9
BOOST FUEL BARGO,BARGO,P95,197.9
BOOST FUEL BARGO,BARGO,P98,210.9
BOOST FUEL BARGO,BARGO,U91,188.9
BOOST FUEL BERMAGUI,BERMAGUI,DL,234.9
BOOST FUEL BERMAGUI,BERMAGUI,P98,213.9
BOOST FUEL BERMAGUI,BERMAGUI,U91,193.9
BP Albion Park,ALBION PARK RAIL,E10,199.9
BP Albion Park,ALBION PARK RAIL,P98,227.9
BP Albion Park,ALBION PARK RAIL,U91,201.9
BP Allambie Heights,Allambie Heights,E10,194.8
BP Allambie Heights,Allambie Heights,P95,209.8
BP Allambie Heights,Allambie Heights,P98,219.8
BP Anna Bay,ANNA BAY,P95,211.9
BP Anna Bay,ANNA BAY,P98,222.9
BP Anna Bay,ANNA BAY,U91,197.9
BP Artarmon,Artarmon,E10,193.9
BP Artarmon,Artarmon,P95,210.9
BP Artarmon,Artarmon,P98,219.9
BP Ashfield,Croydon,E10,188.9
BP Ashfield,Croydon,P95,206.9
BP Ashfield,Croydon,P98,215.9
BP Asquith,Asquith,E10,189.9
BP Asquith,Asquith,P95,208.9
BP Asquith,Asquith,P98,217.9
BP Austinmer,Austinmer,P95,214.9
BP Austinmer,Austinmer,P98,224.9
BP Austinmer,Austinmer,U91,199.9
BP BRINGELLY,BRINGELLY,E10,195.9
BP BRINGELLY,BRINGELLY,P98,225.9
BP BRINGELLY,BRINGELLY,U91,197.9
BP BULAHDELAH,BULAHDELAH,DL,234.9
BP BULAHDELAH,BULAHDELAH,E10,194.9
BP BULAHDELAH,BULAHDELAH,P98,220.9
BP BULAHDELAH,BULAHDELAH,U91,196.9
BP Balgowlah,Balgowlah,E10,194.9
BP Balgowlah,Balgowlah,P98,222.9
BP Balgowlah,Balgowlah,U91,196.9
BP Ballina Travel Centre,WEST BALLINA,DL,245.9
BP Ballina Travel Centre,WEST BALLINA,E10,199.9
BP Ballina Travel Centre,WEST BALLINA,P95,216.9
BP Ballina Travel Centre,WEST BALLINA,P98,225.9
BP Balranald Roadhouse,BALRANALD,DL,232.9
BP Balranald Roadhouse,BALRANALD,P98,222.9
BP Balranald Roadhouse,BALRANALD,U91,199.9
BP Bankstown,BANKSTOWN,E10,197.9
BP Bankstown,BANKSTOWN,P95,217.9
BP Bankstown,BANKSTOWN,P98,228.9
BP Batemans Bay,BATEMANS BAY,DL,234.9
BP Batemans Bay,BATEMANS BAY,E10,192.9
BP Batemans Bay,BATEMANS BAY,P98,219.9
BP Batemans Bay,BATEMANS BAY,U91,195.9
BP Baulkham Hills,Baulkham Hills,E10,197.9
BP Baulkham Hills,Baulkham Hills,P98,226.9
BP Baulkham Hills,Baulkham Hills,U91,199.9
BP Beckom,Beckom,DL,241.9
BP Beckom,Beckom,P98,229.9
BP Beckom,Beckom,U91,199.9
BP Belfield,Belfield,E10,189.9
BP Belfield,Belfield,P95,209.9
BP Belfield,Belfield,P98,219.9
BP Bennetts Green,BENNETTS GREEN,E10,199.9
BP Bennetts Green,BENNETTS GREEN,P95,217.9
BP Bennetts Green,BENNETTS GREEN,P98,226.9
BP Beresfield T/S,Beresfield,DL,236.9
BP Beresfield T/S,Beresfield,P95,205.9
BP Beresfield T/S,Beresfield,P98,214.9
BP Beresfield T/S,Beresfield,U91,189.9
BP Berkeley Vale,Berkeley Vale,DL,237.9
BP Berkeley Vale,Berkeley Vale,E10,192.9
BP Berkeley Vale,Berkeley Vale,P95,210.9
BP Berkeley Vale,Berkeley Vale,P98,219.9
BP Berkeley Vale,Berkeley Vale,U91,195.9
BP Berowra,BEROWRA HEIGHTS,E10,197.9
BP Berowra,BEROWRA HEIGHTS,P98,224.9
BP Berowra,BEROWRA HEIGHTS,U91,199.9
BP Bexley,Bexley,E10,189.9
BP Bexley,Bexley,P95,206.9
BP Bexley,Bexley,P98,216.9
BP Bexley North,Bexley,E10,189.9
BP Bexley North,Bexley,P95,208.9
BP Bexley North,Bexley,P98,218.9
BP Bexley North,Bexley,U91,192.9
BP Black Mountain Road House & Motel,Black Mountain,DL,229.9
BP Black Mountain Road House & Motel,Black Mountain,E10,187.9
BP Black Mountain Road House & Motel,Black Mountain,P98,219.9
BP Black Mountain Road House & Motel,Black Mountain,U91,189.9
BP Blackheath,BLACKHEATH,E10,195.9
BP Blackheath,BLACKHEATH,P95,209.9
BP Blackheath,BLACKHEATH,P98,219.9
BP Blackheath,BLACKHEATH,U91,199.9
BP Boambee,Boambee,E10,202.9
BP Boambee,Boambee,P95,220.9
BP Boambee,Boambee,P98,228.9
BP Boambee,Boambee,U91,203.9
BP Boggabri,Boggabri,P98,219.5
BP Boggabri,Boggabri,U91,199.5
BP Bolwarra Heights,BOLWARRA HEIGHTS,E10,197.9
BP Bolwarra Heights,BOLWARRA HEIGHTS,P95,211.9
BP Bolwarra Heights,BOLWARRA HEIGHTS,P98,221.9
BP Bolwarra Heights,BOLWARRA HEIGHTS,U91,201.9
BP Bonnyrigg,Bonnyrigg,DL,232.9
BP Bonnyrigg,Bonnyrigg,P95,213.9
BP Bonnyrigg,Bonnyrigg,P98,223.9
BP Bonnyrigg,Bonnyrigg,U91,197.9
BP Boorooma,BOOROOMA,DL,237.9
BP Boorooma,BOOROOMA,E10,187.9
BP Boorooma,BOOROOMA,P95,198.9
BP Boorooma,BOOROOMA,P98,208.9
BP Boorooma,BOOROOMA,U91,189.9
BP Border,Albury,P95,211.9
BP Border,Albury,P98,220.9
BP Border,Albury,U91,195.9
BP Botany,BOTANY,DL,237.9
BP Botany,BOTANY,E10,194.9
BP Botany,BOTANY,P98,218.9
BP Botany,BOTANY,U91,196.9
BP Bourke,Bourke,DL,244.9
BP Bourke,Bourke,P95,219.9
BP Bourke,Bourke,U91,204.9
BP Braddon,BRADDON,E10,201.9
BP Braddon,BRADDON,P95,219.9
BP Braddon,BRADDON,P98,228.9
BP Brunswick Heads,Brunswick Heads,DL,238.9
BP Brunswick Heads,Brunswick Heads,P98,219.9
BP Brunswick Heads,Brunswick Heads,U91,199.9
BP CAMDEN,CAMDEN,DL,229.8
BP CAMDEN,CAMDEN,E10,187.8
BP CAMDEN,CAMDEN,P95,199.8
BP CAMDEN,CAMDEN,P98,209.8
BP CAMDEN,CAMDEN,U91,189.8
BP CLOVELLY,RANDWICK,E10,193.7
BP CLOVELLY,RANDWICK,P98,222.7
BP CLOVELLY,RANDWICK,U91,195.7
BP CONCORD,CONCORD,E10,197.9
BP CONCORD,CONCORD,P95,214.9
BP CONCORD,CONCORD,P98,229.9
BP CONCORD,CONCORD,U91,199.9
BP Cabramatta West,Cabramatta West,E10,192.9
BP Cabramatta West,Cabramatta West,P95,215.9
BP Cabramatta West,Cabramatta West,P98,223.9
BP Cabramatta West,Cabramatta West,U91,197.9
BP Camperdown,Camperdown,P95,210.9
BP Camperdown,Camperdown,P98,219.9
BP Camperdown,Camperdown,U91,194.9
BP Canterbury,Canterbury,E10,189.9
BP Canterbury,Canterbury,P95,208.9
BP Canterbury,Canterbury,P98,217.9
BP Capertee,Capertee,P98,235.9
BP Capertee,Capertee,U91,210.9
BP Cardiff,CARDIFF,E10,199.9
BP Cardiff,CARDIFF,P95,216.9
BP Cardiff,CARDIFF,P98,225.9
BP Caringbah,Caringbah,E10,188.9
BP Caringbah,Caringbah,P95,206.9
BP Caringbah,Caringbah,P98,215.9
BP Carlingford,Carlingford,E10,193.9
BP Carlingford,Carlingford,P95,213.9
BP Carlingford,Carlingford,P98,222.9
BP Charmhaven,CHARMHAVEN,E10,197.5
BP Charmhaven,CHARMHAVEN,P98,225.5
BP Charmhaven,CHARMHAVEN,U91,199.5
BP Chinderah T/C,Chinderah,DL,243.9
BP Chinderah T/C,Chinderah,E10,199.9
BP Chinderah T/C,Chinderah,P95,217.9
BP Chinderah T/C,Chinderah,P98,226.9
BP Chisholm,Chisholm,E10,202.9
BP Chisholm,Chisholm,P95,219.9
BP Chisholm,Chisholm,P98,228.9
BP Coffs Harbour,Coffs Harbour,E10,203.9
BP Coffs Harbour,Coffs Harbour,P95,220.9
BP Coffs Harbour,Coffs Harbour,P98,229.9
BP Coffs Harbour South,NORTH BOAMBEE VALLEY,E10,203.9
BP Coffs Harbour South,NORTH BOAMBEE VALLEY,P98,230.9
BP Coffs Harbour South,NORTH BOAMBEE VALLEY,U91,205.9
BP Coleambally,COLEAMBALLY,DL,239.9
BP Coleambally,COLEAMBALLY,P98,219.9
BP Coleambally,COLEAMBALLY,U91,199.9
BP Condobolin,Condobolin,DL,250.9
BP Condobolin,Condobolin,P95,225.9
BP Condobolin,Condobolin,U91,206.9
BP Coolongolook,Coolongolook,DL,229.5
BP Coolongolook,Coolongolook,E10,182.5
BP Coolongolook,Coolongolook,P95,199.5
BP Coolongolook,Coolongolook,P98,214.5
BP Coolongolook,Coolongolook,U91,187.5
BP Coutts Crossing,COUTTS CROSSING,P98,234.9
BP Coutts Crossing,COUTTS CROSSING,U91,209.9
BP Cronulla,Cronulla,P95,211.9
BP Cronulla,Cronulla,P98,220.9
BP Cronulla,Cronulla,U91,195.9
BP Crossroads,CASULA,E10,191.9
BP Crossroads,CASULA,P98,220.9
BP Crossroads,CASULA,U91,193.9
BP Cundletown,CUNDLETOWN,P95,210.9
BP Cundletown,CUNDLETOWN,U91,192.9
BP Darlington Point Truck Stop,DARLINGTON POINT,DL,233.9
BP Darlington Point Truck Stop,DARLINGTON POINT,P98,223.9
BP Darlington Point Truck Stop,DARLINGTON POINT,U91,199.9
BP Denham Court,Denham Court,DL,234.9
BP Denham Court,Denham Court,E10,189.9
BP Denham Court,Denham Court,P98,214.9
BP Denham Court,Denham Court,U91,191.9
BP Deniliquin,Deniliquin,DL,242.9
BP Deniliquin,Deniliquin,P98,229.9
BP Deniliquin,Deniliquin,U91,204.9
BP Denistone East,Denistone East,E10,193.9
BP Denistone East,Denistone East,P95,209.9
BP Denistone East,Denistone East,P98,221.9
BP Denistone East,Denistone East,U91,195.9
BP Dubbo,Dubbo,E10,202.9
BP Dubbo,Dubbo,P95,219.9
BP Dubbo,Dubbo,P98,228.9
BP Dubbo West,Dubbo West,E10,196.9
BP Dubbo West,Dubbo West,P98,223.9
BP Dubbo West,Dubbo West,U91,199.9
BP Dundas,DUNDAS,E10,195.9
BP Dundas,DUNDAS,P95,215.9
BP Dundas,DUNDAS,P98,224.9
BP Dural,Dural,E10,193.9
BP Dural,Dural,P95,212.9
BP Dural,Dural,P98,221.9
BP Eagle Vale,Eagle Vale,E10,197.9
BP Eagle Vale,Eagle Vale,P98,226.9
BP Eagle Vale,Eagle Vale,U91,199.9
BP East End,Parkes,E10,209.9
BP East End,Parkes,P95,228.9
BP East End,Parkes,P98,237.9
BP Eastern Creek T/S,Eastern Creek,DL,241.9
BP Eastern Creek T/S,Eastern Creek,E10,194.9
BP Eastern Creek T/S,Eastern Creek,P95,212.9
BP Eastern Creek T/S,Eastern Creek,P98,221.9
BP Edgecliff,EDGECLIFF,E10,204.9
BP Edgecliff,EDGECLIFF,P98,246.9
BP Edgecliff,EDGECLIFF,U91,206.9
BP Engadine,Engadine,E10,193.9
BP Engadine,Engadine,P95,211.9
BP Engadine,Engadine,P98,220.9
BP Erina,ERINA,E10,199.9
BP Erina,ERINA,P95,216.9
BP Erina,ERINA,P98,225.9
BP Erskine Park Truckstop (unmanned),Erskine Park,DL,249.9
BP FOX HILLS,GIRRAWEEN,P98,226.9
BP FOX HILLS,GIRRAWEEN,U91,199.9
BP Fairfield,FAIRFIELD EAST,DL,229.8
BP Fairfield,FAIRFIELD EAST,P95,199.8
BP Fairfield,FAIRFIELD EAST,P98,209.8
BP Fairfield,FAIRFIELD EAST,U91,179.8
BP Fairy Meadow,Fairy Meadow,P95,217.9
BP Fairy Meadow,Fairy Meadow,P98,226.9
BP Fairy Meadow,Fairy Meadow,U91,199.9
BP Finley,Finley,DL,239.9
BP Finley,Finley,P98,225.9
BP Finley,Finley,U91,205.9
BP Forbes,Forbes,DL,243.9
BP Forbes,Forbes,E10,207.9
BP Forbes,Forbes,P98,234.9
BP Forbes,Forbes,U91,209.9
BP Forestville,Forestville,E10,188.9
BP Forestville,Forestville,P95,207.9
BP Forestville,Forestville,P98,216.9
BP Fyshwick,Fyshwick,DL,232.9
BP Fyshwick,Fyshwick,P98,219.9
BP Fyshwick,Fyshwick,U91,195.9
BP GOULBURN (Merino Fuels),GOULBURN,DL,239.5
BP GOULBURN (Merino Fuels),GOULBURN,E10,197.7
BP GOULBURN (Merino Fuels),GOULBURN,P98,226.7
BP GOULBURN (Merino Fuels),GOULBURN,U91,199.7
BP Gateway Port Macquarie,PORT MACQUARIE,E10,209.5
BP Gateway Port Macquarie,PORT MACQUARIE,P95,226.9
BP Gateway Port Macquarie,PORT MACQUARIE,P98,236.9
BP Gateway Port Macquarie,PORT MACQUARIE,U91,209.9
BP Gilgandra,GILGANDRA,DL,244.9
BP Gilgandra,GILGANDRA,P95,220.9
BP Gilgandra,GILGANDRA,U91,198.9
BP Glen Innes,GLEN INNES,DL,234.9
BP Glen Innes,GLEN INNES,P98,220.9
BP Glen Innes,GLEN INNES,U91,192.9
BP Glendenning,Glendenning,P95,209.9
BP Glendenning,Glendenning,P98,218.9
BP Glendenning,Glendenning,U91,193.9
BP Grafton,Grafton,P95,220.9
BP Grafton,Grafton,P98,229.9
BP Grafton,Grafton,U91,203.9
BP Grafton South,SOUTH GRAFTON,DL,239.9
BP Grafton South,SOUTH GRAFTON,E10,197.9
BP Grafton South,SOUTH GRAFTON,P98,224.9
BP Grafton South,SOUTH GRAFTON,U91,199.9
BP Greenfield Park,Greenfield Park,E10,188.9
BP Greenfield Park,Greenfield Park,P95,208.9
BP Greenfield Park,Greenfield Park,P98,218.9
BP Grenfell Road,Cowra,E10,199.9
BP Grenfell Road,Cowra,P95,216.9
BP Grenfell Road,Cowra,P98,225.9
BP Greystanes,Greystanes,E10,189.9
BP Greystanes,Greystanes,P98,219.9
BP Greystanes,Greystanes,U91,191.9
BP Griffith,Griffith,E10,203.9
BP Griffith,Griffith,P98,227.9
BP Griffith,Griffith,U91,205.9
BP Guildford,GUILDFORD,DL,232.5
BP Guildford,GUILDFORD,E10,189.5
BP Guildford,GUILDFORD,P98,215.5
BP Guildford,GUILDFORD,U91,191.5
BP Gulgong,Gulgong,DL,251.9
BP Gulgong,Gulgong,P95,225.9
BP Gulgong,Gulgong,U91,209.9
BP Gumly Gumly,GUMLY GUMLY,DL,246.9
BP Gumly Gumly,GUMLY GUMLY,P95,215.9
BP Gumly Gumly,GUMLY GUMLY,P98,224.9
BP Gumly Gumly,GUMLY GUMLY,U91,199.9
BP Gymea,GYMEA,E10,189.9
BP Gymea,GYMEA,P98,216.9
BP Haberfield,HABERFIELD,E10,195.9
BP Haberfield,HABERFIELD,P98,223.9
BP Haberfield,HABERFIELD,U91,197.9
BP Hastings Point,Hastings Point,DL,245.9
BP Hastings Point,Hastings Point,P95,215.9
BP Hastings Point,Hastings Point,P98,224.9
BP Hastings Point,Hastings Point,U91,199.9
BP Heatherbrae,Heatherbrae,DL,241.9
BP Heatherbrae,Heatherbrae,E10,189.9
BP Heatherbrae,Heatherbrae,P95,207.9
BP Heatherbrae,Heatherbrae,P98,216.9
BP Hexham,Hexham,E10,189.9
BP Hexham,Hexham,P95,207.9
BP Hexham,Hexham,P98,216.9
BP Hornsby,Hornsby,P95,209.9
BP Hornsby,Hornsby,P98,218.9
BP Hornsby,Hornsby,U91,191.9
BP Horsley Park,Horsley Park,DL,236.9
BP Horsley Park,Horsley Park,E10,189.9
BP Horsley Park,Horsley Park,P95,204.9
BP Horsley Park,Horsley Park,P98,217.9
BP Howlong,HOWLONG,DL,237.9
BP Howlong,HOWLONG,P98,216.9
BP Howlong,HOWLONG,U91,194.9
BP Hoxton Park,HOXTON PARK,E10,197.9
BP Hoxton Park,HOXTON PARK,P98,224.9
BP Hoxton Park,HOXTON PARK,U91,199.9
BP Hoxton Park Airfield,LEN WATERS ESTATE,DL,239.9
BP Hoxton Park Airfield,LEN WATERS ESTATE,E10,197.9
BP Hoxton Park Airfield,LEN WATERS ESTATE,P95,214.9
BP Hoxton Park Airfield,LEN WATERS ESTATE,P98,224.9
BP Hoxton Park Airfield,LEN WATERS ESTATE,U91,199.9
BP Ingleburn,INGLEBURN,DL,239.9
BP Ingleburn,INGLEBURN,E10,195.9
BP Ingleburn,INGLEBURN,P95,212.9
BP Ingleburn,INGLEBURN,P98,221.9
BP Jamison,Macquarie,E10,203.9
BP Jamison,Macquarie,P95,222.9
BP Jamison,Macquarie,P98,231.9
BP Jamisontown,Penrith,E10,190.9
BP Jamisontown,Penrith,P95,210.9
BP Jamisontown,Penrith,P98,219.9
BP Jamisontown,Penrith,U91,192.9
BP Jerilderie Truck Stop,Jerilderie,DL,239.9
BP Jerilderie Truck Stop,Jerilderie,P95,215.9
BP Jerilderie Truck Stop,Jerilderie,P98,224.9
BP Jerilderie Truck Stop,Jerilderie,U91,199.9
BP Jerrys Plains,JERRYS PLAINS,P95,212.9
BP Jerrys Plains,JERRYS PLAINS,U91,197.9
BP Jindabyne,Jindabyne,E10,204.9
BP Jindabyne,Jindabyne,P95,223.9
BP Jindabyne,Jindabyne,P98,232.9
BP KELSO,KELSO,DL,238.5
BP KELSO,KELSO,E10,195.9
BP KELSO,KELSO,P98,220.9
BP KELSO,KELSO,U91,197.9
BP Katoomba,Katoomba,DL,237.9
BP Katoomba,Katoomba,E10,195.9
BP Katoomba,Katoomba,P98,219.9
BP Katoomba,Katoomba,U91,199.9
BP Kellyville,Kellyville,E10,195.9
BP Kellyville,Kellyville,P95,213.9
BP Kellyville,Kellyville,P98,222.9
BP Kelso Eastbound,KELSO,DL,239.9
BP Kelso Eastbound,KELSO,E10,201.9
BP Kelso Eastbound,KELSO,P98,229.9
BP Kelso Eastbound,KELSO,U91,203.9
BP Kennedy Drive,Tweed Heads,E10,199.9
BP Kennedy Drive,Tweed Heads,P98,226.9
BP Kennedy Drive,Tweed Heads,U91,201.9
BP Kiama,KIAMA,DL,239.9
BP Kiama,KIAMA,E10,199.9
BP Kiama,KIAMA,P95,216.9
BP Kiama,KIAMA,P98,226.9
BP Kiama,KIAMA,U91,201.9
BP Kingsford,KINGSFORD,E10,194.9
BP Kingsford,KINGSFORD,P98,218.9
BP Kingsford,KINGSFORD,U91,196.9
BP Kingsgrove,Kingsgrove,P95,207.9
BP Kingsgrove,Kingsgrove,P98,216.9
BP Kingsgrove,Kingsgrove,U91,189.9
BP Kingston,GRIFFITH,E10,198.9
BP Kingston,GRIFFITH,P95,216.9
BP Kingston,GRIFFITH,P98,225.9
BP Kirrawee,Kirrawee,E10,194.9
BP Kirrawee,Kirrawee,P95,214.9
BP Kirrawee,Kirrawee,P98,224.9
BP Kurmond,Kurmond,E10,193.9
BP Kurmond,Kurmond,P98,223.9
BP Kurmond,Kurmond,U91,195.9
BP Kurrajong Heights,KURRAJONG HEIGHTS,P95,206.9
BP Kurrajong Heights,KURRAJONG HEIGHTS,P98,218.9
BP Kurrajong Heights,KURRAJONG HEIGHTS,U91,192.9
BP Kyogle,Kyogle,P95,222.9
BP Kyogle,Kyogle,U91,212.9
BP Lake Cargelligo,Lake Cargelligo,DL,250.9
BP Lake Cargelligo,Lake Cargelligo,P95,219.9
BP Lake Cargelligo,Lake Cargelligo,U91,208.9
BP Lake Munmorah,Lake Munmorah,P98,227.9
BP Lake Munmorah,Lake Munmorah,U91,197.9
BP Lane Cove,Lane Cove,E10,194.9
BP Lane Cove,Lane Cove,P98,223.9
BP Lane Cove,Lane Cove,U91,196.9
BP Laurieton,Laurieton,DL,233.9
BP Laurieton,Laurieton,P95,207.9
BP Laurieton,Laurieton,P98,217.9
BP Laurieton,Laurieton,U91,197.9
BP Leppington,LEPPINGTON,DL,229.8
BP Leppington,LEPPINGTON,E10,187.8
BP Leppington,LEPPINGTON,P95,199.8
BP Leppington,LEPPINGTON,P98,209.8
BP Leppington Town Centre,LEPPINGTON,E10,192.9
BP Leppington Town Centre,LEPPINGTON,P95,211.9
BP Leppington Town Centre,LEPPINGTON,P98,220.9
BP Lismore,Lismore,P95,214.9
BP Lismore,Lismore,P98,226.9
BP Lismore,Lismore,U91,202.9
BP Lithgow,LITHGOW,E10,202.9
BP Lithgow,LITHGOW,P98,230.9
BP Lithgow,LITHGOW,U91,204.9
BP Liverpool,Liverpool,DL,239.9
BP Liverpool,Liverpool,E10,189.9
BP Liverpool,Liverpool,P98,219.9
BP Liverpool,Liverpool,U91,193.9
BP Loftus,Loftus,E10,199.9
BP Loftus,Loftus,P95,216.9
BP Loftus,Loftus,P98,226.9
BP Loftus,Loftus,U91,201.9
BP Macarthur,Campbelltown,E10,194.9
BP Macarthur,Campbelltown,P95,211.9
BP Macarthur,Campbelltown,P98,220.9
BP Macksville,Macksville,P95,214.9
BP Macksville,Macksville,P98,222.9
BP Macksville,Macksville,U91,200.9
BP Macksville (Cooper Street),Macksville,E10,199.9
BP Macksville (Cooper Street),Macksville,P95,214.9
BP Macksville (Cooper Street),Macksville,P98,222.9
BP Macksville (Cooper Street),Macksville,U91,200.9
BP Macquarie Fields,Macquarie Fields,E10,193.9
BP Macquarie Fields,Macquarie Fields,P95,209.9
BP Macquarie Fields,Macquarie Fields,P98,219.9
BP Macquarie Fields,Macquarie Fields,U91,195.9
BP Manilla,Manilla,DL,242.9
BP Manilla,Manilla,P98,224.9
BP Manilla,Manilla,U91,204.9
BP Manly,MANLY,E10,194.9
BP Manly,MANLY,P95,214.9
BP Manly,MANLY,P98,224.9
BP Manly,MANLY,U91,196.9
BP Maraylya,Maraylya,DL,247.9
BP Maraylya,Maraylya,P98,229.9
BP Maraylya,Maraylya,U91,199.9
BP Marina,SOUTH GRAFTON,DL,235.5
BP Marina,SOUTH GRAFTON,P95,212.5
BP Marina,SOUTH GRAFTON,P98,219.5
BP Marina,SOUTH GRAFTON,U91,196.5
BP Mars,Revesby,E10,194.9
BP Mars,Revesby,P95,213.9
BP Mars,Revesby,P98,223.9
BP Marsden Park,Marsden Park,E10,191.9
BP Marsden Park,Marsden Park,P95,210.9
BP Marsden Park,Marsden Park,P98,219.9
BP Marulan Northbound T/S,Marulan North,DL,241.9
BP Marulan Northbound T/S,Marulan North,E10,197.9
BP Marulan Northbound T/S,Marulan North,P95,215.9
BP Marulan Northbound T/S,Marulan North,P98,224.9
BP Marulan Southbound T/S,Marulan South,DL,241.9
BP Marulan Southbound T/S,Marulan South,E10,197.9
BP Marulan Southbound T/S,Marulan South,P95,215.9
BP Marulan Southbound T/S,Marulan South,P98,224.9
BP Mascot,Mascot,P98,209.9
BP Mascot,Mascot,U91,189.9
BP Matraville,MATRAVILLE,E10,189.9
BP Matraville,MATRAVILLE,P95,207.9
BP Matraville,MATRAVILLE,P98,214.9
BP Mayfield,MAYFIELD,E10,195.9
BP Mayfield,MAYFIELD,P98,223.9
BP Mayfield,MAYFIELD,U91,197.9
BP Mays Hill,Mays Hill,DL,237.7
BP Mays Hill,Mays Hill,P95,211.7
BP Mays Hill,Mays Hill,P98,220.7
BP Mays Hill,Mays Hill,U91,193.7
BP Medowie,Medowie,P95,207.9
BP Medowie,Medowie,P98,216.9
BP Medowie,Medowie,U91,190.9
BP Merriwa,Merriwa,DL,232.5
BP Merriwa,Merriwa,E10,194.5
BP Merriwa,Merriwa,P98,229.5
BP Merriwa,Merriwa,U91,199.5
BP Merrylands West,Merrylands West,E10,188.9
BP Merrylands West,Merrylands West,P95,208.9
BP Merrylands West,Merrylands West,P98,218.9
BP Milperra,Milperra,E10,189.9
BP Milperra,Milperra,P95,208.9
BP Milperra,Milperra,P98,217.9
BP Milton,MILTON,DL,235.9
BP Milton,MILTON,E10,197.9
BP Milton,MILTON,P98,223.9
BP Milton,MILTON,U91,199.9
BP Minchinbury,Minchinbury,DL,238.9
BP Minchinbury,Minchinbury,E10,191.9
BP Minchinbury,Minchinbury,P95,211.9
BP Minchinbury,Minchinbury,P98,220.9
BP Mittagong,Mittagong,DL,239.9
BP Mittagong,Mittagong,E10,198.9
BP Mittagong,Mittagong,P95,215.9
BP Mittagong,Mittagong,P98,225.9
BP Mittagong,Mittagong,U91,200.9
BP Moama,Moama,P98,226.9
BP Moama,Moama,U91,199.9
BP Mona Vale,Mona Vale,E10,193.9
BP Mona Vale,Mona Vale,P95,212.9
BP Mona Vale,Mona Vale,P98,221.9
BP Moorebank,MOOREBANK,DL,239.9
BP Moorebank,MOOREBANK,E10,187.9
BP Moorebank,MOOREBANK,P95,209.9
BP Moorebank,MOOREBANK,P98,219.9
BP Moorebank,MOOREBANK,U91,189.9
BP Mortdale,Mortdale,P95,207.9
BP Mortdale,Mortdale,P98,216.9
BP Mortdale,Mortdale,U91,189.9
BP Mosman (0926),Mosman,E10,193.9
BP Mosman (0926),Mosman,P95,209.9
BP Mosman (0926),Mosman,P98,218.9
BP Mosman (9542),Mosman,E10,193.9
BP Mosman (9542),Mosman,P98,218.9
BP Mosman (9542),Mosman,U91,195.9
BP Mudgee,Mudgee,E10,201.9
BP Mudgee,Mudgee,P98,227.9
BP Mudgee,Mudgee,U91,204.9
BP Murwillumbah,Murwillumbah,P95,219.9
BP Murwillumbah,Murwillumbah,P98,227.9
BP Murwillumbah,Murwillumbah,U91,199.9
BP Muswellbrook,MUSWELLBROOK,E10,194.9
BP Muswellbrook,MUSWELLBROOK,P98,222.9
BP Muswellbrook,MUSWELLBROOK,U91,196.9
BP NEMINGHA,NEMINGHA,E10,205.9
BP NEMINGHA,NEMINGHA,P98,235.9
BP NEMINGHA,NEMINGHA,U91,207.9
BP Nambucca Heads,Nambucca Heads,P95,223.9
BP Nambucca Heads,Nambucca Heads,P98,230.9
BP Nambucca Heads,Nambucca Heads,U91,199.9
BP Nambucca T/C,VALLA,DL,246.9
BP Nambucca T/C,VALLA,E10,199.9
BP Nambucca T/C,VALLA,P95,215.9
BP Nambucca T/C,VALLA,P98,224.9
BP Narellan,NARELLAN,E10,191.9
BP Narellan,NARELLAN,P95,215.9
BP Narellan,NARELLAN,P98,221.9
BP Narellan,NARELLAN,U91,193.9
BP Naremburn,Naremburn,P95,208.9
BP Naremburn,Naremburn,P98,217.9
BP Naremburn,Naremburn,U91,192.9
BP Narrabri,NARRABRI,DL,245.9
BP Narrabri,NARRABRI,P98,237.9
BP Narrabri,NARRABRI,U91,207.9
BP Narromine,NARROMINE,DL,248.9
BP Narromine,NARROMINE,E10,203.9
BP Narromine,NARROMINE,P98,241.9
BP Narromine,NARROMINE,U91,230.9
BP New Lambton,NEW LAMBTON,E10,202.9
BP New Lambton,NEW LAMBTON,P98,230.9
BP New Lambton,NEW LAMBTON,U91,204.9
BP Nicholls,NICHOLLS,E10,202.9
BP Nicholls,NICHOLLS,P98,228.9
BP Nicholls,NICHOLLS,U91,204.9
BP Normanhurst,Normanhurst,P95,212.9
BP Normanhurst,Normanhurst,P98,221.9
BP Normanhurst,Normanhurst,U91,194.9
BP North Albury T/S,Lavington,DL,236.9
BP North Albury T/S,Lavington,P95,211.9
BP North Albury T/S,Lavington,P98,220.9
BP North Albury T/S,Lavington,U91,195.9
BP North Ballina,BALLINA,P95,215.9
BP North Ballina,BALLINA,P98,224.9
BP North Ballina,BALLINA,U91,199.9
BP North Manly,North Manly,E10,193.9
BP North Manly,North Manly,P98,218.9
BP North Orange,ORANGE,DL,229.5
BP North Orange,ORANGE,E10,189.5
BP North Orange,ORANGE,P95,207.5
BP North Orange,ORANGE,U91,193.5
BP North Richmond,NORTH RICHMOND,P95,206.9
BP North Richmond,NORTH RICHMOND,P98,218.9
BP North Richmond,NORTH RICHMOND,U91,192.9
BP North Rocks,North Rocks,E10,191.7
BP North Rocks,North Rocks,P95,209.7
BP North Rocks,North Rocks,P98,219.7
BP North Willoughby,Willoughby,E10,193.9
BP North Willoughby,Willoughby,P95,211.9
BP North Willoughby,Willoughby,P98,220.9
BP Nowra,NOWRA,E10,191.9
BP Nowra,NOWRA,P95,210.9
BP Nowra,NOWRA,P98,219.9
BP Nyngan,Nyngan,DL,237.5
BP Nyngan,Nyngan,E10,195.5
BP Nyngan,Nyngan,P95,211.5
BP Nyngan,Nyngan,U91,197.5
BP Oakville,Oakville,DL,239.9
BP Oakville,Oakville,P95,206.9
BP Oakville,Oakville,P98,216.9
BP Oakville,Oakville,U91,196.9
BP Oberon Truckstop,OBERON,DL,229.9
BP Oberon Truckstop,OBERON,E10,183.9
BP Oberon Truckstop,OBERON,P98,213.9
BP Oberon Truckstop,OBERON,U91,185.9
BP Orange (Bathurst Road),Orange,E10,201.9
BP Orange (Bathurst Road),Orange,P95,219.9
BP Orange (Bathurst Road),Orange,P98,228.9
BP Orange (Summer ST),Orange,E10,199.9
BP Orange (Summer ST),Orange,P95,217.9
BP Orange (Summer ST),Orange,P98,226.9
BP Ozigo,Byron Bay,E10,203.9
BP Ozigo,Byron Bay,P95,220.9
BP Ozigo,Byron Bay,P98,229.9
BP Parkes Gateway,PARKES,DL,241.9
BP Parkes Gateway,PARKES,E10,209.9
BP Parkes Gateway,PARKES,P95,227.9
BP Parkes Gateway,PARKES,P98,236.9
BP Peninsula,Mona Vale,E10,193.9
BP Peninsula,Mona Vale,P95,210.9
BP Peninsula,Mona Vale,P98,219.9
BP Penrith,Penrith,DL,246.9
BP Penrith,Penrith,E10,194.9
BP Penrith,Penrith,P95,211.9
BP Penrith,Penrith,P98,220.9
BP Penshurst,PENSHURST,P98,217.9
BP Penshurst,PENSHURST,U91,195.9
BP Phillip,PHILLIP,E10,201.9
BP Phillip,PHILLIP,P95,220.9
BP Phillip,PHILLIP,P98,229.9
BP Picton,Picton,P95,208.9
BP Picton,Picton,P98,217.9
BP Picton,Picton,U91,192.9
BP Pitt Town,PITT TOWN,P98,220.9
BP Pitt Town,PITT TOWN,U91,198.9
BP Port Kembla,Port Kembla,DL,235.9
BP Port Kembla,Port Kembla,E10,189.9
BP Port Kembla,Port Kembla,P95,213.9
BP Port Kembla,Port Kembla,P98,221.9
BP Port Kembla,Port Kembla,U91,191.9
BP Potts Hill T/S,Yagoona,DL,239.9
BP Potts Hill T/S,Yagoona,E10,191.9
BP Potts Hill T/S,Yagoona,P95,209.9
BP Potts Hill T/S,Yagoona,P98,218.9
BP Prestons,Prestons,E10,197.9
BP Prestons,Prestons,P95,217.9
BP Prestons,Prestons,P98,227.9
BP Prestons,Prestons,U91,199.9
BP Putney,Putney,DL,243.9
BP Putney,Putney,P95,211.9
BP Putney,Putney,P98,222.9
BP Putney,Putney,U91,194.9
BP Pymble,Pymble,E10,195.9
BP Pymble,Pymble,P95,211.9
BP Pymble,Pymble,P98,220.9
BP Quakers Hill,Quakers Hill,E10,191.9
BP Quakers Hill,Quakers Hill,P95,209.9
BP Quakers Hill,Quakers Hill,P98,219.9
BP Quakers Hill,Quakers Hill,U91,193.9
BP Queanbeyan,Queanbeyan,DL,232.9
BP Queanbeyan,Queanbeyan,E10,194.9
BP Queanbeyan,Queanbeyan,P98,219.9
BP Queanbeyan,Queanbeyan,U91,195.9
BP Quirindi,QUIRINDI,DL,233.5
BP Quirindi,QUIRINDI,E10,193.5
BP Quirindi,QUIRINDI,P95,209.5
BP Quirindi,QUIRINDI,U91,195.5
BP RANDWICK,RANDWICK,E10,192.7
BP RANDWICK,RANDWICK,P98,217.7
BP RANDWICK,RANDWICK,U91,194.7
BP ROADHOUSE TEMORA,TEMORA,DL,239.9
BP ROADHOUSE TEMORA,TEMORA,E10,195.9
BP ROADHOUSE TEMORA,TEMORA,P95,209.9
BP ROADHOUSE TEMORA,TEMORA,P98,224.9
BP ROADHOUSE TEMORA,TEMORA,U91,199.9
BP ROADHOUSE WALLABADAH,WALLABADAH,DL,237.9
BP ROADHOUSE WALLABADAH,WALLABADAH,P98,217.9
BP ROADHOUSE WALLABADAH,WALLABADAH,U91,199.9
BP Raglan,Raglan,E10,189.9
BP Raglan,Raglan,P95,206.9
BP Raglan,Raglan,P98,215.9
BP Redfern,REDFERN,E10,195.9
BP Redfern,REDFERN,P98,225.9
BP Redfern,REDFERN,U91,197.9
BP Revesby,Revesby,P95,204.9
BP Revesby,Revesby,P98,213.9
BP Revesby,Revesby,U91,188.9
BP Riverside Maclean,MacLean,E10,199.9
BP Riverside Maclean,MacLean,P95,216.9
BP Riverside Maclean,MacLean,P98,225.9
BP Riverstone,RIVERSTONE,DL,237.9
BP Riverstone,RIVERSTONE,P95,207.9
BP Riverstone,RIVERSTONE,P98,217.9
BP Riverstone,RIVERSTONE,U91,192.9
BP Riverwood,RIVERWOOD,DL,229.8
BP Riverwood,RIVERWOOD,E10,187.8
BP Riverwood,RIVERWOOD,P95,199.8
BP Riverwood,RIVERWOOD,P98,209.8
BP Roadhouse,NIMMITABEL,DL,229.1
BP Roadhouse,NIMMITABEL,P98,214.1
BP Roadhouse,NIMMITABEL,U91,193.1
BP Rockdale,ROCKDALE,E10,193.9
BP Rockdale,ROCKDALE,P95,208.9
BP Rockdale,ROCKDALE,P98,218.9
BP Rockdale,ROCKDALE,U91,198.9
BP Rose Bay,Rose Bay,E10,194.9
BP Rose Bay,Rose Bay,P98,224.9
BP Rose Bay,Rose Bay,U91,196.9
BP Rose Bay Central,ROSE BAY,E10,194.9
BP Rose Bay Central,ROSE BAY,P98,222.9
BP Rosehill,Rosehill,E10,193.9
BP Rosehill,Rosehill,P95,212.9
BP Rosehill,Rosehill,P98,221.9
BP Rozelle,Rozelle,P95,205.9
BP Rozelle,Rozelle,P98,214.9
BP Rozelle,Rozelle,U91,189.9
BP Runway,Mascot,E10,189.9
BP Runway,Mascot,P95,207.9
BP Runway,Mascot,P98,216.9
BP Rutherford,Rutherford,P95,221.9
BP Rutherford,Rutherford,P98,230.9
BP Rutherford,Rutherford,U91,205.9
BP Rydalmere,Rydalmere,E10,189.9
BP Rydalmere,Rydalmere,P95,207.9
BP Rydalmere,Rydalmere,P98,216.9
BP Salt Ash,SALT ASH,DL,239.5
BP Salt Ash,SALT ASH,E10,192.5
BP Salt Ash,SALT ASH,P98,221.5
BP Salt Ash,SALT ASH,U91,194.5
BP Sans Souci,Sans Souci,DL,239.7
BP Sans Souci,Sans Souci,E10,189.7
BP Sans Souci,Sans Souci,P95,208.7
BP Sans Souci,Sans Souci,P98,217.7
BP Sans Souci,Sans Souci,U91,191.7
BP Scone,SCONE,E10,195.9
BP Scone,SCONE,P98,223.9
BP Scone,SCONE,U91,197.9
BP Seven Hills,Seven Hills,DL,247.9
BP Seven Hills,Seven Hills,E10,197.9
BP Seven Hills,Seven Hills,P98,226.9
BP Seven Hills,Seven Hills,U91,199.9
BP Shalvey,SHALVEY,DL,239.9
BP Shalvey,SHALVEY,P95,209.9
BP Shalvey,SHALVEY,P98,219.9
BP Shalvey,SHALVEY,U91,193.9
BP Silverwater,SILVERWATER,DL,244.9
BP Silverwater,SILVERWATER,E10,195.9
BP Silverwater,SILVERWATER,P95,212.9
BP Silverwater,SILVERWATER,P98,221.9
BP Silverwater South,SILVERWATER,E10,195.9
BP Silverwater South,SILVERWATER,P98,224.9
BP Silverwater South,SILVERWATER,U91,197.9
BP Smithfield,SMITHFIELD,E10,187.9
BP Smithfield,SMITHFIELD,P98,214.9
BP Smithfield,SMITHFIELD,U91,189.9
BP Somersby Truck Stop,SOMERSBY,DL,237.9
BP Somersby Truck Stop,SOMERSBY,E10,195.9
BP Somersby Truck Stop,SOMERSBY,P98,226.9
BP Somersby Truck Stop,SOMERSBY,U91,197.9
BP Somerton,Somerton,DL,244.5
BP Somerton,Somerton,P98,234.5
BP Somerton,Somerton,U91,206.5
BP South Hurstville,SOUTH HURSTVILLE,E10,192.9
BP South Hurstville,SOUTH HURSTVILLE,P95,212.9
BP South Hurstville,SOUTH HURSTVILLE,P98,220.9
BP South Hurstville,SOUTH HURSTVILLE,U91,194.9
BP South Moorebank,Moorebank,E10,191.9
BP South Moorebank,Moorebank,P95,210.9
BP South Moorebank,Moorebank,P98,219.9
BP South Tamworth,Hillvue,E10,188.7
BP South Tamworth,Hillvue,P98,215.7
BP South Tamworth,Hillvue,U91,190.7
BP Springwood,Valley Heights,E10,193.9
BP Springwood,Valley Heights,P95,211.9
BP Springwood,Valley Heights,P98,220.9
BP St Marys,St Marys,E10,189.9
BP St Marys,St Marys,P95,208.9
BP St Marys,St Marys,P98,217.9
BP St Marys (Forrester Road),ST MARYS,DL,237.9
BP St Marys (Forrester Road),ST MARYS,E10,189.9
BP St Marys (Forrester Road),ST MARYS,P98,219.9
BP St Marys (Forrester Road),ST MARYS,U91,191.9
BP St Marys South,St Marys,P95,211.9
BP St Marys South,St Marys,P98,219.9
BP St Marys South,St Marys,U91,193.9
BP St Peters (NSW),St Peters,E10,189.9
BP St Peters (NSW),St Peters,P95,208.9
BP St Peters (NSW),St Peters,P98,217.9
BP Stanford Merthyr,Stanford Merthyr,DL,229.9
BP Stanford Merthyr,Stanford Merthyr,P95,207.9
BP Stanford Merthyr,Stanford Merthyr,U91,197.9
BP Stewart Street,Bathurst,E10,201.9
BP Stewart Street,Bathurst,P95,218.9
BP Stewart Street,Bathurst,P98,227.9
BP Summer Hill,Summer Hill,E10,189.9
BP Summer Hill,Summer Hill,P95,208.9
BP Summer Hill,Summer Hill,P98,219.9
BP Summer Hill,Summer Hill,U91,194.9
BP Sydenham,Sydenham,P95,208.9
BP Sydenham,Sydenham,P98,217.9
BP Sydenham,Sydenham,U91,192.9
BP TONGARRA,ALBION PARK,E10,198.9
BP TONGARRA,ALBION PARK,P95,216.9
BP TONGARRA,ALBION PARK,P98,226.9
BP TONGARRA,ALBION PARK,U91,199.9
BP TULLAMORE,TULLAMORE,DL,255.9
BP TULLAMORE,TULLAMORE,P95,217.9
BP TULLAMORE,TULLAMORE,U91,207.9
BP Tahmoor,TAHMOOR,E10,195.9
BP Tahmoor,TAHMOOR,P98,223.9
BP Tahmoor,TAHMOOR,U91,197.9
BP Tamworth,WEST TAMWORTH,P98,219.9
BP Tamworth,WEST TAMWORTH,U91,194.9
BP Taree,Taree,P95,217.5
BP Taree,Taree,P98,225.5
BP Taree,Taree,U91,197.5
BP Tenterfield,TENTERFIELD,DL,239.9
BP Tenterfield,TENTERFIELD,P95,209.9
BP Tenterfield,TENTERFIELD,P98,226.9
BP Tenterfield,TENTERFIELD,U91,197.9
BP Termeil,TERMEIL,DL,229.9
BP Termeil,TERMEIL,E10,193.9
BP Termeil,TERMEIL,P98,220.9
BP Termeil,TERMEIL,U91,196.9
BP Thornleigh,THORNLEIGH,P95,211.9
BP Thornleigh,THORNLEIGH,P98,220.9
BP Thornleigh,THORNLEIGH,U91,193.9
BP Thurgoona,THURGOONA,DL,238.9
BP Thurgoona,THURGOONA,P95,213.9
BP Thurgoona,THURGOONA,P98,229.9
BP Thurgoona,THURGOONA,U91,197.9
BP Tighes Hill,TIGHES HILL,DL,236.9
BP Tighes Hill,TIGHES HILL,E10,197.9
BP Tighes Hill,TIGHES HILL,P95,214.9
BP Tighes Hill,TIGHES HILL,P98,223.9
BP Tomingley,Tomingley,DL,237.9
BP Tomingley,Tomingley,E10,193.9
BP Tomingley,Tomingley,P95,209.9
BP Tomingley,Tomingley,U91,195.9
BP Tornik,CLARENZA,DL,235.5
BP Tornik,CLARENZA,E10,195.5
BP Tornik,CLARENZA,P98,219.5
BP Tornik,CLARENZA,U91,196.5
BP Toronto,Toronto,P95,215.9
BP Toronto,Toronto,P98,224.9
BP Toronto,Toronto,U91,199.9
BP Towradgi,Towradgi,DL,242.9
BP Towradgi,Towradgi,E10,197.9
BP Towradgi,Towradgi,P98,225.9
BP Towradgi,Towradgi,U91,199.9
BP Tuggerah,Tuggerah,DL,231.9
BP Tuggerah,Tuggerah,E10,193.9
BP Tuggerah,Tuggerah,P95,212.9
BP Tuggerah,Tuggerah,P98,221.9
BP Tumbarumba Servo,TUMBARUMBA,DL,249.7
BP Tumbarumba Servo,TUMBARUMBA,P98,239.7
BP Tumbarumba Servo,TUMBARUMBA,U91,209.7
BP Tumbi Umbi,Tumbi Umbi,E10,189.9
BP Tumbi Umbi,Tumbi Umbi,P95,208.9
BP Tumbi Umbi,Tumbi Umbi,P98,217.9
BP Turramurra,Turramurra,E10,187.9
BP Turramurra,Turramurra,P98,213.9
BP Turramurra,Turramurra,U91,189.9
BP Uki,Uki,DL,243.9
BP Uki,Uki,P95,226.9
BP Uki,Uki,U91,209.9
BP Ulladulla,ULLADULLA,E10,199.9
BP Ulladulla,ULLADULLA,P98,229.9
BP Ulladulla,ULLADULLA,U91,201.9
BP Uncle Leo's Roadhouse,GLENFIELD,DL,238.9
BP Uncle Leo's Roadhouse,GLENFIELD,P95,209.9
BP Uncle Leo's Roadhouse,GLENFIELD,P98,218.9
BP Uncle Leo's Roadhouse,GLENFIELD,U91,193.9
BP Uralla,Uralla,DL,229.9
BP Uralla,Uralla,E10,187.9
BP Uralla,Uralla,P98,213.9
BP Uralla,Uralla,U91,189.9
BP Urunga,Urunga,E10,202.9
BP Urunga,Urunga,P98,227.9
BP Urunga,Urunga,U91,202.9
BP Valentine,Valentine,E10,196.9
BP Valentine,Valentine,P98,223.9
BP Valentine,Valentine,U91,199.9
BP WALLSEND,WALLSEND,E10,195.5
BP WALLSEND,WALLSEND,P98,224.5
BP WALLSEND,WALLSEND,U91,197.5
BP WELLINGTON,WELLINGTON,DL,239.5
BP WELLINGTON,WELLINGTON,E10,197.5
BP WELLINGTON,WELLINGTON,P98,220.5
BP WERRIS CREEK,WERRIS CREEK,DL,235.9
BP WERRIS CREEK,WERRIS CREEK,E10,197.5
BP WERRIS CREEK,WERRIS CREEK,P98,217.9
BP WERRIS CREEK,WERRIS CREEK,U91,198.9
BP Wagga Wagga,WAGGA WAGGA,E10,191.9
BP Wagga Wagga,WAGGA WAGGA,P98,217.9
BP Wagga Wagga,WAGGA WAGGA,U91,193.9
BP Wallacia,Wallacia,DL,239.9
BP Wallacia,Wallacia,E10,197.9
BP Wallacia,Wallacia,P95,208.9
BP Wallacia,Wallacia,P98,219.9
BP Wardell,WARDELL,P98,224.9
BP Wardell,WARDELL,U91,200.9
BP Warners Bay,WARNERS BAY,E10,203.9
BP Warners Bay,WARNERS BAY,P95,220.9
BP Warners Bay,WARNERS BAY,P98,229.9
BP Warwick Farm,Warwick Farm,E10,193.9
BP Warwick Farm,Warwick Farm,P95,213.9
BP Warwick Farm,Warwick Farm,P98,221.9
BP Watson,WATSON,E10,203.9
BP Watson,WATSON,P95,222.9
BP Watson,WATSON,P98,231.9
BP Wentworth Falls,Wentworth Falls,P95,208.9
BP Wentworth Falls,Wentworth Falls,P98,218.9
BP Wentworth Falls,Wentworth Falls,U91,194.9
BP West Pennant Hills,West Pennant Hills,E10,194.9
BP West Pennant Hills,West Pennant Hills,P98,223.9
BP West Pennant Hills,West Pennant Hills,U91,196.9
BP West Pymble,WEST PYMBLE,E10,192.9
BP West Pymble,WEST PYMBLE,P95,210.9
BP West Pymble,WEST PYMBLE,P98,218.9
BP West Ryde,West Ryde,P95,211.9
BP West Ryde,West Ryde,P98,220.9
BP West Ryde,West Ryde,U91,195.9
BP West Wyalong,WEST WYALONG,DL,239.9
BP West Wyalong,WEST WYALONG,P95,229.9
BP West Wyalong,WEST WYALONG,U91,199.9
BP Whitebridge,Whitebridge,P95,214.7
BP Whitebridge,Whitebridge,P98,229.7
BP Whitebridge,Whitebridge,U91,199.7
BP Whittingham,WHITTINGHAM,DL,238.9
BP Whittingham,WHITTINGHAM,P95,205.9
BP Whittingham,WHITTINGHAM,P98,214.9
BP Whittingham,WHITTINGHAM,U91,189.9
BP Wilberforce,Wilberforce,DL,245.9
BP Wilberforce,Wilberforce,P95,205.4
BP Wilberforce,Wilberforce,P98,215.4
BP Wilberforce,Wilberforce,U91,190.4
BP Wiley Park,Wiley Park,P95,207.9
BP Wiley Park,Wiley Park,P98,216.9
BP Wiley Park,Wiley Park,U91,189.9
BP Willoughby,NORTH WILLOUGHBY,E10,193.9
BP Willoughby,NORTH WILLOUGHBY,P95,213.9
BP Willoughby,NORTH WILLOUGHBY,P98,222.9
BP Willoughby,Willoughby,E10,193.9
BP Willoughby,Willoughby,P98,222.9
BP Willoughby,Willoughby,U91,195.9
BP Wilton,WILTON,E10,203.9
BP Wilton,WILTON,P95,220.9
BP Wilton,WILTON,P98,230.9
BP Wilton,WILTON,U91,205.9
BP Wollongbar Village,WOLLONGBAR,E10,199.9
BP Wollongbar Village,WOLLONGBAR,P95,217.9
BP Wollongbar Village,WOLLONGBAR,P98,226.9
BP Wollongbar Village,WOLLONGBAR,U91,201.9
BP Woodcroft,Doonside,E10,192.9
BP Woodcroft,Doonside,P95,210.9
BP Woodcroft,Doonside,P98,219.9
BP Woodpark Road,SMITHFIELD,E10,197.9
BP Woodpark Road,SMITHFIELD,P98,227.9
BP Woodpark Road,SMITHFIELD,U91,202.9
BP Woolgoolga,Woolgoolga,P98,233.5
BP Woolgoolga,Woolgoolga,U91,206.5
BP Woollahra,Woollahra,E10,194.9
BP Woollahra,Woollahra,P95,213.9
BP Woollahra,Woollahra,P98,222.9
BP Wyoming,Wyoming,P95,218.9
BP Wyoming,Wyoming,P98,227.9
BP Wyoming,Wyoming,U91,200.9
BP Yagoona,Yagoona,P95,219.9
BP Yagoona,Yagoona,P98,229.9
BP Yagoona,Yagoona,U91,199.9
BP Yamba - The Bait Place,Yamba,P95,211.9
BP Yamba - The Bait Place,Yamba,P98,221.9
BP Yamba - The Bait Place,Yamba,U91,201.9
BP Young,Young,E10,199.9
BP Young,Young,P95,216.9
BP Young,Young,P98,225.9
BP Young Roadhouse,YOUNG,DL,234.9
BP Young Roadhouse,YOUNG,E10,193.9
BP Young Roadhouse,YOUNG,P98,219.9
BP Young Roadhouse,YOUNG,U91,195.9
BUDGET PETROL ASHFIELD,ASHFIELD,E10,182.9
BUDGET PETROL ASHFIELD,ASHFIELD,P95,203.9
BUDGET PETROL ASHFIELD,ASHFIELD,U91,184.9
BUDGET PETROL BEXLEY ROAD CAMPSIE,Campsie,E10,181.9
BUDGET PETROL BEXLEY ROAD CAMPSIE,Campsie,P98,202.9
BUDGET PETROL BEXLEY ROAD CAMPSIE,Campsie,U91,181.9
BUDGET PETROL MASCOT,Mascot,E10,187.9
BUDGET PETROL MASCOT,Mascot,P98,209.9
BUDGET PETROL MASCOT,Mascot,U91,188.9
Baileys Garage,GUNNING,DL,237.9
Baileys Garage,GUNNING,P95,218.8
Baileys Garage,GUNNING,U91,212.9
Baldwin Automotive,BROKEN HILL,DL,247.9
Baldwin Automotive,BROKEN HILL,P98,236.9
Baldwin Automotive,BROKEN HILL,U91,209.9
Bangalow General Store,BANGALOW,DL,246.8
Bangalow General Store,BANGALOW,P95,214.8
Bangalow General Store,BANGALOW,U91,203.7
Bargo Petroleum,BARGO,E10,187.7
Bargo Petroleum,BARGO,P98,209.7
Bargo Petroleum,BARGO,U91,189.7
Barooga General Store,BAROOGA,DL,235.9
Barooga General Store,BAROOGA,P98,215.9
Barooga General Store,BAROOGA,U91,195.9
Barriekneal Fuels Pty Ltd,LIGHTNING RIDGE,DL,257.9
Barriekneal Fuels Pty Ltd,LIGHTNING RIDGE,P95,239.9
Barriekneal Fuels Pty Ltd,LIGHTNING RIDGE,U91,218.9
Barrington General Store,BARRINGTON,DL,228.9
Barrington General Store,BARRINGTON,P95,202.9
Barrington General Store,BARRINGTON,U91,188.9
Beardy Street Servo,ARMIDALE,DL,236
Beardy Street Servo,ARMIDALE,P95,208
Beardy Street Servo,ARMIDALE,U91,198
Bendy Kates,TATHRA,DL,237.9
Bendy Kates,TATHRA,P95,216.9
Bendy Kates,TATHRA,U91,207.9
Bewong Roadhouse,BEWONG,DL,235.9
Bewong Roadhouse,BEWONG,P95,212.9
Bewong Roadhouse,BEWONG,P98,221.9
Bewong Roadhouse,BEWONG,U91,195.9
Billabong Takeaway & LPO,YEOVAL,DL,244.9
Billabong Takeaway & LPO,YEOVAL,U91,205.9
Biti Motors,Culcairn,U91,198
Black Stump Service Station,COOLAH,DL,243.9
Black Stump Service Station,COOLAH,U91,201.9
"Blue Dolphin Service Station, YAMBA",YAMBA,DL,231.9
"Blue Dolphin Service Station, YAMBA",YAMBA,P98,216.9
"Blue Dolphin Service Station, YAMBA",YAMBA,U91,197.9
Boambee Bay Service Station & General Store,TOORMINA,DL,242.9
Boambee Bay Service Station & General Store,TOORMINA,P95,216.9
Boambee Bay Service Station & General Store,TOORMINA,U91,200.9
Boland Petroleum,MOREE,DL,230
Boland Petroleum,MOREE,P95,210
Boland Petroleum,MOREE,U91,200
Boland Petroleum,NARRABRI,DL,230
Boland Petroleum,NARRABRI,P95,215
Boland Petroleum,NARRABRI,U91,200
Bombala Servo,BOMBALA,DL,229.1
Bombala Servo,BOMBALA,U91,187.1
Bonalbo Petrol and General Store,BONALBO,DL,245.9
Bonalbo Petrol and General Store,BONALBO,U91,204.8
Bp East Albury,EAST ALBURY,P95,213.9
Bp East Albury,EAST ALBURY,P98,222.9
Bp East Albury,EAST ALBURY,U91,197.9
Bp woonona,WOONONA,P98,222.9
Bp woonona,WOONONA,U91,195.9
Bradshaw Mechanical,BINALONG,DL,224
Bradshaw Mechanical,BINALONG,P95,202
Bravo Girraween,Girraween,DL,219.5
Bravo Girraween,Girraween,P98,211.5
Bravo Girraween,Girraween,U91,189.5
Bribbaree servo,BRIBBAREE,DL,230
Bribbaree servo,BRIBBAREE,P95,188
Bribbaree servo,BRIBBAREE,P98,188
Broke Village Store,BROKE,DL,232.9
Broke Village Store,BROKE,E10,197.9
Broke Village Store,BROKE,P98,222.9
Broke Village Store,BROKE,U91,199.9
Brooklyn Central,BROOKLYN,P95,224.9
Brooklyn Central,BROOKLYN,U91,209.9
Broulee Supermarket & Cellars,BROULEE,DL,229.9
Broulee Supermarket & Cellars,BROULEE,P98,216.9
Broulee Supermarket & Cellars,BROULEE,U91,189.9
Brunswick Village Greens,BRUNSWICK HEADS,DL,239.9
Brunswick Village Greens,BRUNSWICK HEADS,U91,199.9
Budget  Erskineville,ERSKINEVILLE,E10,183.9
Budget  Erskineville,ERSKINEVILLE,P98,209.9
Budget  Erskineville,ERSKINEVILLE,U91,185.9
Budget Auburn,AUBURN,DL,229.5
Budget Auburn,AUBURN,E10,187.5
Budget Auburn,AUBURN,P98,209.5
Budget Auburn,AUBURN,U91,189.5
Budget Bexley,BEXLEY,DL,228.9
Budget Bexley,BEXLEY,E10,183.9
Budget Bexley,BEXLEY,P95,205.9
Budget Bexley,BEXLEY,U91,188.9
Budget Bexley South,BEXLEY,E10,181.9
Budget Bexley South,BEXLEY,P95,203.9
Budget Bexley South,BEXLEY,P98,208.9
Budget Bexley South,BEXLEY,U91,185.9
Budget Blacktown,Blacktown,P95,211.9
Budget Blacktown,Blacktown,P98,216.9
Budget Blacktown,Blacktown,U91,189.9
Budget Campsie,Campsie,E10,176.5
Budget Campsie,Campsie,P95,192.5
Budget Campsie,Campsie,P98,202.5
Budget Campsie,Campsie,U91,181.5
Budget Carlton,KOGARAH,E10,181.9
Budget Carlton,KOGARAH,P98,208.9
Budget Carlton,KOGARAH,U91,184.9
Budget Dulwich Hill,Dulwich Hill,E10,184.5
Budget Dulwich Hill,Dulwich Hill,P98,208.5
Budget Dulwich Hill,Dulwich Hill,U91,184.5
Budget Fairfield,Fairfield,DL,229.9
Budget Fairfield,Fairfield,E10,179.9
Budget Fairfield,Fairfield,P95,199.9
Budget Fairfield,Fairfield,P98,210.9
Budget Fairfield,Fairfield,U91,182.9
Budget Goulburn,Goulburn,DL,231.9
Budget Goulburn,Goulburn,E10,187.9
Budget Goulburn,Goulburn,P95,223.9
Budget Goulburn,Goulburn,P98,228.9
Budget Goulburn,Goulburn,U91,189.9
Budget Granville,Granville,E10,192.9
Budget Granville,Granville,P95,210.9
Budget Granville,Granville,P98,219.9
Budget Granville,Granville,U91,194.9
Budget Kingsgrove,Kingsgrove,E10,182.9
Budget Kingsgrove,Kingsgrove,P95,199.9
Budget Kingsgrove,Kingsgrove,P98,209.9
Budget Kingsgrove,Kingsgrove,U91,185.9
Budget Moorebank,Moorebank,E10,187.9
Budget Moorebank,Moorebank,P95,207.9
Budget Moorebank,Moorebank,P98,219.9
Budget Moorebank,Moorebank,U91,189.9
Budget Oatley,Oatley,DL,229.9
Budget Oatley,Oatley,E10,183.9
Budget Oatley,Oatley,P95,206.9
Budget Oatley,Oatley,U91,189.9
Budget Petrol,North Strathfield,DL,234.9
Budget Petrol,North Strathfield,E10,189.7
Budget Petrol,North Strathfield,P95,208.7
Budget Petrol,North Strathfield,P98,217.7
Budget Petrol,North Strathfield,U91,192.7
Budget Petrol,Petersham,E10,184.9
Budget Petrol,Petersham,P95,203.9
Budget Petrol,Petersham,P98,212.9
Budget Petrol,Petersham,U91,187.9
Budget Petrol,STRATHFIELD,DL,223.9
Budget Petrol,STRATHFIELD,E10,184.7
Budget Petrol,STRATHFIELD,P95,205.7
Budget Petrol,STRATHFIELD,P98,214.7
Budget Petrol,STRATHFIELD,U91,186.7
Budget Petrol Chippendale,CHIPPENDALE,P95,208.7
Budget Petrol Chippendale,CHIPPENDALE,P98,215.7
Budget Petrol Chippendale,CHIPPENDALE,U91,194.7
Budget Petrol Eastlakes,Eastlakes,E10,187.9
Budget Petrol Eastlakes,Eastlakes,P95,205.9
Budget Petrol Eastlakes,Eastlakes,P98,209.9
Budget Petrol Eastlakes,Eastlakes,U91,189.9
Budget Petrol Lewisham,LEWISHAM,E10,184.7
Budget Petrol Lewisham,LEWISHAM,P95,203.7
Budget Petrol Lewisham,LEWISHAM,P98,210.7
Budget Petrol Lewisham,LEWISHAM,U91,187.7
Budget Petrol Sanctuary Point,SANCTUARY POINT,DL,239.9
Budget Petrol Sanctuary Point,SANCTUARY POINT,E10,193.9
Budget Petrol Sanctuary Point,SANCTUARY POINT,P98,219.9
Budget Petrol Sanctuary Point,SANCTUARY POINT,U91,195.9
Budget Petrol St Helens Park,St Helens Park,E10,189.9
Budget Petrol St Helens Park,St Helens Park,P98,214.9
Budget Petrol St Helens Park,St Helens Park,U91,191.9
Budget Petrol Telopea,TELOPEA,E10,183.7
Budget Petrol Telopea,TELOPEA,P95,205.7
Budget Petrol Telopea,TELOPEA,U91,187.7
Budget Petroleum Smithfield,SMITHFIELD,DL,219.9
Budget Petroleum Smithfield,SMITHFIELD,E10,187.9
Budget Petroleum Smithfield,SMITHFIELD,P98,209.9
Budget Ramsgate,RAMSGATE,E10,181.7
Budget Ramsgate,RAMSGATE,P95,202.7
Budget Ramsgate,RAMSGATE,P98,208.7
Budget Ramsgate,RAMSGATE,U91,184.7
Budget South Penrith,South Penrith,E10,189.9
Budget South Penrith,South Penrith,P95,208.9
Budget South Penrith,South Penrith,P98,217.9
Budget South Penrith,South Penrith,U91,191.9
Budget petrol,BRIGHTON-LE-SANDS,E10,189.5
Budget petrol,BRIGHTON-LE-SANDS,P98,211.5
Budget petrol,BRIGHTON-LE-SANDS,U91,193.5
Bulga Servo,BULGA,DL,238.9
Bungwahl Fuel and Liquour,BUNGWAHL,DL,231.9
Bungwahl Fuel and Liquour,BUNGWAHL,P98,217.9
Bungwahl Fuel and Liquour,BUNGWAHL,U91,193.9
Buronga IGA Express,BURONGA,DL,229.9
Buronga IGA Express,BURONGA,P95,202.9
Buronga IGA Express,BURONGA,P98,212.9
Buronga IGA Express,BURONGA,U91,192.9
CALTEX ADAMINABY,ADAMINABY,DL,244.9
CALTEX ADAMINABY,ADAMINABY,P98,229.9
CALTEX ADAMINABY,ADAMINABY,U91,199.9
CALTEX ALBURY,WEST ALBURY,P98,212.9
CALTEX ALBURY,WEST ALBURY,U91,192.9
CALTEX JUNCTION HILL,JUNCTION HILL,P95,225.9
CALTEX JUNCTION HILL,JUNCTION HILL,U91,205.9
CALTEX Lavington,LAVINGTON,P95,195.9
CALTEX Lavington,LAVINGTON,P98,205.9
CALTEX Lavington,LAVINGTON,U91,179.9
CALTEX MURWILLUMBAH,SOUTH MURWILLUMBAH,E10,201.5
CALTEX MURWILLUMBAH,SOUTH MURWILLUMBAH,P98,229.5
CALTEX MURWILLUMBAH,SOUTH MURWILLUMBAH,U91,203.5
CALTEX MUSWELLBROOK,MUSWELLBROOK,E10,185.5
CALTEX MUSWELLBROOK,MUSWELLBROOK,P98,207.5
CALTEX MUSWELLBROOK,MUSWELLBROOK,U91,187.5
CFS Wee Waa,WEE WAA,DL,237
CFS Wee Waa,WEE WAA,P98,215
CFS Wee Waa,WEE WAA,U91,198
CULCAIRN TAKEAWAY & FUEL,CULCAIRN,P98,231.9
CULCAIRN TAKEAWAY & FUEL,CULCAIRN,U91,205.9
Caltex Braidwood,BRAIDWOOD,DL,244.9
Caltex Braidwood,BRAIDWOOD,E10,198.9
Caltex Braidwood,BRAIDWOOD,P98,228.9
Caltex Braidwood,BRAIDWOOD,U91,199.9
Caltex Broadwater,Broadwater,DL,239.9
Caltex Broadwater,Broadwater,P98,224.9
Caltex Broadwater,Broadwater,U91,200.9
Caltex Chester Hill,Chester Hill,E10,187.5
Caltex Chester Hill,Chester Hill,P95,207.5
Caltex Chester Hill,Chester Hill,P98,216.5
Caltex Chester Hill,Chester Hill,U91,189.5
Caltex Colo Heights,Colo Heights,DL,232.9
Caltex Colo Heights,Colo Heights,P95,202.9
Caltex Colo Heights,Colo Heights,U91,187.9
Caltex East Gosford,EAST GOSFORD,E10,197.9
Caltex East Gosford,EAST GOSFORD,P95,216.9
Caltex East Gosford,EAST GOSFORD,P98,227.9
Caltex East Gosford,EAST GOSFORD,U91,199.9
Caltex East Lynne,EAST LYNNE,DL,227.9
Caltex East Lynne,EAST LYNNE,P98,217.9
Caltex East Lynne,EAST LYNNE,U91,195.9
Caltex Forbes Truckstop,Forbes,DL,239.9
Caltex Forbes Truckstop,Forbes,E10,205.9
Caltex Forbes Truckstop,Forbes,P98,233.9
Caltex Forbes Truckstop,Forbes,U91,207.9
Caltex Glen Innes,GLEN INNES,E10,197.9
Caltex Glen Innes,GLEN INNES,P98,226.9
Caltex Glen Innes,GLEN INNES,U91,199.9
Caltex Harden,Murrumburrah,P98,224.9
Caltex Harden,Murrumburrah,U91,199.9
Caltex Heddon Greta,Heddon Greta,E10,190.5
Caltex Heddon Greta,Heddon Greta,P98,218.5
Caltex Heddon Greta,Heddon Greta,U91,192.5
Caltex Horsley Park,Horsley Park,DL,235.9
Caltex Horsley Park,Horsley Park,E10,186.9
Caltex Horsley Park,Horsley Park,P98,218.9
Caltex Horsley Park,Horsley Park,U91,189.9
Caltex Karuah,Karuah,DL,232.9
Caltex Karuah,Karuah,E10,194.9
Caltex Karuah,Karuah,P95,207.9
Caltex Karuah,Karuah,P98,223.9
Caltex Karuah,Karuah,U91,195.9
Caltex Kempsey South,KEMPSEY SOUTH,DL,239.9
Caltex Kempsey South,KEMPSEY SOUTH,E10,197.9
Caltex Kempsey South,KEMPSEY SOUTH,P98,227.9
Caltex Kempsey South,KEMPSEY SOUTH,U91,199.9
Caltex Khancoban,Khancoban,DL,259.7
Caltex Khancoban,Khancoban,P98,230.7
Caltex Khancoban,Khancoban,U91,209.8
Caltex Lismore,Lismore,DL,241.9
Caltex Lismore,Lismore,P98,226.9
Caltex Lismore,Lismore,U91,202.9
Caltex Marulan,MARULAN,DL,231.9
Caltex Marulan,MARULAN,E10,186.9
Caltex Marulan,MARULAN,P98,214.9
Caltex Marulan,MARULAN,U91,189.9
Caltex Milton & Acai Bowl,MILTON,DL,235.9
Caltex Milton & Acai Bowl,MILTON,P98,223.9
Caltex Milton & Acai Bowl,MILTON,U91,199.9
Caltex Moulamein,Moulamein,DL,252
Caltex Moulamein,Moulamein,U91,212
Caltex Peats Ridge,Peats Ridge,DL,239.9
Caltex Peats Ridge,Peats Ridge,P98,225.9
Caltex Peats Ridge,Peats Ridge,U91,199.9
Caltex Prestons,PRESTONS,E10,184.9
Caltex Prestons,PRESTONS,P98,208.9
Caltex Prestons,PRESTONS,U91,186.9
Caltex Tomingley,TOMINGLEY,DL,237.9
Caltex Tomingley,TOMINGLEY,P95,209.9
Caltex Tomingley,TOMINGLEY,P98,219.9
Caltex Tomingley,TOMINGLEY,U91,195.9
Caltex Uki,Uki,DL,245
Caltex Uki,Uki,U91,215
Caltex Village Grocer Warrawong,WARRAWONG,E10,189.9
Caltex Village Grocer Warrawong,WARRAWONG,P98,217.9
Caltex Village Grocer Warrawong,WARRAWONG,U91,191.9
Caltex Walcha,Walcha,DL,244.9
Caltex Walcha,Walcha,P95,234.9
Caltex Walcha,Walcha,U91,208.9
Caltex Weston,WESTON,P98,218.9
Caltex Weston,WESTON,U91,198.9
Caltex Wetherill Park,WETHERILL PARK,DL,241.9
Caltex Wetherill Park,WETHERILL PARK,E10,205.9
Caltex Wetherill Park,WETHERILL PARK,P98,233.9
Caltex Wetherill Park,WETHERILL PARK,U91,207.9
Calvi Petrol Station,North Ryde,P95,211.9
Calvi Petrol Station,North Ryde,P98,213.9
Calvi Petrol Station,North Ryde,U91,189.9
Campbell's Fuel BP,Inverell,DL,238.9
Campbell's Fuel BP,Inverell,P98,220.9
Campbell's Fuel BP,Inverell,U91,198.9
Campbells Fuel Service Moree,Moree,P98,226.9
Campbells Fuel Service Moree,Moree,U91,203.9
Candelo Service Station,CANDELO,DL,251.9
Candelo Service Station,CANDELO,P95,226.9
Candelo Service Station,CANDELO,U91,213.9
Cardiff station,CARDIFF,DL,233.6
Cardiff station,CARDIFF,P98,213.6
Cardiff station,CARDIFF,U91,196.6
Carey bay servo,CAREY BAY,DL,235.8
Carey bay servo,CAREY BAY,P95,209.8
Carey bay servo,CAREY BAY,U91,195.5
Caroona Store,CAROONA,DL,227.9
Caroona Store,CAROONA,P95,201.9
Caroona Store,CAROONA,U91,187.9
Casino Roadhouse,CASINO,DL,243.9
Casino Roadhouse,CASINO,U91,197.9
Cobargo Service Station,COBARGO,DL,225.9
Cobargo Service Station,COBARGO,P98,209.9
Cobargo Service Station,COBARGO,U91,185.9
Connetic Armidale,ARMIDALE,DL,223.9
Connetic Armidale,ARMIDALE,E10,182.9
Connetic Armidale,ARMIDALE,P98,205.9
Connetic Armidale,ARMIDALE,U91,185.9
Coombes Transport,MENINDEE,DL,239.9
Coombes Transport,MENINDEE,P98,229.9
Coombes Transport,MENINDEE,U91,199.9
Coopernook Service Station,COOPERNOOK,P98,220.5
Coopernook Service Station,COOPERNOOK,U91,197.5
Cooranbong Petroleum,COORANBONG,DL,236.9
Cooranbong Petroleum,COORANBONG,P95,203.9
Cooranbong Petroleum,COORANBONG,U91,192.9
Coral Petroleum Wiley Park,Wiley Park,E10,186.7
Coral Petroleum Wiley Park,Wiley Park,P98,215.7
Coral Petroleum Wiley Park,Wiley Park,U91,188.7
Costco Auburn (Members only),LIDCOMBE,E10,178.7
Costco Auburn (Members only),LIDCOMBE,P98,198.7
Costco Canberra Airport (Members Only),Canberra Airport,P98,198.7
Costco Canberra Airport (Members Only),Canberra Airport,U91,184.7
Costco Casula (Members only),Casula,E10,178.7
Costco Casula (Members only),Casula,P98,198.7
Costco Lake Macquarie (Members only),BOOLAROO,E10,178.7
Costco Lake Macquarie (Members only),BOOLAROO,P98,198.7
Costco Marsden Park (Members only),MARSDEN PARK,E10,178.7
Costco Marsden Park (Members only),MARSDEN PARK,P98,198.7
Cringila fuel,CRINGILA,DL,229.9
Cringila fuel,CRINGILA,E10,187.9
Cringila fuel,CRINGILA,P98,214.9
Cringila fuel,CRINGILA,U91,189.9
DENI PETROLEUM,DENILIQUIN,E10,191.9
DENI PETROLEUM,DENILIQUIN,P98,221.9
DENI PETROLEUM,DENILIQUIN,U91,201.9
DURI FUEL STATION,TAMWORTH,DL,231.9
DURI FUEL STATION,TAMWORTH,P95,203.9
DURI FUEL STATION,TAMWORTH,U91,194.9
Deepwater road house,DEEPWATER,DL,234.9
Deepwater road house,DEEPWATER,P95,205.9
Deepwater road house,DEEPWATER,U91,192.9
Delta Ag,LOCKHART,DL,234
Delta Agribusiness Ardlethan,Ardlethan,DL,229.9
Delta Agribusiness Ardlethan,Ardlethan,U91,185.9
Douglas Park Service Station,DOUGLAS PARK,P98,219.9
Douglas Park Service Station,DOUGLAS PARK,U91,199.9
Dowling's General Store,Dungog,DL,239.9
Dowling's General Store,Dungog,P98,219.9
Duncan's Store & Fuel,Currabubula,DL,239.9
Duncan's Store & Fuel,Currabubula,P95,217.9
Duncan's Store & Fuel,Currabubula,U91,199.9
Dunedoo Shell,DUNEDOO,DL,239.9
Dunedoo Shell,DUNEDOO,E10,199.9
Dunedoo Shell,DUNEDOO,P98,229.9
Dunedoo Shell,DUNEDOO,U91,201.9
EG Ampol Albion Park,Albion Park,P95,216.9
EG Ampol Albion Park,Albion Park,P98,226.9
EG Ampol Albion Park,Albion Park,U91,199.9
EG Ampol Albury,Albury,P95,201.9
EG Ampol Albury,Albury,P98,211.9
EG Ampol Albury,Albury,U91,184.9
EG Ampol Armidale,Armidale,P95,216.9
EG Ampol Armidale,Armidale,P98,226.9
EG Ampol Armidale,Armidale,U91,199.9
EG Ampol Ballina,Ballina,E10,197.9
EG Ampol Ballina,Ballina,P95,216.9
EG Ampol Ballina,Ballina,P98,226.9
EG Ampol Ballina,Ballina,U91,199.9
EG Ampol Banksia,Banksia,E10,195.9
EG Ampol Banksia,Banksia,P95,214.9
EG Ampol Banksia,Banksia,P98,224.9
EG Ampol Banksia,Banksia,U91,197.9
EG Ampol Bass Hill,Bass Hill,E10,191.9
EG Ampol Bass Hill,Bass Hill,P95,210.9
EG Ampol Bass Hill,Bass Hill,P98,220.9
EG Ampol Bass Hill,Bass Hill,U91,193.9
EG Ampol Bateau Bay,BATEAU BAY,E10,199.9
EG Ampol Bateau Bay,BATEAU BAY,P95,218.9
EG Ampol Bateau Bay,BATEAU BAY,P98,228.9
EG Ampol Bateau Bay,BATEAU BAY,U91,201.9
EG Ampol Batemans Bay,Batemans Bay,E10,197.9
EG Ampol Batemans Bay,Batemans Bay,P95,216.9
EG Ampol Batemans Bay,Batemans Bay,P98,226.9
EG Ampol Batemans Bay,Batemans Bay,U91,199.9
EG Ampol Bathurst,Bathurst,P95,220.9
EG Ampol Bathurst,Bathurst,P98,230.9
EG Ampol Bathurst,Bathurst,U91,203.9
EG Ampol Bega,Bega,P95,220.9
EG Ampol Bega,Bega,P98,230.9
EG Ampol Bega,Bega,U91,203.9
EG Ampol Belconnen,BELCONNEN,P95,222.9
EG Ampol Belconnen,BELCONNEN,P98,232.9
EG Ampol Belconnen,BELCONNEN,U91,205.9
EG Ampol Belmont,Belmont,E10,199.9
EG Ampol Belmont,Belmont,P95,218.9
EG Ampol Belmont,Belmont,P98,228.9
EG Ampol Berkshire Park,Berkshire Park,E10,195.9
EG Ampol Berkshire Park,Berkshire Park,P95,214.9
EG Ampol Berkshire Park,Berkshire Park,P98,224.9
EG Ampol Berkshire Park,Berkshire Park,U91,197.9
EG Ampol Blacktown,Blacktown,E10,195.9
EG Ampol Blacktown,Blacktown,P95,214.9
EG Ampol Blacktown,Blacktown,P98,224.9
EG Ampol Blacktown,Blacktown,U91,197.9
EG Ampol Blakehurst,Blakehurst,E10,193.9
EG Ampol Blakehurst,Blakehurst,P95,212.9
EG Ampol Blakehurst,Blakehurst,P98,222.9
EG Ampol Blakehurst,Blakehurst,U91,195.9
EG Ampol Bomaderry,Bomaderry,E10,195.9
EG Ampol Bomaderry,Bomaderry,P95,214.9
EG Ampol Bomaderry,Bomaderry,P98,224.9
EG Ampol Bomaderry,Bomaderry,U91,197.9
EG Ampol Bonnyrigg,Bonnyrigg,E10,195.9
EG Ampol Bonnyrigg,Bonnyrigg,P95,214.9
EG Ampol Bonnyrigg,Bonnyrigg,P98,224.9
EG Ampol Bonnyrigg,Bonnyrigg,U91,197.9
EG Ampol Bowral,Bowral,E10,201.9
EG Ampol Bowral,Bowral,P95,222.9
EG Ampol Bowral,Bowral,P98,232.9
EG Ampol Bowral,Bowral,U91,205.9
EG Ampol Broken Hill,Broken Hill,P95,222.9
EG Ampol Broken Hill,Broken Hill,P98,232.9
EG Ampol Broken Hill,Broken Hill,U91,205.9
EG Ampol Brookvale,Brookvale,E10,194.9
EG Ampol Brookvale,Brookvale,P95,213.9
EG Ampol Brookvale,Brookvale,P98,223.9
EG Ampol Brookvale,Brookvale,U91,196.9
EG Ampol Bulli,Bulli,E10,189.9
EG Ampol Bulli,Bulli,P95,208.9
EG Ampol Bulli,Bulli,P98,218.9
EG Ampol Bulli,Bulli,U91,191.9
EG Ampol Burwood,Burwood,DL,245.9
EG Ampol Burwood,Burwood,E10,195.9
EG Ampol Burwood,Burwood,P95,214.9
EG Ampol Burwood,Burwood,P98,224.9
EG Ampol Burwood,Burwood,U91,197.9
EG Ampol Byron Bay,Byron Bay,E10,203.9
EG Ampol Byron Bay,Byron Bay,P95,222.9
EG Ampol Byron Bay,Byron Bay,P98,232.9
EG Ampol Byron Bay,Byron Bay,U91,205.9
EG Ampol Cameron Park,CAMERON PARK,E10,199.9
EG Ampol Cameron Park,CAMERON PARK,P95,218.9
EG Ampol Cameron Park,CAMERON PARK,P98,228.9
EG Ampol Cameron Park,CAMERON PARK,U91,201.9
EG Ampol Campbelltown,Campbelltown,E10,195.9
EG Ampol Campbelltown,Campbelltown,P95,214.9
EG Ampol Campbelltown,Campbelltown,P98,224.9
EG Ampol Campbelltown Mall,Campbelltown,E10,193.9
EG Ampol Campbelltown Mall,Campbelltown,P95,212.9
EG Ampol Campbelltown Mall,Campbelltown,P98,222.9
EG Ampol Campbelltown Mall,Campbelltown,U91,195.9
EG Ampol Canberra Airport,Canberra Airport,P95,223.9
EG Ampol Canberra Airport,Canberra Airport,P98,233.9
EG Ampol Canberra Airport,Canberra Airport,U91,206.9
EG Ampol Canberra Gateway,Lyneham,E10,203.9
EG Ampol Canberra Gateway,Lyneham,P95,222.9
EG Ampol Canberra Gateway,Lyneham,P98,232.9
EG Ampol Canberra Gateway,Lyneham,U91,205.9
EG Ampol Cardiff,Cardiff,E10,199.9
EG Ampol Cardiff,Cardiff,P95,218.9
EG Ampol Cardiff,Cardiff,P98,228.9
EG Ampol Cardiff,Cardiff,U91,201.9
EG Ampol Carnes Hill,Hoxton Park,E10,197.9
EG Ampol Carnes Hill,Hoxton Park,P95,216.9
EG Ampol Carnes Hill,Hoxton Park,P98,226.9
EG Ampol Carnes Hill,Hoxton Park,U91,199.9
EG Ampol Casino,Casino,E10,197.9
EG Ampol Casino,Casino,P95,216.9
EG Ampol Casino,Casino,P98,226.9
EG Ampol Cessnock,Cessnock,E10,199.9
EG Ampol Cessnock,Cessnock,P95,218.9
EG Ampol Cessnock,Cessnock,P98,228.9
EG Ampol Charlestown,Charlestown,E10,202.9
EG Ampol Charlestown,Charlestown,P95,221.9
EG Ampol Charlestown,Charlestown,P98,231.9
EG Ampol Charlestown,Charlestown,U91,204.9
EG Ampol Chatswood East,Chatswood East,E10,189.9
EG Ampol Chatswood East,Chatswood East,P95,210.9
EG Ampol Chatswood East,Chatswood East,P98,220.9
EG Ampol Chatswood East,Chatswood East,U91,193.9
EG Ampol Chester Hill,Chester Hill,E10,194.9
EG Ampol Chester Hill,Chester Hill,P95,213.9
EG Ampol Chester Hill,Chester Hill,P98,223.9
EG Ampol Chester Hill,Chester Hill,U91,196.9
EG Ampol Chipping Norton,CHIPPING NORTON,E10,191.9
EG Ampol Chipping Norton,CHIPPING NORTON,P95,210.9
EG Ampol Chipping Norton,CHIPPING NORTON,P98,220.9
EG Ampol Chipping Norton,CHIPPING NORTON,U91,193.9
EG Ampol Coffs Harbour,Coffs Harbour,E10,203.9
EG Ampol Coffs Harbour,Coffs Harbour,P95,222.9
EG Ampol Coffs Harbour,Coffs Harbour,P98,232.9
EG Ampol Coffs Harbour,Coffs Harbour,U91,205.9
EG Ampol Conder,Conder,E10,204.9
EG Ampol Conder,Conder,P95,224.9
EG Ampol Conder,Conder,P98,234.9
EG Ampol Conder,Conder,U91,206.9
EG Ampol Cooma,Cooma,E10,199.9
EG Ampol Cooma,Cooma,P95,220.9
EG Ampol Cooma,Cooma,P98,230.9
EG Ampol Cooma,Cooma,U91,203.9
EG Ampol Cootamundra,Cootamundra,E10,199.9
EG Ampol Cootamundra,Cootamundra,P95,218.9
EG Ampol Cootamundra,Cootamundra,P98,228.9
EG Ampol Corowa,Corowa,P95,216.9
EG Ampol Corowa,Corowa,U91,199.9
EG Ampol Corrimal,Corrimal,E10,197.9
EG Ampol Corrimal,Corrimal,P95,216.9
EG Ampol Corrimal,Corrimal,P98,226.9
EG Ampol Corrimal,Corrimal,U91,199.9
EG Ampol Cowra,Cowra,E10,199.9
EG Ampol Cowra,Cowra,P95,218.9
EG Ampol Cowra,Cowra,P98,228.9
EG Ampol Cranebrook,CRANEBROOK,E10,194.9
EG Ampol Cranebrook,CRANEBROOK,P95,213.9
EG Ampol Cranebrook,CRANEBROOK,P98,223.9
EG Ampol Cranebrook,CRANEBROOK,U91,196.9
EG Ampol Dapto,Dapto,E10,195.9
EG Ampol Dapto,Dapto,P95,214.9
EG Ampol Dapto,Dapto,P98,224.9
EG Ampol Dapto,Dapto,U91,197.9
EG Ampol Dickson,Dickson,P95,221.9
EG Ampol Dickson,Dickson,P98,230.9
EG Ampol Dickson,Dickson,U91,203.9
EG Ampol Dubbo,Dubbo,E10,203.9
EG Ampol Dubbo,Dubbo,P95,222.9
EG Ampol Dubbo,Dubbo,P98,232.9
EG Ampol Dubbo,Dubbo,U91,205.9
EG Ampol Dural,Dural,E10,193.9
EG Ampol Dural,Dural,P95,212.9
EG Ampol Dural,Dural,P98,222.9
EG Ampol Dural,Dural,U91,195.9
EG Ampol Eagle Vale,Eagle Vale,P95,216.9
EG Ampol Eagle Vale,Eagle Vale,P98,226.9
EG Ampol Eagle Vale,Eagle Vale,U91,199.9
EG Ampol Emu Heights,Emu Plains,E10,195.9
EG Ampol Emu Heights,Emu Plains,P95,214.9
EG Ampol Emu Heights,Emu Plains,P98,224.9
EG Ampol Emu Heights,Emu Plains,U91,197.9
EG Ampol Emu Plains,Emu Plains,P95,214.9
EG Ampol Emu Plains,Emu Plains,P98,224.9
EG Ampol Emu Plains,Emu Plains,U91,197.9
EG Ampol Fairfield Heights,FAIRFIELD HEIGHTS,E10,195.9
EG Ampol Fairfield Heights,FAIRFIELD HEIGHTS,P95,214.9
EG Ampol Fairfield Heights,FAIRFIELD HEIGHTS,P98,224.9
EG Ampol Fairfield Heights,FAIRFIELD HEIGHTS,U91,197.9
EG Ampol Fairy Meadow,Fairy Meadow,E10,199.9
EG Ampol Fairy Meadow,Fairy Meadow,P95,218.9
EG Ampol Fairy Meadow,Fairy Meadow,P98,228.9
EG Ampol Fairy Meadow,Fairy Meadow,U91,201.9
EG Ampol Forbes,Forbes,P95,226.9
EG Ampol Forbes,Forbes,P98,236.9
EG Ampol Forbes,Forbes,U91,209.9
EG Ampol Forster,Forster,E10,203.9
EG Ampol Forster,Forster,P95,222.9
EG Ampol Forster,Forster,P98,232.9
EG Ampol Glen Innes,Glen Innes,E10,195.9
EG Ampol Glen Innes,Glen Innes,P95,214.9
EG Ampol Glen Innes,Glen Innes,P98,224.9
EG Ampol Glen Innes,Glen Innes,U91,197.9
EG Ampol Glendale,Glendale,E10,199.9
EG Ampol Glendale,Glendale,P95,218.9
EG Ampol Glendale,Glendale,P98,228.9
EG Ampol Glendale,Glendale,U91,201.9
EG Ampol Glenmore Park,Glenmore Park,E10,195.9
EG Ampol Glenmore Park,Glenmore Park,P95,214.9
EG Ampol Glenmore Park,Glenmore Park,P98,224.9
EG Ampol Glenmore Park,Glenmore Park,U91,197.9
EG Ampol Glenrose,Belrose,E10,194.9
EG Ampol Glenrose,Belrose,P95,214.9
EG Ampol Glenrose,Belrose,P98,224.9
EG Ampol Glenrose,Belrose,U91,196.9
EG Ampol Gloucester,Gloucester,E10,195.9
EG Ampol Gloucester,Gloucester,P95,214.9
EG Ampol Gloucester,Gloucester,P98,224.9
EG Ampol Gloucester,Gloucester,U91,197.9
EG Ampol Goonellabah,Goonellabah,P95,226.9
EG Ampol Goonellabah,Goonellabah,P98,236.9
EG Ampol Goonellabah,Goonellabah,U91,209.9
EG Ampol Goulburn,GOULBURN,E10,199.9
EG Ampol Goulburn,GOULBURN,P95,218.9
EG Ampol Goulburn,GOULBURN,P98,228.9
EG Ampol Goulburn,GOULBURN,U91,201.9
EG Ampol Goulburn South,GOULBURN,DL,243.9
EG Ampol Goulburn South,GOULBURN,E10,197.9
EG Ampol Goulburn South,GOULBURN,P95,216.9
EG Ampol Goulburn South,GOULBURN,P98,226.9
EG Ampol Goulburn South,GOULBURN,U91,199.9
EG Ampol Grafton,Grafton,P95,220.9
EG Ampol Grafton,Grafton,P98,230.9
EG Ampol Grafton,Grafton,U91,203.9
EG Ampol Granville,Granville,E10,195.9
EG Ampol Granville,Granville,P95,214.9
EG Ampol Granville,Granville,P98,224.9
EG Ampol Green Hills,East Maitland,E10,197.9
EG Ampol Green Hills,East Maitland,P95,216.9
EG Ampol Green Hills,East Maitland,P98,226.9
EG Ampol Green Hills,East Maitland,U91,199.9
EG Ampol Greenacre,Greenacre,E10,195.9
EG Ampol Greenacre,Greenacre,P95,214.9
EG Ampol Greenacre,Greenacre,P98,224.9
EG Ampol Greenacre,Greenacre,U91,197.9
EG Ampol Gregory Hills,GREGORY HILLS,E10,195.9
EG Ampol Gregory Hills,GREGORY HILLS,P95,214.9
EG Ampol Gregory Hills,GREGORY HILLS,P98,224.9
EG Ampol Gregory Hills,GREGORY HILLS,U91,197.9
EG Ampol Griffith,Griffith,P95,222.9
EG Ampol Griffith,Griffith,P98,232.9
EG Ampol Griffith,Griffith,U91,205.9
EG Ampol Gungahlin,Gungahlin,P95,221.9
EG Ampol Gungahlin,Gungahlin,P98,231.9
EG Ampol Gungahlin,Gungahlin,U91,204.9
EG Ampol Gunnedah,Gunnedah,E10,199.9
EG Ampol Gunnedah,Gunnedah,P95,218.9
EG Ampol Gunnedah,Gunnedah,P98,228.9
EG Ampol Hoxton Park,Hoxton Park,E10,197.9
EG Ampol Hoxton Park,Hoxton Park,P95,216.9
EG Ampol Hoxton Park,Hoxton Park,P98,226.9
EG Ampol Hume,Hume,P95,220.9
EG Ampol Hume,Hume,P98,230.9
EG Ampol Hume,Hume,U91,203.9
EG Ampol Ingleburn,Ingleburn,E10,195.9
EG Ampol Ingleburn,Ingleburn,P95,214.9
EG Ampol Ingleburn,Ingleburn,P98,224.9
EG Ampol Ingleburn,Ingleburn,U91,197.9
EG Ampol Inverell,Inverell,P95,216.9
EG Ampol Inverell,Inverell,P98,226.9
EG Ampol Inverell,Inverell,U91,199.9
EG Ampol Islington,Islington,E10,197.9
EG Ampol Islington,Islington,P95,216.9
EG Ampol Islington,Islington,P98,226.9
EG Ampol Islington,Islington,U91,199.9
EG Ampol Jerrabomberra,Jerrabomberra,E10,203.9
EG Ampol Jerrabomberra,Jerrabomberra,P95,222.9
EG Ampol Jerrabomberra,Jerrabomberra,P98,232.9
EG Ampol Jerrabomberra,Jerrabomberra,U91,205.9
EG Ampol Katoomba,Katoomba,E10,195.9
EG Ampol Katoomba,Katoomba,P95,214.9
EG Ampol Katoomba,Katoomba,P98,224.9
EG Ampol Katoomba,Katoomba,U91,197.9
EG Ampol Kellyville Ridge,Kellyville,P95,212.9
EG Ampol Kellyville Ridge,Kellyville,P98,222.9
EG Ampol Kellyville Ridge,Kellyville,U91,195.9
EG Ampol Kelso,KELSO,E10,199.9
EG Ampol Kelso,KELSO,P95,218.9
EG Ampol Kelso,KELSO,P98,228.9
EG Ampol Kempsey,Kempsey,P95,218.9
EG Ampol Kempsey,Kempsey,P98,228.9
EG Ampol Kempsey,Kempsey,U91,201.9
EG Ampol Kings Park,Marayong,E10,191.9
EG Ampol Kings Park,Marayong,P95,210.9
EG Ampol Kings Park,Marayong,P98,220.9
EG Ampol Kings Park,Marayong,U91,193.9
EG Ampol Kingswood,Penrith,E10,194.9
EG Ampol Kingswood,Penrith,P95,206.9
EG Ampol Kingswood,Penrith,P98,222.9
EG Ampol Kogarah,Kogarah,E10,195.9
EG Ampol Kogarah,Kogarah,P95,214.9
EG Ampol Kogarah,Kogarah,P98,224.9
EG Ampol Lake Cathie,Lake Cathie,P95,222.9
EG Ampol Lake Cathie,Lake Cathie,P98,232.9
EG Ampol Lake Cathie,Lake Cathie,U91,205.9
EG Ampol Lake Munmorah,Lake Munmorah,E10,199.9
EG Ampol Lake Munmorah,Lake Munmorah,P95,218.9
EG Ampol Lake Munmorah,Lake Munmorah,P98,228.9
EG Ampol Lake Munmorah,Lake Munmorah,U91,201.9
EG Ampol Lakewood,Lakewood,E10,199.9
EG Ampol Lakewood,Lakewood,P95,218.9
EG Ampol Lakewood,Lakewood,P98,228.9
EG Ampol Lansvale,Lansvale,E10,195.9
EG Ampol Lansvale,Lansvale,P95,214.9
EG Ampol Lansvale,Lansvale,P98,224.9
EG Ampol Lansvale,Lansvale,U91,197.9
EG Ampol Leeton,Leeton,P95,214.9
EG Ampol Leeton,Leeton,P98,224.9
EG Ampol Leeton,Leeton,U91,197.9
EG Ampol Lewisham,Lewisham,E10,195.9
EG Ampol Lewisham,Lewisham,P95,214.9
EG Ampol Lewisham,Lewisham,P98,224.9
EG Ampol Lewisham,Lewisham,U91,197.9
EG Ampol Lisarow,LISAROW,E10,199.9
EG Ampol Lisarow,LISAROW,P95,218.9
EG Ampol Lisarow,LISAROW,P98,228.9
EG Ampol Lisarow,LISAROW,U91,201.9
EG Ampol Lismore,Lismore,E10,201.9
EG Ampol Lismore,Lismore,P95,220.9
EG Ampol Lismore,Lismore,P98,230.9
EG Ampol Lismore,Lismore,U91,203.9
EG Ampol Lithgow,Lithgow,E10,203.9
EG Ampol Lithgow,Lithgow,P95,222.9
EG Ampol Lithgow,Lithgow,P98,232.9
EG Ampol Lithgow,Lithgow,U91,205.9
EG Ampol Liverpool,Liverpool,E10,192.9
EG Ampol Liverpool,Liverpool,P95,211.9
EG Ampol Liverpool,Liverpool,P98,221.9
EG Ampol Liverpool,Liverpool,U91,194.9
EG Ampol Macarthur Square,CAMPBELLTOWN,E10,194.9
EG Ampol Macarthur Square,CAMPBELLTOWN,P95,214.9
EG Ampol Macarthur Square,CAMPBELLTOWN,P98,224.9
EG Ampol Macarthur Square,CAMPBELLTOWN,U91,196.9
EG Ampol Macquarie Fields,Macquarie Fields,E10,193.9
EG Ampol Macquarie Fields,Macquarie Fields,P95,212.9
EG Ampol Macquarie Fields,Macquarie Fields,P98,222.9
EG Ampol Macquarie Fields,Macquarie Fields,U91,195.9
EG Ampol Maitland,Maitland,P95,218.9
EG Ampol Maitland,Maitland,P98,228.9
EG Ampol Maitland,Maitland,U91,201.9
EG Ampol Marrickville,Marrickville,E10,195.9
EG Ampol Marrickville,Marrickville,P95,214.9
EG Ampol Marrickville,Marrickville,P98,224.9
EG Ampol Marrickville,Marrickville,U91,197.9
EG Ampol Marsfield,Marsfield,P95,214.9
EG Ampol Marsfield,Marsfield,P98,224.9
EG Ampol Marsfield,Marsfield,U91,197.9
EG Ampol Mawson,Mawson,P95,222.9
EG Ampol Mawson,Mawson,P98,232.9
EG Ampol Mawson,Mawson,U91,205.9
EG Ampol Menai,Menai,E10,193.9
EG Ampol Menai,Menai,P95,205.9
EG Ampol Menai,Menai,P98,222.9
EG Ampol Merrylands,MERRYLANDS,E10,195.9
EG Ampol Merrylands,MERRYLANDS,P95,214.9
EG Ampol Merrylands,MERRYLANDS,P98,224.9
EG Ampol Merrylands,MERRYLANDS,U91,197.9
EG Ampol Minto,Minto,E10,195.9
EG Ampol Minto,Minto,P95,214.9
EG Ampol Minto,Minto,P98,224.9
EG Ampol Miranda,Miranda,P95,214.9
EG Ampol Miranda,Miranda,P98,224.9
EG Ampol Miranda,Miranda,U91,197.9
EG Ampol Mittagong,MITTAGONG,E10,199.9
EG Ampol Mittagong,MITTAGONG,P95,218.9
EG Ampol Mittagong,MITTAGONG,P98,228.9
EG Ampol Mittagong,MITTAGONG,U91,201.9
EG Ampol Moama,Moama,P95,216.9
EG Ampol Moama,Moama,P98,226.9
EG Ampol Moama,Moama,U91,199.9
EG Ampol Moorebank,Moorebank,E10,195.9
EG Ampol Moorebank,Moorebank,P95,214.9
EG Ampol Moorebank,Moorebank,P98,224.9
EG Ampol Moree,Moree,E10,203.9
EG Ampol Moree,Moree,P95,222.9
EG Ampol Morisset,Morisset,E10,195.9
EG Ampol Morisset,Morisset,P95,214.9
EG Ampol Morisset,Morisset,P98,224.9
EG Ampol Moruya,Moruya,P95,212.9
EG Ampol Moruya,Moruya,P98,222.9
EG Ampol Moruya,Moruya,U91,195.9
EG Ampol Moss Vale,Moss Vale,E10,201.9
EG Ampol Moss Vale,Moss Vale,P95,220.9
EG Ampol Moss Vale,Moss Vale,P98,230.9
EG Ampol Moss Vale,Moss Vale,U91,203.9
EG Ampol Mount Annan,Mount Annan,E10,191.9
EG Ampol Mount Annan,Mount Annan,P95,210.9
EG Ampol Mount Annan,Mount Annan,P98,220.9
EG Ampol Mount Annan,Mount Annan,U91,193.9
EG Ampol Mount Druitt,Mount Druitt,E10,195.9
EG Ampol Mount Druitt,Mount Druitt,P95,214.9
EG Ampol Mount Druitt,Mount Druitt,P98,224.9
EG Ampol Mount Druitt,Mount Druitt,U91,197.9
EG Ampol Nambucca Heads,NAMBUCCA HEADS,E10,203.9
EG Ampol Nambucca Heads,NAMBUCCA HEADS,P95,222.9
EG Ampol Narellan,Narellan,E10,193.9
EG Ampol Narellan,Narellan,P95,213.9
EG Ampol Narellan,Narellan,P98,223.9
EG Ampol Narellan,Narellan,U91,195.9
EG Ampol Newington,Newington,P95,214.9
EG Ampol Newington,Newington,P98,224.9
EG Ampol Newington,Newington,U91,197.9
EG Ampol Newport,Newport,E10,195.9
EG Ampol Newport,Newport,P95,214.9
EG Ampol Newport,Newport,P98,224.9
EG Ampol Newport,Newport,U91,197.9
EG Ampol North Narrabeen,North Narrabeen,E10,195.9
EG Ampol North Narrabeen,North Narrabeen,P95,214.9
EG Ampol North Narrabeen,North Narrabeen,P98,224.9
EG Ampol North Narrabeen,North Narrabeen,U91,197.9
EG Ampol Nowra,Nowra,E10,199.9
EG Ampol Nowra,Nowra,P95,218.9
EG Ampol Nowra,Nowra,P98,228.9
EG Ampol Nowra,Nowra,U91,201.9
EG Ampol Oran Park,ORAN PARK,E10,195.9
EG Ampol Oran Park,ORAN PARK,P95,215.9
EG Ampol Oran Park,ORAN PARK,P98,225.9
EG Ampol Oran Park,ORAN PARK,U91,197.9
EG Ampol Oran Park Town Centre,Oran Park,E10,195.9
EG Ampol Oran Park Town Centre,Oran Park,P95,214.9
EG Ampol Oran Park Town Centre,Oran Park,P98,224.9
EG Ampol Oran Park Town Centre,Oran Park,U91,197.9
EG Ampol Orange,Orange,E10,201.9
EG Ampol Orange,Orange,P95,220.9
EG Ampol Orange,Orange,P98,230.9
EG Ampol Orange,Orange,U91,203.9
EG Ampol Orange North,Orange,DL,237.9
EG Ampol Orange North,Orange,E10,197.9
EG Ampol Orange North,Orange,P95,216.9
EG Ampol Orange North,Orange,P98,226.9
EG Ampol Orange North,Orange,U91,199.9
EG Ampol Parkes,Parkes,E10,209.9
EG Ampol Parkes,Parkes,P95,228.9
EG Ampol Parkes,Parkes,P98,238.9
EG Ampol Parkes,Parkes,U91,211.9
EG Ampol Peakhurst,Peakhurst,E10,195.9
EG Ampol Peakhurst,Peakhurst,P95,214.9
EG Ampol Peakhurst,Peakhurst,P98,224.9
EG Ampol Plumpton,Plumpton,E10,195.9
EG Ampol Plumpton,Plumpton,P95,214.9
EG Ampol Plumpton,Plumpton,P98,224.9
EG Ampol Port Macquarie,Port Macquarie,E10,203.9
EG Ampol Port Macquarie,Port Macquarie,P95,222.9
EG Ampol Port Macquarie,Port Macquarie,P98,232.9
EG Ampol Port Macquarie,Port Macquarie,U91,205.9
EG Ampol Prestons,PRESTONS,E10,191.9
EG Ampol Prestons,PRESTONS,P95,210.9
EG Ampol Prestons,PRESTONS,P98,220.9
EG Ampol Prestons,PRESTONS,U91,193.9
EG Ampol Prospect,Prospect,E10,195.9
EG Ampol Prospect,Prospect,P95,214.9
EG Ampol Prospect,Prospect,P98,224.9
EG Ampol Prospect,Prospect,U91,197.9
EG Ampol Punchbowl,Punchbowl,E10,191.9
EG Ampol Punchbowl,Punchbowl,P95,210.9
EG Ampol Punchbowl,Punchbowl,P98,220.9
EG Ampol Punchbowl,Punchbowl,U91,193.9
EG Ampol Queanbeyan,Queanbeyan,E10,203.9
EG Ampol Queanbeyan,Queanbeyan,P95,222.9
EG Ampol Queanbeyan,Queanbeyan,P98,232.9
EG Ampol Queanbeyan,Queanbeyan,U91,205.9
EG Ampol Raymond Terrace,Raymond Terrace,P95,216.9
EG Ampol Raymond Terrace,Raymond Terrace,P98,226.9
EG Ampol Raymond Terrace,Raymond Terrace,U91,199.9
EG Ampol Redfern,Redfern,E10,195.9
EG Ampol Redfern,Redfern,P95,214.9
EG Ampol Redfern,Redfern,P98,224.9
EG Ampol Redfern,Redfern,U91,197.9
EG Ampol Richmond,Richmond,E10,195.9
EG Ampol Richmond,Richmond,P95,214.9
EG Ampol Richmond,Richmond,P98,224.9
EG Ampol Richmond,Richmond,U91,197.9
EG Ampol Rosemeadow,Rosemeadow,E10,177.9
EG Ampol Rosemeadow,Rosemeadow,P95,214.9
EG Ampol Rosemeadow,Rosemeadow,P98,224.9
EG Ampol Rosemeadow,Rosemeadow,U91,197.9
EG Ampol Rutherford,Rutherford,DL,243.9
EG Ampol Rutherford,Rutherford,E10,204.9
EG Ampol Rutherford,Rutherford,P95,223.9
EG Ampol Rutherford,Rutherford,P98,233.9
EG Ampol Salamander Bay,SALAMANDER BAY,E10,195.9
EG Ampol Salamander Bay,SALAMANDER BAY,P95,214.9
EG Ampol Salamander Bay,SALAMANDER BAY,P98,224.9
EG Ampol Salamander Bay,SALAMANDER BAY,U91,197.9
EG Ampol Scone,Scone,E10,195.9
EG Ampol Scone,Scone,P95,214.9
EG Ampol Scone,Scone,P98,224.9
EG Ampol Scone,Scone,U91,197.9
EG Ampol Seven Hills,Seven Hills,E10,195.9
EG Ampol Seven Hills,Seven Hills,P95,214.9
EG Ampol Seven Hills,Seven Hills,P98,224.9
EG Ampol Seven Hills,Seven Hills,U91,197.9
EG Ampol Seven Hills North,Seven Hills,E10,197.9
EG Ampol Seven Hills North,Seven Hills,P95,216.9
EG Ampol Seven Hills North,Seven Hills,P98,226.9
EG Ampol Seven Hills North,Seven Hills,U91,199.9
EG Ampol Shellharbour,Shellharbour,P95,214.9
EG Ampol Shellharbour,Shellharbour,P98,224.9
EG Ampol Shellharbour,Shellharbour,U91,197.9
EG Ampol Silverwater,SILVERWATER,E10,195.9
EG Ampol Silverwater,SILVERWATER,P95,214.9
EG Ampol Silverwater,SILVERWATER,P98,224.9
EG Ampol Silverwater,SILVERWATER,U91,197.9
EG Ampol Singleton,Singleton,E10,199.9
EG Ampol Singleton,Singleton,P95,218.9
EG Ampol Spring Farm,Spring Farm,E10,193.9
EG Ampol Spring Farm,Spring Farm,P95,213.9
EG Ampol Spring Farm,Spring Farm,P98,223.9
EG Ampol Spring Farm,Spring Farm,U91,195.9
EG Ampol Strathfield,Burwood,E10,189.9
EG Ampol Strathfield,Burwood,P95,208.9
EG Ampol Strathfield,Burwood,P98,218.9
EG Ampol Strathfield,Burwood,U91,191.9
EG Ampol Tahmoor,Tahmoor,E10,195.9
EG Ampol Tahmoor,Tahmoor,P95,214.9
EG Ampol Tahmoor,Tahmoor,P98,224.9
EG Ampol Tahmoor,Tahmoor,U91,197.9
EG Ampol Tamworth,Tamworth,E10,203.9
EG Ampol Tamworth,Tamworth,P95,222.9
EG Ampol Tamworth,Tamworth,P98,232.9
EG Ampol Taree,Taree,P95,222.9
EG Ampol Taree,Taree,P98,232.9
EG Ampol Taree,Taree,U91,205.9
EG Ampol Temora,Temora,E10,203.9
EG Ampol Temora,Temora,P95,222.9
EG Ampol Tuggerah,Tuggerah,P95,216.9
EG Ampol Tuggerah,Tuggerah,P98,226.9
EG Ampol Tuggerah,Tuggerah,U91,199.9
EG Ampol Tuggerah North,Tuggerah,E10,197.9
EG Ampol Tuggerah North,Tuggerah,P95,216.9
EG Ampol Tuggerah North,Tuggerah,P98,226.9
EG Ampol Tuggerah North,Tuggerah,U91,199.9
EG Ampol Tuggeranong,Greenway,P95,221.9
EG Ampol Tuggeranong,Greenway,P98,230.9
EG Ampol Tuggeranong,Greenway,U91,203.9
EG Ampol Tumut,Tumut,P95,222.9
EG Ampol Tumut,Tumut,U91,205.9
EG Ampol Tura Beach,Tura Beach,E10,207.9
EG Ampol Tura Beach,Tura Beach,P95,219.9
EG Ampol Tura Beach,Tura Beach,P98,236.9
EG Ampol Turramurra,Turramurra,E10,195.9
EG Ampol Turramurra,Turramurra,P95,214.9
EG Ampol Turramurra,Turramurra,P98,224.9
EG Ampol Turramurra,Turramurra,U91,197.9
EG Ampol Tweed Heads South,Tweed Heads,E10,197.9
EG Ampol Tweed Heads South,Tweed Heads,P95,216.9
EG Ampol Tweed Heads South,Tweed Heads,P98,226.9
EG Ampol Tweed Heads South,Tweed Heads,U91,199.9
EG Ampol Ulladulla,Ulladulla,E10,199.9
EG Ampol Ulladulla,Ulladulla,P95,218.9
EG Ampol Ulladulla,Ulladulla,P98,228.9
EG Ampol Ulladulla,Ulladulla,U91,201.9
EG Ampol Umina,Umina,E10,197.9
EG Ampol Umina,Umina,P95,216.9
EG Ampol Umina,Umina,P98,226.9
EG Ampol Umina,Umina,U91,199.9
EG Ampol Unanderra,UNANDERRA,E10,195.9
EG Ampol Unanderra,UNANDERRA,P95,214.9
EG Ampol Unanderra,UNANDERRA,P98,224.9
EG Ampol Vincentia,Vincentia,E10,193.9
EG Ampol Vincentia,Vincentia,P95,212.9
EG Ampol Vincentia,Vincentia,P98,222.9
EG Ampol Vincentia,Vincentia,U91,195.9
EG Ampol Vineyard,Riverstone,P95,212.9
EG Ampol Vineyard,Riverstone,P98,222.9
EG Ampol Vineyard,Riverstone,U91,195.9
EG Ampol Wanniassa,Wanniassa,P95,222.9
EG Ampol Wanniassa,Wanniassa,P98,232.9
EG Ampol Wanniassa,Wanniassa,U91,205.9
EG Ampol Warilla,Warilla,E10,199.9
EG Ampol Warilla,Warilla,P95,218.9
EG Ampol Warilla,Warilla,P98,228.9
EG Ampol Warilla,Warilla,U91,201.9
EG Ampol Wellington,Wellington,E10,199.9
EG Ampol Wellington,Wellington,P95,218.9
EG Ampol Wellington,Wellington,P98,228.9
EG Ampol Wellington,Wellington,U91,201.9
EG Ampol Werrington,Werrington,DL,237.9
EG Ampol Werrington,Werrington,E10,189.9
EG Ampol Werrington,Werrington,P95,208.9
EG Ampol Werrington,Werrington,P98,218.9
EG Ampol Werrington,Werrington,U91,191.9
EG Ampol West Ryde,WEST RYDE,E10,191.9
EG Ampol West Ryde,WEST RYDE,P95,210.9
EG Ampol West Ryde,WEST RYDE,P98,220.9
EG Ampol West Ryde,WEST RYDE,U91,193.9
EG Ampol Windsor,Windsor,E10,195.9
EG Ampol Windsor,Windsor,P95,214.9
EG Ampol Windsor,Windsor,P98,224.9
EG Ampol Windsor,Windsor,U91,197.9
EG Ampol Wollongong West,Wollongong West,P95,216.9
EG Ampol Wollongong West,Wollongong West,P98,226.9
EG Ampol Wollongong West,Wollongong West,U91,199.9
EG Ampol Woolooware,Woolooware,E10,189.9
EG Ampol Woolooware,Woolooware,P95,208.9
EG Ampol Woolooware,Woolooware,P98,218.9
EG Ampol Woolooware,Woolooware,U91,191.9
EG Ampol Wyoming,Wyoming,E10,199.9
EG Ampol Wyoming,Wyoming,P95,211.9
EG Ampol Wyoming,Wyoming,P98,228.9
EG Ampol Young,Young,E10,199.9
EG Ampol Young,Young,P95,218.9
EG Ampol Young,Young,P98,228.9
EJ Stop N Save,Padstow,DL,238.9
EJ Stop N Save,Padstow,E10,186.9
EJ Stop N Save,Padstow,P98,215.9
EJ Stop N Save,Padstow,U91,188.9
ENHANCE TERALBA,Teralba,DL,233.9
ENHANCE TERALBA,Teralba,P98,219.9
ENHANCE TERALBA,Teralba,U91,189.9
EZ Fuel,Rossmore,DL,232.9
EZ Fuel,Rossmore,P98,219.9
EZ Fuel,Rossmore,U91,191.9
Emmdale Roadhouse,COBAR,DL,248.9
Emmdale Roadhouse,COBAR,P95,235.9
Endeavour Corowa,COROWA,DL,239.9
Endeavour Corowa,COROWA,P98,217.9
Endeavour Corowa,COROWA,U91,195.9
Endeavour Petroleum Pty Ltd,LAVINGTON,DL,235.9
Endeavour Petroleum Pty Ltd,Moama,DL,239.9
Enhance 24 Hour (Self-Service),PORT KEMBLA,P98,208.9
Enhance 24 Hour (Self-Service),PORT KEMBLA,U91,185.9
Enhance Albion Park,Albion Park Rail,E10,189.9
Enhance Albion Park,Albion Park Rail,P98,217.9
Enhance Albion Park,Albion Park Rail,U91,191.9
Enhance Barrack Heights,Barrack Heights,E10,193.9
Enhance Barrack Heights,Barrack Heights,P98,218.9
Enhance Barrack Heights,Barrack Heights,U91,195.9
Enhance Bass Hill,BASS HILL,E10,183.7
Enhance Bass Hill,BASS HILL,P98,209.7
Enhance Bass Hill,BASS HILL,U91,185.7
Enhance Camellia,CAMELLIA,DL,223.9
Enhance Dubbo,DUBBO,P98,216.5
Enhance Dubbo,DUBBO,U91,194.5
Enhance East Corrimal,EAST CORRIMAL,E10,195.9
Enhance East Corrimal,EAST CORRIMAL,P98,217.9
Enhance East Corrimal,EAST CORRIMAL,U91,197.9
Enhance Eastwood,EASTWOOD,E10,189.7
Enhance Eastwood,EASTWOOD,P98,213.7
Enhance Eastwood,EASTWOOD,U91,191.7
Enhance Freshwater,FRESHWATER,DL,237.9
Enhance Freshwater,FRESHWATER,E10,181.9
Enhance Freshwater,FRESHWATER,P98,208.9
Enhance Gerringong,Gerringong,DL,233.9
Enhance Gerringong,Gerringong,E10,194.9
Enhance Gerringong,Gerringong,P98,221.9
Enhance Gerringong,Gerringong,U91,196.9
Enhance Homebush,Homebush,DL,240.8
Enhance Homebush,Homebush,E10,187.8
Enhance Homebush,Homebush,P98,212.8
Enhance Homebush,Homebush,U91,190.8
Enhance Jugiong,Jugiong,P98,208.5
Enhance Jugiong,Jugiong,U91,186.5
Enhance Kiama,KIAMA,E10,197.9
Enhance Kiama,KIAMA,P98,224.9
Enhance Kiama,KIAMA,U91,199.9
Enhance Lithgow,LITHGOW,DL,241.9
Enhance Lithgow,LITHGOW,E10,202.9
Enhance Lithgow,LITHGOW,P98,230.9
Enhance Lithgow,LITHGOW,U91,204.9
Enhance Lugarno,LUGARNO,E10,186.7
Enhance Lugarno,LUGARNO,P98,208.7
Enhance Lugarno,LUGARNO,U91,188.7
Enhance Merrylands,MERRYLANDS WEST,E10,185.9
Enhance Merrylands,MERRYLANDS WEST,P98,214.9
Enhance Merrylands,MERRYLANDS WEST,U91,187.9
Enhance Neath,Neath,DL,233.9
Enhance Neath,Neath,E10,196.9
Enhance Neath,Neath,P98,218.9
Enhance Neath,Neath,U91,198.9
Enhance Oak Flats,Oak Flats,E10,193.9
Enhance Oak Flats,Oak Flats,P98,220.9
Enhance Oak Flats,Oak Flats,U91,195.9
Enhance Port Kembla,PORT KEMBLA,E10,184.5
Enhance Port Kembla,PORT KEMBLA,P98,212.5
Enhance Port Kembla,PORT KEMBLA,U91,186.5
Enhance Robertson,Robertson,E10,196.9
Enhance Robertson,Robertson,P98,220.9
Enhance Robertson,Robertson,U91,198.9
Enhance Russell Vale,BELLAMBI,E10,189.9
Enhance Russell Vale,BELLAMBI,P98,214.9
Enhance Russell Vale,BELLAMBI,U91,191.9
Enhance Rylstone,Rylstone,DL,239.9
Enhance Rylstone,Rylstone,P95,209.9
Enhance Rylstone,Rylstone,P98,219.9
Enhance Rylstone,Rylstone,U91,199.9
Enhance Tomakin,TOMAKIN,P98,213.9
Enhance Tomakin,TOMAKIN,U91,189.9
Enhance Waratah,WARATAH,DL,235.5
Enhance Waratah,WARATAH,E10,175.5
Enhance Waratah,WARATAH,P98,211.4
Enhance Waratah,WARATAH,U91,189.5
Enhance West Wollongong,WEST WOLLONGONG,E10,186.3
Enhance West Wollongong,WEST WOLLONGONG,P98,215.5
Enhance West Wollongong,WEST WOLLONGONG,U91,188.3
Enhance Wyalong,WYALONG,P98,216.5
Enhance Wyalong,WYALONG,U91,195.5
Eungai Rail Petrol & Diesel,EUNGAI RAIL,DL,246.9
Eungai Rail Petrol & Diesel,EUNGAI RAIL,P95,225.9
Eungai Rail Petrol & Diesel,EUNGAI RAIL,U91,203.9
Evans Petroleum Bombala,Bombala,DL,244.9
Fortune Energy Petroleum Glen Innes,GLEN INNES,DL,221.3
Fortune Energy Petroleum Glen Innes,GLEN INNES,E10,180.3
Fortune Energy Petroleum Glen Innes,GLEN INNES,P95,206.8
Fortune Energy Petroleum Glen Innes,GLEN INNES,P98,202.3
Fortune Energy Petroleum Glen Innes,GLEN INNES,U91,181.3
Freedom Fuels Kingscliff,Kingscliff,DL,231.5
Freedom Fuels Kingscliff,Kingscliff,E10,187.5
Freedom Fuels Kingscliff,Kingscliff,P95,199.5
Freedom Fuels Kingscliff,Kingscliff,U91,189.5
Freedom Fuels Terranora,TERRANORA,DL,231.5
Freedom Fuels Terranora,TERRANORA,E10,187.5
Freedom Fuels Terranora,TERRANORA,P98,209.5
Freedom Fuels Terranora,TERRANORA,U91,189.5
Freedom Fuels Vineyard,Vineyard,DL,235.7
Freedom Fuels Vineyard,Vineyard,E10,187.7
Freedom Fuels Vineyard,Vineyard,P98,210.7
Freedom Fuels Vineyard,Vineyard,U91,189.7
Fuel Canowindra,CANOWINDRA,DL,234.9
Fuel Canowindra,CANOWINDRA,U91,195.9
Fuel Plus Condobolin,CONDOBOLIN,DL,246.9
Fuel Plus Condobolin,CONDOBOLIN,P95,221.9
Fuel Plus Condobolin,CONDOBOLIN,U91,201.9
Fuel Plus Harrington,HARRINGTON,DL,234.9
Fuel Plus Harrington,HARRINGTON,E10,189.9
Fuel Plus Harrington,HARRINGTON,P98,219.9
Fuel Plus Harrington,HARRINGTON,U91,194.9
GATESHEAD INDEPENDENT FUEL,GATESHEAD,DL,234.9
GATESHEAD INDEPENDENT FUEL,GATESHEAD,P98,219.9
GATESHEAD INDEPENDENT FUEL,GATESHEAD,U91,197.9
GLOUCESTER SERVICE CENTRE,GLOUCESTER,DL,229.9
GLOUCESTER SERVICE CENTRE,GLOUCESTER,P98,215.9
GLOUCESTER SERVICE CENTRE,GLOUCESTER,U91,195.9
GTORQUE PETROLEUM,CAMPBELLTOWN,DL,242.7
GTORQUE PETROLEUM,CAMPBELLTOWN,E10,197.7
GTORQUE PETROLEUM,CAMPBELLTOWN,P98,227.7
GTORQUE PETROLEUM,CAMPBELLTOWN,U91,199.7
Gas to connect,GUILDFORD WEST,DL,223.9
Gas to connect,GUILDFORD WEST,E10,183.9
Gas to connect,GUILDFORD WEST,P98,215.9
Gas to connect,GUILDFORD WEST,U91,185.9
Gilgai General Store,GILGAI,DL,238.9
Gilgai General Store,GILGAI,P98,221.9
Gilgai General Store,GILGAI,U91,198.9
Glenreagh General Store,GLENREAGH,DL,254.9
Glenreagh General Store,GLENREAGH,U91,215.9
Gloucester Tyres & Auto Centre,GLOUCESTER,DL,229.9
Gloucester Tyres & Auto Centre,GLOUCESTER,U91,189.9
Golden Apple Super Store,Leeton,DL,239.9
Golden Apple Super Store,Leeton,P95,212.9
Golden Apple Super Store,Leeton,U91,195.9
Goodooga Community store,GOODOOGA,DL,279
Goodooga Community store,GOODOOGA,U91,229
Greens Mandurama,Mandurama,DL,233.8
Greens Mandurama,Mandurama,P95,208.5
Greens Mandurama,Mandurama,U91,199.9
Greenwell Point Service Centre,GREENWELL POINT,P95,212.9
Greenwell Point Service Centre,GREENWELL POINT,U91,199.9
Grenfell Local Store,GRENFELL,DL,239.9
Grenfell Local Store,GRENFELL,P98,219.9
Grenfell Local Store,GRENFELL,U91,199.9
Grenfell Roadhouse,GRENFELL,DL,233.9
Grenfell Roadhouse,GRENFELL,P98,219.9
Grenfell Roadhouse,GRENFELL,U91,196.9
Gresford Garage and Rural,EAST GRESFORD,DL,249
Gresford Garage and Rural,EAST GRESFORD,P95,222
Gresford Garage and Rural,EAST GRESFORD,U91,214
Gulgong Automotive,GULGONG,DL,249.9
Gulgong Automotive,GULGONG,P98,231.9
Gulgong Automotive,GULGONG,U91,204.9
Gurkirpa Business,LYNDHURST,DL,242
Gurkirpa Business,LYNDHURST,P95,217
Gurkirpa Business,LYNDHURST,U91,202
Guyra Fourways Service Centre,GUYRA,DL,236
Guyra Fourways Service Centre,GUYRA,P95,208
Guyra Fourways Service Centre,GUYRA,U91,198
Hanlon Enterprises Fuel,JUNEE,DL,229
Harry's Fuel,Sydenham,P95,203.9
Harry's Fuel,Sydenham,U91,185.7
Hastings Co-op,Wauchope,P95,211.2
Hastings Co-op,Wauchope,P98,217.9
Hastings Co-op,Wauchope,U91,197.5
Hastings Co-op Depot,Wauchope,DL,240.2
Hill & Co Metro Depot,GOULBURN,P98,207.9
Hill & Co Metro Depot,GOULBURN,U91,189.9
Hillston Hardware Mobil Service Station,HILLSTON,DL,246.9
Hillston Hardware Mobil Service Station,HILLSTON,P95,208.9
Hillston Hardware Mobil Service Station,HILLSTON,U91,203.9
IGA Blackheath,BLACKHEATH,DL,239.9
IGA Blackheath,BLACKHEATH,E10,195.9
IGA Blackheath,BLACKHEATH,P98,219.9
IGA Blackheath,BLACKHEATH,U91,199.9
INFINITY FUELS,WAUCHOPE,DL,235.5
INFINITY FUELS,WAUCHOPE,P95,199.5
INFINITY FUELS,WAUCHOPE,P98,209.5
INFINITY FUELS,WAUCHOPE,U91,189.5
INFINITY FUELS KEW,Kew,DL,234.9
INFINITY FUELS KEW,Kew,P95,209.9
INFINITY FUELS KEW,Kew,P98,224.9
INFINITY FUELS KEW,Kew,U91,197.9
IOR Bathurst (Self- Serve),KELSO,DL,240.9
IOR Beresfield (Self-Serve),BERESFIELD,DL,237.9
IOR Boomi (Self- Serve),BOOMI,DL,248.9
IOR Broken Hill (Self-Serve),Broken Hill,DL,247.9
IOR Cobar (Self-serve),Cobar,DL,247.9
IOR Coonamble (Self-Serve),COONAMBLE,DL,250.9
IOR Deniliquin (Self-Serve),Deniliquin,DL,246.9
IOR Dubbo (Self-Serve),DUBBO,DL,246.9
IOR Glen Innes,GLEN INNES,DL,245.9
IOR Gundagai (Self-Serve),SOUTH GUNDAGAI,DL,241.9
IOR Hillston (Self-Serve),HILLSTON,DL,247.9
IOR Moree (Self-Serve),MOREE,DL,245.9
IOR Narrabri (Self- Serve),NARRABRI,DL,246.9
IOR Nevertire (Self- Serve),Nevertire,DL,246.9
IOR Quambone (Self Serve),Quambone,DL,247.9
IOR South Kempsey (Self- serve),SOUTH KEMPSEY,DL,238.9
IOR Tamworth (Self- Serve),WESTDALE,DL,243.9
IOR Walgett (Self Serve),WALGETT,DL,252.9
IOR West Wyalong (Self-Serve),WEST WYALONG,DL,245.9
IOR White Cliffs (Self- Serve),White Cliffs,DL,295.9
Independent Albion Park,Albion Park,DL,235
Independent Albion Park,Albion Park,P98,221
Independent Albion Park,Albion Park,U91,197
Independent Appin,Appin,E10,187.9
Independent Appin,Appin,P98,209.9
Independent Appin,Appin,U91,189.9
Independent Barham,Barham,DL,245.9
Independent Barham,Barham,P98,225.9
Independent Barham,Barham,U91,205.9
Independent Barraba,Barraba,DL,249.9
Independent Barraba,Barraba,P95,221.9
Independent Barraba,Barraba,U91,201.9
Independent Batemans Bay,BATEMANS BAY,DL,233.9
Independent Batemans Bay,BATEMANS BAY,P95,212.9
Independent Batemans Bay,BATEMANS BAY,U91,194.9
Independent Bellingen,Bellingen,DL,243.9
Independent Bellingen,Bellingen,P95,214.9
Independent Bellingen,Bellingen,U91,202.9
Independent Bendalong,Bendalong,DL,261.9
Independent Bendalong,Bendalong,P95,229.9
Independent Bendalong,Bendalong,U91,222.9
Independent Bendemeer,Bendemeer,DL,225
Independent Bendemeer,Bendemeer,U91,199
Independent Beresfield,Beresfield,DL,246.9
Independent Beresfield,Beresfield,P95,208.9
Independent Beresfield,Beresfield,U91,194.9
Independent Bermagui NSW,Bermagui NSW,DL,225.9
Independent Bermagui NSW,Bermagui NSW,P95,211.9
Independent Bermagui NSW,Bermagui NSW,U91,185.9
Independent Berridale,BERRIDALE,DL,223.7
Independent Berridale,BERRIDALE,P98,207.7
Independent Berridale,BERRIDALE,U91,186.7
Independent Bodalla,Bodalla,E10,188.8
Independent Bodalla,Bodalla,P95,199.9
Independent Bodalla,Bodalla,U91,189.9
Independent Bonny Hills,Bonny Hills,DL,229.9
Independent Bonny Hills,Bonny Hills,P95,204.9
Independent Bonny Hills,Bonny Hills,U91,194.9
Independent Bonville,Bonville,DL,239.9
Independent Bonville,Bonville,P95,212.9
Independent Bonville,Bonville,U91,198.9
Independent Booral,Booral,DL,228.9
Independent Booral,Booral,P95,202.9
Independent Booral,Booral,U91,188.9
Independent Bradbury,Bradbury,E10,189.9
Independent Bradbury,Bradbury,P98,215.9
Independent Bradbury,Bradbury,U91,191.9
Independent Bundarra,Bundarra,DL,239.9
Independent Bundarra,Bundarra,P95,220.9
Independent Camden,CAMDEN,E10,185.9
Independent Camden,CAMDEN,P95,197.9
Independent Camden,CAMDEN,P98,207.9
Independent Camden,CAMDEN,U91,185.9
Independent Cargo,Cargo,DL,251.9
Independent Cargo,Cargo,U91,220.9
Independent Carroll,Carroll,DL,235.9
Independent Carroll,Carroll,U91,195.9
Independent Casino,CASINO,DL,243.9
Independent Cobar,Cobar,DL,252.9
Independent Cobar,Cobar,P98,234.9
Independent Cobar,Cobar,U91,206.9
Independent Coleambally,Coleambally,DL,235
Independent Coleambally,Coleambally,U91,201
Independent Colovale,Colo Vale,DL,237.6
Independent Colovale,Colo Vale,P98,229.9
Independent Colovale,Colo Vale,U91,196.9
Independent Comboyne,Comboyne,DL,215.9
Independent Comboyne,Comboyne,P95,190.9
Independent Comboyne,Comboyne,U91,182.9
Independent Cooma,Cooma,DL,238.9
Independent Cooma,Cooma,P98,223.9
Independent Cooma,Cooma,U91,202.9
Independent Coomba Park,Coomba Park,P95,220
Independent Coomba Park,Coomba Park,U91,199
Independent Coraki,Coraki,P98,219.9
Independent Coraki,Coraki,U91,198.9
Independent Coramba,Coramba,P95,215.9
Independent Coramba,Coramba,P98,227.9
Independent Coramba,Coramba,U91,205.9
Independent Cudal,Cudal,DL,226.9
Independent Cudal,Cudal,P95,199.9
Independent Cudal,Cudal,U91,189.9
Independent Dalmeny,Dalmeny,DL,231.9
Independent Dalmeny,Dalmeny,P98,216.9
Independent Dalmeny,Dalmeny,U91,189.9
Independent Dareton,Dareton,DL,239.9
Independent Dareton,Dareton,P98,230.9
Independent Dareton,Dareton,U91,208.5
Independent Delegate,Delegate,DL,234.9
Independent Delegate,Delegate,U91,197.9
Independent Dubbo,Dubbo,DL,247.9
Independent Dubbo,Dubbo,P98,229.9
Independent Dubbo,Dubbo,U91,202.9
Independent Dungog,Dungog,DL,225.9
Independent Euston,Euston,DL,242.9
Independent Euston,Euston,U91,199.9
Independent Forbes,Forbes,DL,236.9
Independent Forbes,Forbes,P95,220.9
Independent Forbes,Forbes,U91,199.9
Independent Freemans Reach,Freemans Reach,DL,229.9
Independent Freemans Reach,Freemans Reach,P95,200.9
Independent Freemans Reach,Freemans Reach,P98,210.9
Independent Freemans Reach,Freemans Reach,U91,183.9
Independent Gilgandra,Gilgandra,DL,247.9
Independent Gilgandra,Gilgandra,P95,223.9
Independent Gilgandra,Gilgandra,P98,229.9
Independent Gilgandra,Gilgandra,U91,202.9
Independent Glen Innes,Glen Innes,DL,228.9
Independent Glen Innes,Glen Innes,P95,206.9
Independent Glen Innes,Glen Innes,U91,194.9
Independent Goulburn,GOULBURN,P98,224.9
Independent Goulburn,GOULBURN,U91,200.9
Independent Grenfell,GRENFELL,DL,231.9
Independent Grenfell,GRENFELL,P95,214.9
Independent Grenfell,GRENFELL,U91,206.9
Independent Griffith,Griffith,DL,244
Independent Griffith,Griffith,P98,232
Independent Griffith,Griffith,U91,204
Independent Gulargambone,Gulargambone,DL,249.9
Independent Gulargambone,Gulargambone,P95,225.9
Independent Gulargambone,Gulargambone,U91,204.9
Independent Gunnedah,Gunnedah,DL,229.9
Independent Gunnedah,Gunnedah,E10,189.9
Independent Gunnedah,Gunnedah,P98,216.9
Independent Gunnedah,Gunnedah,U91,193.9
Independent Gunnedah,Gunnedah,DL,246.9
Independent Gunnedah,Gunnedah,P95,218.9
Independent Gunnedah,Gunnedah,U91,198.9
Independent Guyra,Guyra,DL,236
Independent Guyra,Guyra,P95,208
Independent Guyra,Guyra,U91,198
Independent Inverell,Inverell,DL,241.9
Independent Inverell,Inverell,P98,224.9
Independent Inverell,Inverell,U91,199.9
Independent Jindabyne,Jindabyne,DL,244.9
Independent Jindabyne,Jindabyne,P98,232.9
Independent Jindabyne,Jindabyne,U91,229.9
Independent Kempsey,Kempsey,DL,237.9
Independent Kempsey,Kempsey,P95,209.9
Independent Kempsey,Kempsey,P98,219.9
Independent Kempsey,Kempsey,U91,195.9
Independent Krambach,Krambach,DL,235.9
Independent Krambach,Krambach,P98,222.9
Independent Krambach,Krambach,U91,192.9
Independent Kulnura,KULNURA,DL,230
Independent Kulnura,KULNURA,P98,220
Independent Kundabung,Kundabung,DL,234.9
Independent Kundabung,Kundabung,P95,204.9
Independent Kundabung,Kundabung,U91,194.9
Independent Lake Cargelligo,Lake Cargelligo,DL,252.9
Independent Lake Cargelligo,Lake Cargelligo,P95,221.9
Independent Lake Cargelligo,Lake Cargelligo,U91,210.9
Independent Lalor Park,Lalor Park,DL,235.9
Independent Lalor Park,Lalor Park,E10,187.9
Independent Lalor Park,Lalor Park,P98,216.9
Independent Lalor Park,Lalor Park,U91,188.9
Independent Liberty South Grafton,South Grafton,DL,239.5
Independent Liberty South Grafton,South Grafton,P95,214.5
Independent Liberty South Grafton,South Grafton,P98,220.5
Independent Liberty South Grafton,South Grafton,U91,199.4
Independent Lightning Ridge,Lightning Ridge,DL,259.9
Independent Lightning Ridge,Lightning Ridge,U91,219.9
Independent Lismore,Lismore,DL,243.9
Independent Lismore,Lismore,P95,212.9
Independent Lismore,Lismore,P98,222.9
Independent Lismore,Lismore,U91,202.9
Independent Mangoplah,Mangoplah,DL,240
Independent Marrar,Marrar,DL,219.9
Independent Marrar,Marrar,P95,190.9
Independent Marrar,Marrar,U91,181.9
Independent Marrickville,Marrickville,P98,209.9
Independent Marrickville,Marrickville,U91,189.9
Independent Minnie Water,Minnie Water,DL,259.9
Independent Minnie Water,Minnie Water,P95,231
Independent Minnie Water,Minnie Water,U91,221
Independent Mirrabooka,Mirrabooka,DL,232.9
Independent Mirrabooka,Mirrabooka,P95,207.9
Independent Mirrabooka,Mirrabooka,U91,188.9
Independent Mooball,Mooball,DL,243.9
Independent Mooball,Mooball,P98,227.9
Independent Mooball,Mooball,U91,205.9
Independent Mullumbimby,Mullumbimby,DL,245.9
Independent Mullumbimby,Mullumbimby,P95,222.9
Independent Mullumbimby,Mullumbimby,P98,219.9
Independent Mullumbimby,Mullumbimby,U91,203.9
Independent Murrumbateman,Murrumbateman,DL,243.9
Independent Murrumbateman,Murrumbateman,P98,228.9
Independent Murrumbateman,Murrumbateman,U91,203.9
Independent Murwillumbah,Murwillumbah,DL,235.9
Independent Murwillumbah,Murwillumbah,P98,219.9
Independent Murwillumbah,Murwillumbah,U91,193.9
Independent Narromine,Narromine,DL,248.9
Independent Narromine,Narromine,P98,230.9
Independent Narromine,Narromine,U91,203.9
Independent Nimbin,Nimbin,DL,243.9
Independent Nimbin,Nimbin,P95,213.9
Independent Nimbin,Nimbin,U91,203.9
Independent North Lismore,North Lismore,DL,239.9
Independent North Lismore,North Lismore,P95,212.9
Independent North Lismore,North Lismore,U91,202.9
Independent Oberon,Oberon,DL,229.9
Independent Oberon,Oberon,E10,183.9
Independent Oberon,Oberon,P98,211.9
Independent Oberon,Oberon,U91,185.9
Independent Paterson,Paterson,DL,239.9
Independent Paterson,Paterson,P95,213.9
Independent Peakhurst,PEAKHURST,E10,183.9
Independent Peakhurst,PEAKHURST,P98,209.9
Independent Peakhurst,PEAKHURST,U91,185.9
Independent Port Macquarie,Port Macquarie,DL,229.9
Independent Port Macquarie,Port Macquarie,P95,205.9
Independent Port Macquarie,Port Macquarie,U91,195.9
Independent Rainbow Flat,RAINBOW FLAT,P95,212.5
Independent Rainbow Flat,RAINBOW FLAT,P98,220.5
Independent Rainbow Flat,RAINBOW FLAT,U91,197.5
Independent Rathmines,Rathmines,DL,239.8
Independent Rathmines,Rathmines,P98,229.8
Independent Rathmines,Rathmines,U91,199.8
Independent Riverstone,Riverstone,DL,226.7
Independent Riverstone,Riverstone,E10,183.7
Independent Riverstone,Riverstone,P98,208.7
Independent Riverstone,Riverstone,U91,185.7
Independent SCONE,SCONE,DL,222.9
Independent SCONE,SCONE,U91,182.9
Independent Sapphire Beach,SAPPHIRE BEACH,DL,238.9
Independent Sapphire Beach,SAPPHIRE BEACH,P95,208.9
Independent Sapphire Beach,SAPPHIRE BEACH,P98,218.9
Independent Sapphire Beach,SAPPHIRE BEACH,U91,197.9
Independent South Dubbo,DUBBO,DL,247.9
Independent South Dubbo,DUBBO,E10,199.9
Independent South Dubbo,DUBBO,P95,218.9
Independent South Dubbo,DUBBO,P98,229.9
Independent South Dubbo,DUBBO,U91,202.9
Independent South Murwillumbah,South Murwillumbah,DL,233.9
Independent South Murwillumbah,South Murwillumbah,P98,217.9
Independent South Murwillumbah,South Murwillumbah,U91,192.9
Independent Stratford,Stratford,DL,228.9
Independent Stratford,Stratford,P95,202.9
Independent Stratford,Stratford,U91,188.9
Independent Stroud,Stroud,DL,232.5
Independent Stroud,Stroud,P95,209.5
Independent Stroud,Stroud,U91,191.5
Independent Summerland Point,Summerland Point,DL,238.9
Independent Summerland Point,Summerland Point,P95,217.9
Independent Summerland Point,Summerland Point,U91,199.9
Independent TATHRA,TATHRA,DL,242.9
Independent TATHRA,TATHRA,P98,221.9
Independent TATHRA,TATHRA,U91,200.9
Independent Telegraph Point,Telegraph Point,DL,239.9
Independent Telegraph Point,Telegraph Point,P95,209.9
Independent Telegraph Point,Telegraph Point,U91,199.9
Independent Tintenbar,Tintenbar,DL,245
Independent Tintenbar,Tintenbar,P95,209
Independent Tintenbar,Tintenbar,U91,202
Independent Turramurra,Turramurra,DL,237.6
Independent Turramurra,Turramurra,P98,218.5
Independent Turramurra,Turramurra,U91,192.7
Independent Urana,Urana,DL,230
Independent Urana,Urana,P95,208.9
Independent Urana,Urana,U91,199.9
Independent Walgett,Walgett,DL,252.9
Independent Walgett,Walgett,P95,219.9
Independent Walgett,Walgett,P98,232.9
Independent Walgett,Walgett,U91,209.9
Independent Walla Walla,Walla Walla,DL,240.9
Independent Walla Walla,Walla Walla,U91,198.9
Independent Weethalle,Weethalle,DL,230
Independent Weethalle,Weethalle,P95,196
Independent Weethalle,Weethalle,U91,176
Independent West Dubbo,West Dubbo,DL,247.9
Independent West Dubbo,West Dubbo,P95,218.9
Independent West Dubbo,West Dubbo,U91,202.9
Independent Woodenbong,Woodenbong,DL,244.9
Independent Woodenbong,Woodenbong,P95,219.9
Independent Woodenbong,Woodenbong,U91,209.9
Independent Wyndham,Wyndham,DL,242.9
Independent Wyndham,Wyndham,U91,201.9
Independent Yenda,YENDA,DL,242.9
Independent Yenda,YENDA,P95,212.9
Independent Yenda,YENDA,U91,201.9
Inland Petroleum Condobolin,CONDOBOLIN,DL,250.9
Inland Petroleum Condobolin,CONDOBOLIN,P95,221.9
Inland Petroleum Condobolin,CONDOBOLIN,U91,206.9
Inland Petroleum Premer,Premer,DL,239.9
Invergowrie General Store,INVERGOWRIE,DL,236
Invergowrie General Store,INVERGOWRIE,P95,208
Invergowrie General Store,INVERGOWRIE,U91,195
JACK & CO NORTHWOOD,LONGUEVILLE,E10,193.5
JACK & CO NORTHWOOD,LONGUEVILLE,P95,213.5
JACK & CO NORTHWOOD,LONGUEVILLE,P98,221.5
JONES PANELBEATING,DUNEDOO,DL,236.9
JONES PANELBEATING,DUNEDOO,P95,212.9
JONES PANELBEATING,DUNEDOO,U91,202.9
Jack & Co Lane Cove,LANE COVE,E10,191.5
Jack & Co Lane Cove,LANE COVE,P98,220.5
Jack & Co Lane Cove,LANE COVE,U91,193.5
Jeff and rocks fuel and hardware,Wentworth,DL,240.9
Jeff and rocks fuel and hardware,Wentworth,P98,220.9
Jeff and rocks fuel and hardware,Wentworth,U91,199.9
Johns River Tavern,JOHNS RIVER,DL,239.9
Johns River Tavern,JOHNS RIVER,P98,219.9
Johns River Tavern,JOHNS RIVER,U91,199.9
Kiah General Store,KIAH,DL,242.9
Kiah General Store,KIAH,P98,223.9
Kiah General Store,KIAH,U91,199.9
Koorindah Fuel Station,TANILBA BAY,DL,229.5
Koorindah Fuel Station,TANILBA BAY,P98,212.5
Koorindah Fuel Station,TANILBA BAY,U91,191.5
Kulnura General Store,KULNURA,DL,227.9
Kulnura General Store,KULNURA,P98,204.9
Kulnura General Store,KULNURA,U91,189.9
LIBERTY BOGGABILLA,BOGGABILLA,DL,225.5
LIBERTY BOGGABILLA,BOGGABILLA,E10,185.5
LIBERTY BOGGABILLA,BOGGABILLA,P98,212.5
LIBERTY BOGGABILLA,BOGGABILLA,U91,189.5
LOCAL SERVO TABULAM,TABULAM,DL,239.9
LOCAL SERVO TABULAM,TABULAM,P95,219.9
LOCAL SERVO TABULAM,TABULAM,P98,228.9
LOCAL SERVO TABULAM,TABULAM,U91,198.9
LOWES NORTH STAR OPT,NORTH STAR,DL,239.9
LOWES NORTH STAR OPT,NORTH STAR,U91,202.9
LakeMac Petroleum,FENNELL BAY,E10,191.9
LakeMac Petroleum,FENNELL BAY,P95,207.9
LakeMac Petroleum,FENNELL BAY,U91,193.9
Lawrence General & Liquor Store,LAWRENCE,DL,248.9
Lawrence General & Liquor Store,LAWRENCE,U91,209.9
Legume Store,LEGUME,DL,225
Legume Store,LEGUME,U91,192
Liberty Albert,Albert,DL,239.9
Liberty Albert,Albert,P95,215.9
Liberty Alstonville,Alstonville,DL,248.9
Liberty Alstonville,Alstonville,P95,211.9
Liberty Alstonville,Alstonville,U91,199.9
"Liberty Armidale, North Hill",ARMIDALE,DL,239.9
"Liberty Armidale, North Hill",ARMIDALE,P95,217.9
"Liberty Armidale, North Hill",ARMIDALE,P98,226.9
"Liberty Armidale, North Hill",ARMIDALE,U91,199.9
Liberty Bangalow,BANGALOW,DL,245.9
Liberty Bangalow,BANGALOW,P98,223.9
Liberty Bangalow,BANGALOW,U91,203.9
Liberty Bingara Cafe,BINGARA,DL,241.9
Liberty Bingara Cafe,BINGARA,P98,223.9
Liberty Bingara Cafe,BINGARA,U91,201.9
Liberty Boambee,Boambee,DL,245.9
Liberty Boambee,Boambee,P95,214.9
Liberty Boambee,Boambee,U91,202.9
Liberty Bourke,BOURKE,DL,237.9
Liberty Bourke,BOURKE,P95,212.9
Liberty Bourke,BOURKE,U91,197.9
Liberty Broadwater,BROADWATER,DL,237.9
Liberty Broadwater,BROADWATER,P95,205.9
Liberty Broadwater,BROADWATER,U91,195.9
Liberty Brocklehurst,BROCKLEHURST,DL,235.5
Liberty Brocklehurst,BROCKLEHURST,E10,189.5
Liberty Brocklehurst,BROCKLEHURST,P95,209.5
Liberty Brocklehurst,BROCKLEHURST,P98,217.5
Liberty Brocklehurst,BROCKLEHURST,U91,194.5
Liberty Byron Bay,Byron Bay,DL,236.9
Liberty Byron Bay,Byron Bay,P98,214.9
Liberty Byron Bay,Byron Bay,U91,199.9
Liberty Casino,Casino,DL,243.9
Liberty Casino,Casino,P98,219.9
Liberty Casino,Casino,U91,197.9
Liberty Coffs Harbour,COFFS HARBOUR,DL,242.9
Liberty Coffs Harbour,COFFS HARBOUR,P95,216.9
Liberty Coffs Harbour,COFFS HARBOUR,P98,224.9
Liberty Coffs Harbour,COFFS HARBOUR,U91,200.9
Liberty Coonabarbran,COONABARABRAN,DL,235.9
Liberty Coonabarbran,COONABARABRAN,P95,210.9
Liberty Coonabarbran,COONABARABRAN,U91,195.9
Liberty Cullendulla,BENANDARAH,DL,235.9
Liberty Cullendulla,BENANDARAH,P98,236.9
Liberty Cullendulla,BENANDARAH,U91,196.5
Liberty Doonside,Doonside,DL,237.9
Liberty Doonside,Doonside,E10,189.9
Liberty Doonside,Doonside,P98,218.9
Liberty Doonside,Doonside,U91,191.9
Liberty Evans Head,EVANS HEAD,DL,239.9
Liberty Evans Head,EVANS HEAD,P98,219.9
Liberty Evans Head,EVANS HEAD,U91,199.9
Liberty Foodmart,LISMORE,DL,243.9
Liberty Foodmart,LISMORE,P95,212.9
Liberty Foodmart,LISMORE,P98,222.9
Liberty Foodmart,LISMORE,U91,202.9
Liberty Girraween,Girraween,DL,230.9
Liberty Girraween,Girraween,E10,187.9
Liberty Girraween,Girraween,P95,203.9
Liberty Girraween,Girraween,P98,213.9
Liberty Girraween,Girraween,U91,188.9
Liberty Gladstone,Gladstone,DL,239.9
Liberty Gladstone,Gladstone,P95,214.9
Liberty Gladstone,Gladstone,U91,194.9
Liberty Gurley,GURLEY,DL,229.5
Liberty Gurley,GURLEY,E10,185.5
Liberty Gurley,GURLEY,P98,212.5
Liberty Gurley,GURLEY,U91,189.5
Liberty Lismore,Lismore,DL,243.9
Liberty Lismore,Lismore,P98,229.9
Liberty Lismore,Lismore,U91,202.9
Liberty Moorland,Moorland,DL,239.9
Liberty Moorland,Moorland,P95,207.9
Liberty Moorland,Moorland,U91,195.9
Liberty Moruya,MORUYA,DL,229.9
Liberty Moruya,MORUYA,E10,185.9
Liberty Moruya,MORUYA,P95,204.9
Liberty Moruya,MORUYA,P98,212.9
Liberty Moruya,MORUYA,U91,189.9
Liberty Mullumbimby,Mullumbimby,DL,245.9
Liberty Mullumbimby,Mullumbimby,P98,223.9
Liberty Mullumbimby,Mullumbimby,U91,203.9
Liberty Narrandera,NARRANDERA,DL,240.9
Liberty Narrandera,NARRANDERA,E10,202.9
Liberty Narrandera,NARRANDERA,P98,229.9
Liberty Narrandera,NARRANDERA,U91,204.9
Liberty Narromine,NARROMINE,DL,229.9
Liberty Narromine,NARROMINE,E10,177.9
Liberty Narromine,NARROMINE,P98,204.9
Liberty Narromine,NARROMINE,U91,181.9
Liberty Oil Griffith,GRIFFITH,DL,233.5
Liberty Oil Griffith,GRIFFITH,E10,185.9
Liberty Oil Griffith,GRIFFITH,P95,204.9
Liberty Oil Griffith,GRIFFITH,P98,212.9
Liberty Oil Griffith,GRIFFITH,U91,189.9
Liberty South Lismore,South Lismore,DL,243.9
Liberty South Lismore,South Lismore,U91,202.9
Liberty South West Rocks,SOUTH WEST ROCKS,DL,239.9
Liberty South West Rocks,SOUTH WEST ROCKS,P95,207.9
Liberty South West Rocks,SOUTH WEST ROCKS,U91,194.9
Liberty Tenterfield,TENTERFIELD,DL,239.9
Liberty Tenterfield,TENTERFIELD,P95,205.9
Liberty Tenterfield,TENTERFIELD,P98,215.9
Liberty Tenterfield,TENTERFIELD,U91,195.9
Liberty Wingham,WINGHAM,DL,234.9
Liberty Wingham,WINGHAM,P95,217.9
Liberty Wingham,WINGHAM,U91,195.9
Linmac Co Pty Ltd,WALCHA,DL,241
Little Servo Clunes (Afterhours Self- Serve),CLUNES,DL,246.9
Little Servo Clunes (Afterhours Self- Serve),CLUNES,P95,214.9
Little Servo Clunes (Afterhours Self- Serve),CLUNES,U91,202.9
Llangothlin Service Station,LLANGOTHLIN,DL,238.9
Llangothlin Service Station,LLANGOTHLIN,P95,208
Llangothlin Service Station,LLANGOTHLIN,U91,197.8
Locals Servo,MURRURUNDI,DL,229.5
Locals Servo,MURRURUNDI,P95,203.5
Locals Servo,MURRURUNDI,U91,189.5
Logan & Hitchens,GANMAIN,DL,227.1
Logan & Hitchens,GANMAIN,P98,208.9
Logan & Hitchens,GANMAIN,U91,183.8
Long flat store,LONG FLAT,DL,255.9
Long flat store,LONG FLAT,P95,225.9
Lowes Armidale,Armidale,E10,200.9
Lowes Armidale,Armidale,P98,226.9
Lowes Armidale,Armidale,U91,202.9
Lowes BP Goolgowi,GOOLGOWI,U91,208.9
Lowes Bellata,Bellata,DL,237.9
Lowes Bellata,Bellata,E10,193.9
Lowes Bellata,Bellata,P98,217.9
Lowes Boggabilla,BOGGABILLA,DL,236.9
Lowes Boggabilla,BOGGABILLA,U91,194.9
Lowes Coleambally,Coleambally,DL,235.9
Lowes Coolah,Coolah,DL,233.9
Lowes Cooma,Cooma,DL,235.9
Lowes Cooma,Cooma,P98,221.9
Lowes Cooma,Cooma,U91,197.9
Lowes Eugowra,Eugowra,DL,241.9
Lowes Eugowra,Eugowra,U91,205.9
Lowes Forbes,Forbes,DL,236.9
Lowes Griffith,GRIFFITH,DL,241.9
Lowes Griffith,GRIFFITH,E10,203.9
Lowes Griffith,GRIFFITH,P98,227.9
Lowes Griffith,GRIFFITH,U91,205.9
Lowes Gulgong,Gulgong,DL,236.9
Lowes Gulgong,Gulgong,P95,214.9
Lowes Gulgong,Gulgong,U91,199.9
Lowes Gunnedah,Gunnedah,E10,197.9
Lowes Gunnedah,Gunnedah,P98,221.9
Lowes Gunnedah,Gunnedah,U91,199.9
Lowes Hillston,Hillston,DL,245.9
Lowes Hillston,Hillston,P98,229.9
Lowes Hillston,Hillston,U91,207.9
Lowes Inverell,Inverell,DL,235.9
Lowes Inverell,Inverell,P98,218.9
Lowes Inverell,Inverell,U91,196.9
Lowes Moree,Moree,E10,203.9
Lowes Moree,Moree,P98,227.9
Lowes Mount Thorley,Mount Thorley,DL,235.9
Lowes Mulwala,Mulwala,DL,249.9
Lowes Mulwala,Mulwala,P98,236.9
Lowes Mulwala,Mulwala,U91,209.9
Lowes Newcastle,NEWCASTLE,DL,244.9
Lowes Newcastle,NEWCASTLE,E10,196.9
Lowes Newcastle,NEWCASTLE,P98,220.9
Lowes Orange(Unmanned),ORANGE,DL,238.9
Lowes Orange(Unmanned),ORANGE,E10,198.9
Lowes Orange(Unmanned),ORANGE,P95,213.9
Lowes Petroleum Gunnedah OPT,GUNNEDAH,DL,235.9
Lowes Petroleum Service,ARMIDALE,DL,237.9
Lowes Petroleum Service,GARAH,DL,239.9
Lowes Petroleum Service,GARAH,U91,202.9
Lowes Petroleum Service,WILCANNIA,DL,239.9
Lowes Petroleum Service,WILCANNIA,P98,234.9
Lowes Petroleum Service,WILCANNIA,U91,214.9
Lowes Tamworth,Tamworth,DL,235.9
Lowes Tamworth,Tamworth,U91,193.9
MATEX FUEL MATRAVILLE,Matraville,E10,191.5
MATEX FUEL MATRAVILLE,Matraville,P95,209.5
MATEX FUEL MATRAVILLE,Matraville,P98,216.5
MATEX FUEL MATRAVILLE,Matraville,U91,192.5
MEDCO INVERELL,INVERELL,DL,238.5
MEDCO INVERELL,INVERELL,E10,196.5
MEDCO INVERELL,INVERELL,P95,216.5
MEDCO INVERELL,INVERELL,P98,220.5
MEDCO INVERELL,INVERELL,U91,198.5
MEDCO PETROLEUM ROSELANDS,ROSELANDS,DL,230.5
MEDCO PETROLEUM ROSELANDS,ROSELANDS,E10,184.7
MEDCO PETROLEUM ROSELANDS,ROSELANDS,P95,202.7
MEDCO PETROLEUM ROSELANDS,ROSELANDS,P98,208.7
MEDCO PETROLEUM ROSELANDS,ROSELANDS,U91,186.7
METCO Albury,ALBURY,DL,223.5
METCO Albury,ALBURY,E10,177.5
METCO Albury,ALBURY,P98,199.5
METCO Albury,ALBURY,U91,179.5
METCO PETROLEUM,SINGLETON,DL,235.5
METCO PETROLEUM,SINGLETON,P98,212.9
METCO PETROLEUM,SINGLETON,U91,192.9
METRO FUEL KILLARNEY HEIGHTS,FORESTVILLE,E10,184.4
METRO FUEL KILLARNEY HEIGHTS,FORESTVILLE,P98,210.5
METRO FUEL KILLARNEY HEIGHTS,FORESTVILLE,U91,186.5
METRO FYSHWICK WHYALLA,Fyshwick,E10,195.9
METRO FYSHWICK WHYALLA,Fyshwick,P98,223.9
METRO FYSHWICK WHYALLA,Fyshwick,U91,197.9
METRO HEDDON GRETA,HEDDON GRETA,E10,196.9
METRO HEDDON GRETA,HEDDON GRETA,U91,198.9
METRO MORISSET PARK,MORISSET PARK,E10,190.9
METRO MORISSET PARK,MORISSET PARK,P95,205.9
METRO MORISSET PARK,MORISSET PARK,U91,192.9
METRO OURIMBAH SOUTH,OURIMBAH,DL,239.9
METRO OURIMBAH SOUTH,OURIMBAH,P98,223.9
METRO OURIMBAH SOUTH,OURIMBAH,U91,194.9
METRO PETROLEUM (HABERFIELD),HABERFIELD,E10,182.5
METRO PETROLEUM (HABERFIELD),HABERFIELD,P98,208.5
METRO PETROLEUM (HABERFIELD),HABERFIELD,U91,184.5
METRO PETROLEUM BALLINA,BALLINA,E10,185.5
METRO PETROLEUM BALLINA,BALLINA,P95,199.5
METRO PETROLEUM BALLINA,BALLINA,P98,209.5
METRO PETROLEUM BALLINA,BALLINA,U91,187.5
METRO PETROLEUM BELMONT,BELMONT,E10,186.5
METRO PETROLEUM BELMONT,BELMONT,P98,208.5
METRO PETROLEUM BELMONT,BELMONT,U91,188.5
METRO PETROLEUM BLACKTOWN FLUSHCOMBE,BLACKTOWN,E10,191.5
METRO PETROLEUM BLACKTOWN FLUSHCOMBE,BLACKTOWN,P98,220.5
METRO PETROLEUM BLACKTOWN FLUSHCOMBE,BLACKTOWN,U91,193.5
METRO PETROLEUM CRESTWOOD,CRESTWOOD,E10,193.5
METRO PETROLEUM CRESTWOOD,CRESTWOOD,P98,216.5
METRO PETROLEUM CRESTWOOD,CRESTWOOD,U91,195.5
METRO PETROLEUM FYSHWICK,FYSHWICK,E10,188.9
METRO PETROLEUM FYSHWICK,FYSHWICK,P98,214.9
METRO PETROLEUM FYSHWICK,FYSHWICK,U91,190.9
METRO PETROLEUM GRENFELL,GRENFELL,E10,194.9
METRO PETROLEUM GRENFELL,GRENFELL,P98,219.9
METRO PETROLEUM GRENFELL,GRENFELL,U91,195.9
METRO PETROLEUM LAMBTON,LAMBTON,E10,189.9
METRO PETROLEUM LAMBTON,LAMBTON,P98,213.9
METRO PETROLEUM LAMBTON,LAMBTON,U91,191.9
METRO PETROLEUM LAVINGTON,LAVINGTON,E10,187.9
METRO PETROLEUM LAVINGTON,LAVINGTON,P98,209.9
METRO PETROLEUM LAVINGTON,LAVINGTON,U91,189.9
METRO PETROLEUM MITCHELL,MITCHELL,E10,195.9
METRO PETROLEUM MITCHELL,MITCHELL,P98,226.9
METRO PETROLEUM MITCHELL,MITCHELL,U91,197.9
METRO PETROLEUM PERTHVILLE,PERTHVILLE,DL,232.9
METRO PETROLEUM PERTHVILLE,PERTHVILLE,U91,189.9
METRO PETROLEUM PHILLIP,PHILLIP,E10,199.9
METRO PETROLEUM PHILLIP,PHILLIP,P98,227.9
METRO PETROLEUM PHILLIP,PHILLIP,U91,201.9
METRO PETROLEUM TARRO,TARRO,E10,189.9
METRO PETROLEUM TARRO,TARRO,P95,203.9
METRO PETROLEUM TARRO,TARRO,U91,191.9
"METRO PETROLEUM, HAMILTON SOUTH",HAMILTON SOUTH,E10,189.5
"METRO PETROLEUM, HAMILTON SOUTH",HAMILTON SOUTH,P98,215.5
"METRO PETROLEUM, HAMILTON SOUTH",HAMILTON SOUTH,U91,193.5
"METRO PETROLEUM, NEWCASTLE WEST",NEWCASTLE WEST,E10,189.5
"METRO PETROLEUM, NEWCASTLE WEST",NEWCASTLE WEST,P98,217.5
"METRO PETROLEUM, NEWCASTLE WEST",NEWCASTLE WEST,U91,194.5
"METRO PETROLEUM, WYEE",WYEE,E10,189.5
"METRO PETROLEUM, WYEE",WYEE,P98,213.5
"METRO PETROLEUM, WYEE",WYEE,U91,193.5
METRO ROADHOUSE COOMA,DAIRYMANS PLAINS,DL,228.9
METRO ROADHOUSE COOMA,DAIRYMANS PLAINS,E10,185.9
METRO ROADHOUSE COOMA,DAIRYMANS PLAINS,P98,209.9
METRO ROADHOUSE COOMA,DAIRYMANS PLAINS,U91,186.9
METRO ROZELLE,ROZELLE,E10,179.7
METRO ROZELLE,ROZELLE,P98,209.7
METRO ROZELLE,ROZELLE,U91,182.7
METRO SOUTH BATHURST,SOUTH BATHURST,E10,187.9
METRO SOUTH BATHURST,SOUTH BATHURST,P95,202.9
METRO SOUTH BATHURST,SOUTH BATHURST,U91,189.9
MOBIL 1 CROOKWELL,CROOKWELL,E10,199.9
MOBIL 1 CROOKWELL,CROOKWELL,P95,222.9
MOBIL 1 CROOKWELL,CROOKWELL,P98,232.9
MOBIL 1 CROOKWELL,CROOKWELL,U91,201.9
MOBIL BOOROWA,BOOROWA,E10,199.9
MOBIL BOOROWA,BOOROWA,P98,224.9
MOBIL BOOROWA,BOOROWA,U91,203.9
MOBIL BROKEN HILL,Broken Hill,DL,237.9
MOBIL BROKEN HILL,Broken Hill,P95,218.9
MOBIL BROKEN HILL,Broken Hill,P98,226.9
MOBIL BROKEN HILL,Broken Hill,U91,199.9
MOBIL COFFS HARBOUR,COFFS HARBOUR,E10,198.5
MOBIL COFFS HARBOUR,COFFS HARBOUR,P95,213.5
MOBIL COFFS HARBOUR,COFFS HARBOUR,P98,222.5
MOBIL COFFS HARBOUR,COFFS HARBOUR,U91,200.5
MOBIL HASTINGS RIVER,PORT MACQUARIE,E10,201.5
MOBIL HASTINGS RIVER,PORT MACQUARIE,P95,216.5
MOBIL HASTINGS RIVER,PORT MACQUARIE,P98,225.5
MOBIL HASTINGS RIVER,PORT MACQUARIE,U91,203.5
MOBIL LAKE ALBERT,LAKE ALBERT,E10,181.5
MOBIL LAKE ALBERT,LAKE ALBERT,P98,205.5
MOBIL LAKE ALBERT,LAKE ALBERT,U91,183.5
MOBIL MOSS VALE,MOSS VALE,E10,197.5
MOBIL MOSS VALE,MOSS VALE,P95,212.5
MOBIL MOSS VALE,MOSS VALE,P98,221.5
MOBIL MOSS VALE,MOSS VALE,U91,199.5
MOBIL SALAMANDER BAY,SALAMANDER BAY,E10,187.9
MOBIL SALAMANDER BAY,SALAMANDER BAY,P95,202.9
MOBIL SALAMANDER BAY,SALAMANDER BAY,P98,211.9
MOBIL SALAMANDER BAY,SALAMANDER BAY,U91,189.9
MOBIL WARIALDA,WARIALDA,P98,223.9
MOBIL WARIALDA,WARIALDA,U91,201.9
MOBIL WEST WYALONG,WEST WYALONG,DL,236.5
MOBIL WEST WYALONG,WEST WYALONG,E10,196.5
MOBIL WEST WYALONG,WEST WYALONG,P98,222.5
MOBIL WEST WYALONG,WEST WYALONG,U91,198.5
MOBIL YENDA ROADHOUSE,YENDA,P95,212.9
MOBIL YENDA ROADHOUSE,YENDA,U91,199.9
Macquarie Valley Fuels,NARROMINE,DL,241.9
Macquarie Valley Fuels,NARROMINE,U91,197.9
Manildra Newsagency & Roadhouse,MANILDRA,DL,239.9
Manildra Newsagency & Roadhouse,MANILDRA,P95,199.9
Manildra Newsagency & Roadhouse,MANILDRA,U91,196.9
Mann River Caravan Park,Jackadgery,DL,239.9
Mann River Caravan Park,Jackadgery,P98,209.9
Mann River Caravan Park,Jackadgery,U91,202.9
Mannering Park Mini Mart,MANNERING PARK,DL,225.5
Mannering Park Mini Mart,MANNERING PARK,P98,212.5
Mannering Park Mini Mart,MANNERING PARK,U91,187.5
Mavin Petroleum,Kempsey,DL,238.5
Mavin Petroleum,Kempsey,P95,213.5
Mavin Petroleum,Kempsey,P98,223.5
Mavin Petroleum,Kempsey,U91,199.5
Mavin Petroleum,South Kempsey,DL,238.5
Mavin Petroleum,South Kempsey,P95,213.5
Mavin Petroleum,South Kempsey,U91,199.5
McNabb Mobil Griffith,GRIFFITH,P95,208.9
McNabb Mobil Griffith,GRIFFITH,P98,218.9
McNabb Mobil Griffith,GRIFFITH,U91,195.9
Medco Kanahooka,KANAHOOKA,DL,237.5
Medco Kanahooka,KANAHOOKA,E10,192.7
Medco Kanahooka,KANAHOOKA,P95,210.7
Medco Kanahooka,KANAHOOKA,P98,216.7
Medco Kanahooka,KANAHOOKA,U91,194.7
Medco Petroleum Carlingford,Carlingford,DL,228.5
Medco Petroleum Carlingford,Carlingford,P98,208.5
Medco Petroleum Carlingford,Carlingford,U91,186.5
Medco Waratah,WARATAH,DL,235.5
Medco Waratah,WARATAH,E10,189.5
Medco Waratah,WARATAH,P98,211.5
Medco Waratah,WARATAH,U91,191.5
Medco Windale,Windale,DL,234.5
Medco Windale,Windale,E10,195.7
Medco Windale,Windale,P95,211.7
Medco Windale,Windale,P98,216.7
Medco Windale,Windale,U91,197.7
Mendooran Fuels,MENDOORAN,DL,234.9
Mendooran Fuels,MENDOORAN,P98,221.9
Mendooran Fuels,MENDOORAN,U91,195.9
Metco Merimbula,MERIMBULA,DL,241.9
Metco Merimbula,MERIMBULA,E10,199.9
Metco Merimbula,MERIMBULA,P98,223.9
Metco Merimbula,MERIMBULA,U91,201.9
Metco Petroleum,MCGRATHS HILL,DL,227.5
Metco Petroleum,MCGRATHS HILL,E10,181.5
Metco Petroleum,MCGRATHS HILL,P98,209.5
Metco Petroleum,MCGRATHS HILL,U91,186.5
Metro Aberdeen,ABERDEEN,E10,187.9
Metro Aberdeen,ABERDEEN,P98,209.9
Metro Aberdeen,ABERDEEN,U91,189.9
Metro Ashmont- Unmanned,ASHMONT,P98,213.9
Metro Ashmont- Unmanned,ASHMONT,U91,189.9
Metro Balgownie,Balgownie,DL,239.9
Metro Balgownie,Balgownie,E10,189.9
Metro Balgownie,Balgownie,P95,208.9
Metro Balgownie,Balgownie,P98,217.9
Metro Balgownie,Balgownie,U91,194.9
Metro Bankstown,BANKSTOWN,DL,227.9
Metro Bankstown,BANKSTOWN,E10,179.9
Metro Bankstown,BANKSTOWN,P98,207.9
Metro Bankstown,BANKSTOWN,U91,181.9
Metro Barista Bar Croydon Park,CROYDON PARK,E10,182.5
Metro Barista Bar Croydon Park,CROYDON PARK,P95,201.5
Metro Barista Bar Croydon Park,CROYDON PARK,P98,210.5
Metro Barista Bar Croydon Park,CROYDON PARK,U91,182.5
Metro Bellbird Heights,BELLBIRD HEIGHTS,DL,233.9
Metro Bellbird Heights,BELLBIRD HEIGHTS,E10,187.9
Metro Bellbird Heights,BELLBIRD HEIGHTS,U91,189.9
Metro Belmore,Belmore,E10,179.5
Metro Belmore,Belmore,P95,197.9
Metro Belmore,Belmore,P98,205.9
Metro Belmore,Belmore,U91,182.9
Metro Berkeley,BERKELEY,E10,188.9
Metro Berkeley,BERKELEY,P98,214.9
Metro Berkeley,BERKELEY,U91,190.9
Metro Bexley,BEXLEY,DL,232.9
Metro Bexley,BEXLEY,E10,183.9
Metro Bexley,BEXLEY,U91,185.9
Metro Bexley North,BEXLEY NORTH,DL,232.9
Metro Bexley North,BEXLEY NORTH,E10,187.9
Metro Bexley North,BEXLEY NORTH,P98,209.9
Metro Bexley North,BEXLEY NORTH,U91,189.9
Metro Birrong,Birrong,E10,185.5
Metro Birrong,Birrong,P95,199.5
Metro Birrong,Birrong,P98,209.5
Metro Birrong,Birrong,U91,187.5
Metro Bonnyrigg,Bonnyrigg,E10,187.9
Metro Bonnyrigg,Bonnyrigg,P95,199.9
Metro Bonnyrigg,Bonnyrigg,P98,209.9
Metro Bonnyrigg,Bonnyrigg,U91,189.9
Metro Bonnyrigg Heights,Bonnyrigg,E10,184.8
Metro Bonnyrigg Heights,Bonnyrigg,P98,212.8
Metro Bonnyrigg Heights,Bonnyrigg,U91,192.8
Metro Bow Bowing,MINTO,E10,187.9
Metro Bow Bowing,MINTO,P98,209.9
Metro Bow Bowing,MINTO,U91,189.9
Metro Canley Heights,CANLEY HEIGHTS,E10,191.9
Metro Canley Heights,CANLEY HEIGHTS,P98,218.9
Metro Canley Heights,CANLEY HEIGHTS,U91,193.9
Metro Castle Cove,Castle Cove,P95,204.9
Metro Castle Cove,Castle Cove,P98,213.9
Metro Castle Cove,Castle Cove,U91,187.9
Metro Charlestown,CHARLESTOWN,E10,186.5
Metro Charlestown,CHARLESTOWN,P95,202.5
Metro Charlestown,CHARLESTOWN,P98,210.5
Metro Charlestown,CHARLESTOWN,U91,190.5
Metro Condell Park,CONDELL PARK,E10,186.9
Metro Condell Park,CONDELL PARK,P98,209.9
Metro Condell Park,CONDELL PARK,U91,187.9
Metro Condell Park West,CONDELL PARK,DL,173.9
Metro Condell Park West,CONDELL PARK,E10,186.9
Metro Condell Park West,CONDELL PARK,P98,208.9
Metro Condell Park West,CONDELL PARK,U91,187.9
Metro Crookwell,Crookwell,DL,242.9
Metro Crookwell,Crookwell,E10,197.9
Metro Crookwell,Crookwell,P98,230.9
Metro Crookwell,Crookwell,U91,199.9
Metro Doyalson,DOYALSON,E10,192.5
Metro Doyalson,DOYALSON,P98,215.5
Metro Doyalson,DOYALSON,U91,194.5
Metro Eden,EDEN,DL,243.9
Metro Eden,EDEN,P98,226.9
Metro Eden,EDEN,U91,202.9
Metro Fairfield 82,FAIRFIELD,E10,179.9
Metro Fairfield 82,FAIRFIELD,P98,201.9
Metro Fairfield 82,FAIRFIELD,U91,181.9
Metro Farrer,FARRER,E10,199.5
Metro Farrer,FARRER,P98,227.5
Metro Farrer,FARRER,U91,201.5
Metro Figtree,FIGTREE,E10,189.7
Metro Figtree,FIGTREE,P98,217.7
Metro Figtree,FIGTREE,U91,191.7
Metro Finley,FINLEY,P98,199.5
Metro Finley,FINLEY,U91,189.5
Metro Fuel,RYDE,E10,187.9
Metro Fuel,RYDE,P98,215.9
Metro Fuel,RYDE,U91,189.9
Metro Fuel Abermain,Abermain,DL,231.9
Metro Fuel Abermain,Abermain,E10,199.9
Metro Fuel Abermain,Abermain,P95,212.9
Metro Fuel Abermain,Abermain,P98,222.9
Metro Fuel Abermain,Abermain,U91,201.9
Metro Fuel Alexandria,Alexandria,E10,187.9
Metro Fuel Alexandria,Alexandria,P98,215.9
Metro Fuel Alexandria,Alexandria,U91,189.9
Metro Fuel Berkeley Vale,Berkeley Vale,E10,179.5
Metro Fuel Berkeley Vale,Berkeley Vale,P98,207.5
Metro Fuel Berkeley Vale,Berkeley Vale,U91,185.5
Metro Fuel Broken Hill,Broken Hill,DL,237.9
Metro Fuel Broken Hill,Broken Hill,P95,219.9
Metro Fuel Broken Hill,Broken Hill,U91,199.9
Metro Fuel Canterbury,Canterbury,E10,175.9
Metro Fuel Canterbury,Canterbury,P98,199.9
Metro Fuel Canterbury,Canterbury,U91,179.9
Metro Fuel Cliftleigh,Cliftleigh,DL,233.9
Metro Fuel Cliftleigh,Cliftleigh,E10,196.9
Metro Fuel Cliftleigh,Cliftleigh,P95,208.9
Metro Fuel Cliftleigh,Cliftleigh,P98,218.9
Metro Fuel Cliftleigh,Cliftleigh,U91,198.9
Metro Fuel Cremorne,CREMORNE,E10,186.9
Metro Fuel Cremorne,CREMORNE,P98,213.9
Metro Fuel Cremorne,CREMORNE,U91,189.9
Metro Fuel Croydon Park,CROYDON PARK,DL,229.9
Metro Fuel Croydon Park,CROYDON PARK,E10,180.5
Metro Fuel Croydon Park,CROYDON PARK,P98,210.5
Metro Fuel Croydon Park,CROYDON PARK,U91,182.5
Metro Fuel Doonside,Doonside,E10,182.9
Metro Fuel Doonside,Doonside,U91,184.9
Metro Fuel Fairfield,Fairfield,E10,179.9
Metro Fuel Fairfield,Fairfield,P98,201.9
Metro Fuel Fairfield,Fairfield,U91,181.9
Metro Fuel Frenchs Forest,Forestville,E10,184.9
Metro Fuel Frenchs Forest,Forestville,P98,210.9
Metro Fuel Frenchs Forest,Forestville,U91,186.9
Metro Fuel Greystanes,Greystanes,E10,187.3
Metro Fuel Greystanes,Greystanes,P98,209.3
Metro Fuel Greystanes,Greystanes,U91,189.3
Metro Fuel Homebush,Lidcombe,E10,179.9
Metro Fuel Homebush,Lidcombe,P98,205.9
Metro Fuel Homebush,Lidcombe,U91,181.9
Metro Fuel Miranda,Miranda,E10,186.9
Metro Fuel Miranda,Miranda,P98,212.9
Metro Fuel Miranda,Miranda,U91,188.9
Metro Fuel North Avalon,North Avalon,E10,193.9
Metro Fuel North Avalon,North Avalon,P95,211.4
Metro Fuel North Avalon,North Avalon,P98,220.9
Metro Fuel Ruse,Ruse,E10,190.9
Metro Fuel Ruse,Ruse,P98,216.9
Metro Fuel Ruse,Ruse,U91,192.9
Metro Fuel Ulladulla,ULLADULLA,E10,195.9
Metro Fuel Ulladulla,ULLADULLA,P98,224.9
Metro Fuel Ulladulla,ULLADULLA,U91,197.9
Metro Fuel Wiley Park,Wiley Park,P98,205.9
Metro Fuel Wiley Park,Wiley Park,U91,186.9
Metro Fuel Williamtown,Williamtown,DL,232.5
Metro Fuel Williamtown,Williamtown,E10,186.5
Metro Fuel Williamtown,Williamtown,P95,200.5
Metro Fuel Williamtown,Williamtown,P98,208.5
Metro Fuel Williamtown,Williamtown,U91,188.5
Metro Fuel Young,Young,DL,223.9
Metro Fuel Young,Young,E10,183.9
Metro Fuel Young,Young,P95,199.9
Metro Fuel Young,Young,P98,209.9
Metro Fuel Young,Young,U91,185.9
Metro Glossodia,GLOSSODIA,DL,228.9
Metro Glossodia,GLOSSODIA,E10,179.9
Metro Glossodia,GLOSSODIA,P95,205.9
Metro Glossodia,GLOSSODIA,U91,185.9
Metro Greenacre,GREENACRE,DL,229.9
Metro Greenacre,GREENACRE,P95,204.9
Metro Greenacre,GREENACRE,P98,214.9
Metro Greenacre,GREENACRE,U91,193.9
Metro Guildford,GUILDFORD,DL,232.9
Metro Guildford,GUILDFORD,E10,187.9
Metro Guildford,GUILDFORD,P98,209.9
Metro Guildford,GUILDFORD,U91,189.9
Metro Hanwood,Hanwood,DL,233.9
Metro Hanwood,Hanwood,P95,199.9
Metro Hanwood,Hanwood,U91,189.9
Metro Heatherbrae Pacific Hwy,HEATHERBRAE,E10,182.9
Metro Heatherbrae Pacific Hwy,HEATHERBRAE,P98,210.9
Metro Heatherbrae Pacific Hwy,HEATHERBRAE,U91,184.9
Metro Highfields,Highfields,E10,189.9
Metro Highfields,Highfields,P98,215.9
Metro Highfields,Highfields,U91,193.9
Metro Hurlstone Park,CANTERBURY,E10,175.9
Metro Hurlstone Park,CANTERBURY,P98,201.9
Metro Hurlstone Park,CANTERBURY,U91,180.9
Metro Islington,ISLINGTON,E10,193.5
Metro Islington,ISLINGTON,P95,207.5
Metro Islington,ISLINGTON,U91,195.5
Metro Kurmond and Newsagency,Kurmond,DL,239.9
Metro Kurmond and Newsagency,Kurmond,E10,192.9
Metro Kurmond and Newsagency,Kurmond,P95,208.9
Metro Kurmond and Newsagency,Kurmond,P98,217.9
Metro Kurmond and Newsagency,Kurmond,U91,194.9
Metro Kurri Kurri,KURRI KURRI,E10,196.9
Metro Kurri Kurri,KURRI KURRI,P98,218.9
Metro Kurri Kurri,KURRI KURRI,U91,198.9
Metro Lane Cove North,LANE COVE NORTH,DL,239.6
Metro Lane Cove North,LANE COVE NORTH,E10,191.4
Metro Lane Cove North,LANE COVE NORTH,P98,221.9
Metro Lane Cove North,LANE COVE NORTH,U91,193.4
Metro Lansdowne,LANSDOWNE,DL,219.9
Metro Lansdowne,LANSDOWNE,E10,182.9
Metro Lansdowne,LANSDOWNE,P95,197.9
Metro Lansdowne,LANSDOWNE,P98,207.9
Metro Lansdowne,LANSDOWNE,U91,184.9
Metro Liverpool,LIVERPOOL,E10,184.9
Metro Liverpool,LIVERPOOL,P98,215.9
Metro Liverpool,LIVERPOOL,U91,191.9
Metro Lockhart,LOCKHART,U91,204.9
Metro Londonderry,LONDONDERRY,E10,181.5
Metro Londonderry,LONDONDERRY,P98,204.5
Metro Londonderry,LONDONDERRY,U91,183.5
Metro Lucknow,LUCKNOW,DL,232.9
Metro Lucknow,LUCKNOW,E10,187.9
Metro Lucknow,LUCKNOW,P95,202.9
Metro Lucknow,LUCKNOW,P98,212.9
Metro Lucknow,LUCKNOW,U91,189.9
Metro Macquarie Fields,MACQUARIE FIELDS,E10,193.9
Metro Macquarie Fields,MACQUARIE FIELDS,P95,209.9
Metro Macquarie Fields,MACQUARIE FIELDS,P98,219.9
Metro Macquarie Fields,MACQUARIE FIELDS,U91,195.9
Metro Marrickville,MARRICKVILLE,E10,182.9
Metro Marrickville,MARRICKVILLE,P95,199.9
Metro Marrickville,Marrickville,E10,183.9
Metro Marrickville,Marrickville,P95,204.9
Metro Marsden Park Truck Stop,MARSDEN PARK,DL,231.9
Metro Marsden Park Truck Stop,MARSDEN PARK,P95,205.9
Metro Marsden Park Truck Stop,MARSDEN PARK,P98,215.9
Metro Marsden Park Truck Stop,MARSDEN PARK,U91,191.9
Metro Milperra,MILPERRA,DL,227.9
Metro Milperra,MILPERRA,E10,179.9
Metro Milperra,MILPERRA,P98,207.9
Metro Milperra,MILPERRA,U91,181.9
Metro Milperra West,REVESBY,DL,227.9
Metro Milperra West,REVESBY,E10,179.9
Metro Milperra West,REVESBY,P98,207.9
Metro Milperra West,REVESBY,U91,181.9
Metro Minto,Minto,DL,232.9
Metro Minto,Minto,E10,187.9
Metro Minto,Minto,P98,209.9
Metro Minto,Minto,U91,189.9
Metro Mount Pritchard,MOUNT PRITCHARD,DL,228.9
Metro Mount Pritchard,MOUNT PRITCHARD,E10,184.9
Metro Mount Pritchard,MOUNT PRITCHARD,P98,222.9
Metro Mount Pritchard,MOUNT PRITCHARD,U91,191.9
Metro Old Bar,OLD BAR,E10,197.7
Metro Old Bar,OLD BAR,P98,229.7
Metro Old Bar,OLD BAR,U91,199.7
Metro Orange Bathurst Road,ORANGE,DL,222.9
Metro Orange Bathurst Road,ORANGE,E10,189.9
Metro Orange Bathurst Road,ORANGE,P95,204.9
Metro Orange Bathurst Road,ORANGE,U91,191.9
Metro Ourimbah,Ourimbah,DL,235.9
Metro Ourimbah,Ourimbah,E10,192.9
Metro Ourimbah,Ourimbah,P98,219.9
Metro Ourimbah,Ourimbah,U91,194.9
Metro Peakhurst,PEAKHURST,E10,187.9
Metro Peakhurst,PEAKHURST,P98,209.9
Metro Peakhurst,PEAKHURST,U91,189.9
Metro Peakhurst East,PEAKHURST,E10,187.9
Metro Peakhurst East,PEAKHURST,P98,209.9
Metro Peakhurst East,PEAKHURST,U91,189.9
Metro Petroleum,LURNEA,DL,232.9
Metro Petroleum,LURNEA,E10,187.9
Metro Petroleum,LURNEA,P95,199.9
Metro Petroleum,LURNEA,P98,209.9
Metro Petroleum,LURNEA,U91,189.9
Metro Petroleum (Bankstown South),Bankstown,E10,183.7
Metro Petroleum (Bankstown South),Bankstown,P98,207.7
Metro Petroleum (Bankstown South),Bankstown,U91,185.7
Metro Petroleum (Kurri Kurri Lang St),KURRI KURRI,E10,196.9
Metro Petroleum (Kurri Kurri Lang St),KURRI KURRI,P98,218.9
Metro Petroleum (Kurri Kurri Lang St),KURRI KURRI,U91,198.9
Metro Petroleum Addison Rd,MARRICKVILLE,E10,182.9
Metro Petroleum Addison Rd,MARRICKVILLE,U91,189.9
Metro Petroleum Appin,APPIN,E10,187.9
Metro Petroleum Appin,APPIN,P95,199.9
Metro Petroleum Appin,APPIN,P98,209.9
Metro Petroleum Appin,APPIN,U91,189.9
Metro Petroleum Bellambi,BELLAMBI,DL,242.9
Metro Petroleum Bellambi,BELLAMBI,E10,195.9
Metro Petroleum Bellambi,BELLAMBI,P98,217.9
Metro Petroleum Bellambi,BELLAMBI,U91,197.9
Metro Petroleum Bellbird,BELLBIRD,E10,187.9
Metro Petroleum Bellbird,BELLBIRD,P98,209.9
Metro Petroleum Bellbird,BELLBIRD,U91,189.9
Metro Petroleum Belmore,BELMORE,E10,179.9
Metro Petroleum Belmore,BELMORE,P98,204.9
Metro Petroleum Belmore,BELMORE,U91,182.9
Metro Petroleum Blacktown,BLACKTOWN,E10,189.9
Metro Petroleum Blacktown,BLACKTOWN,P98,215.9
Metro Petroleum Blacktown,BLACKTOWN,U91,191.9
Metro Petroleum Bomaderry,BOMADERRY,DL,221.9
Metro Petroleum Bomaderry,BOMADERRY,E10,189.9
Metro Petroleum Bomaderry,BOMADERRY,P95,203.9
Metro Petroleum Bomaderry,BOMADERRY,P98,213.9
Metro Petroleum Bomaderry,BOMADERRY,U91,191.9
Metro Petroleum CESSNOCK,CESSNOCK,DL,229.9
Metro Petroleum CESSNOCK,CESSNOCK,E10,187.9
Metro Petroleum CESSNOCK,CESSNOCK,P95,199.9
Metro Petroleum CESSNOCK,CESSNOCK,P98,209.9
Metro Petroleum CESSNOCK,CESSNOCK,U91,189.9
Metro Petroleum Chester Hill,CHESTER HILL,E10,183.5
Metro Petroleum Chester Hill,CHESTER HILL,P95,199.5
Metro Petroleum Chester Hill,CHESTER HILL,P98,209.5
Metro Petroleum Chester Hill,CHESTER HILL,U91,185.5
Metro Petroleum Cooma,COOMA,DL,237.9
Metro Petroleum Cooma,COOMA,P95,209.9
Metro Petroleum Cooma,COOMA,P98,219.9
Metro Petroleum Cooma,COOMA,U91,195.9
Metro Petroleum Cootamundra,COOTAMUNDRA,DL,233.9
Metro Petroleum Cootamundra,COOTAMUNDRA,E10,191.9
Metro Petroleum Cootamundra,COOTAMUNDRA,P95,205.9
Metro Petroleum Cootamundra,COOTAMUNDRA,U91,195.9
Metro Petroleum Corrimal,EAST CORRIMAL,E10,195.9
Metro Petroleum Corrimal,EAST CORRIMAL,P98,217.9
Metro Petroleum Corrimal,EAST CORRIMAL,U91,197.9
Metro Petroleum Cowra,COWRA,E10,197.5
Metro Petroleum Cowra,COWRA,P98,222.5
Metro Petroleum Cowra,COWRA,U91,199.5
Metro Petroleum Croydon,CROYDON,DL,227.9
Metro Petroleum Croydon,CROYDON,E10,183.9
Metro Petroleum Croydon,CROYDON,P95,202.9
Metro Petroleum Croydon,CROYDON,P98,211.9
Metro Petroleum Croydon,CROYDON,U91,183.9
Metro Petroleum Culburra Beach,CULBURRA BEACH,E10,192.9
Metro Petroleum Culburra Beach,CULBURRA BEACH,P98,217.9
Metro Petroleum Culburra Beach,CULBURRA BEACH,U91,194.9
Metro Petroleum Earlwood,EARLWOOD,P95,199.9
Metro Petroleum Earlwood,EARLWOOD,P98,209.9
Metro Petroleum Earlwood,EARLWOOD,U91,182.9
Metro Petroleum Epping,EPPING,P95,199.9
Metro Petroleum Epping,EPPING,P98,209.9
Metro Petroleum Epping,EPPING,U91,187.9
Metro Petroleum Fairy Meadow,FAIRY MEADOW,E10,195.9
Metro Petroleum Fairy Meadow,FAIRY MEADOW,P98,217.9
Metro Petroleum Fairy Meadow,FAIRY MEADOW,U91,197.9
Metro Petroleum Faulconbridge,FAULCONBRIDGE,E10,189.9
Metro Petroleum Faulconbridge,FAULCONBRIDGE,P98,217.9
Metro Petroleum Faulconbridge,FAULCONBRIDGE,U91,193.9
Metro Petroleum Fingal Bay,FINGAL BAY,E10,187.9
Metro Petroleum Fingal Bay,FINGAL BAY,P98,209.9
Metro Petroleum Fingal Bay,FINGAL BAY,U91,189.9
Metro Petroleum Georges Hall,GEORGES HALL,E10,184.9
Metro Petroleum Georges Hall,GEORGES HALL,P98,209.9
Metro Petroleum Georges Hall,GEORGES HALL,U91,186.9
Metro Petroleum Gilgandra,GILGANDRA,DL,231.9
Metro Petroleum Gilgandra,GILGANDRA,P98,215.9
Metro Petroleum Gilgandra,GILGANDRA,U91,189.9
Metro Petroleum Gosford,WEST GOSFORD,E10,182.9
Metro Petroleum Gosford,WEST GOSFORD,P95,207.9
Metro Petroleum Gosford,WEST GOSFORD,P98,217.9
Metro Petroleum Gosford,WEST GOSFORD,U91,189.9
Metro Petroleum Goulburn,GOULBURN,DL,231.9
Metro Petroleum Goulburn,GOULBURN,E10,187.9
Metro Petroleum Goulburn,GOULBURN,P98,217.9
Metro Petroleum Goulburn,GOULBURN,U91,189.9
Metro Petroleum Gwandalan,Gwandalan,E10,187.9
Metro Petroleum Gwandalan,Gwandalan,P98,215.9
Metro Petroleum Gwandalan,Gwandalan,U91,189.9
Metro Petroleum Heatherbrae,HEATHERBRAE,DL,232.9
Metro Petroleum Heatherbrae,HEATHERBRAE,E10,185.9
Metro Petroleum Heatherbrae,HEATHERBRAE,P98,214.9
Metro Petroleum Heatherbrae,HEATHERBRAE,U91,187.9
Metro Petroleum Hillside,BROKEN HILL,DL,240.9
Metro Petroleum Hillside,BROKEN HILL,P95,219.9
Metro Petroleum Hillside,BROKEN HILL,P98,227.9
Metro Petroleum Hillside,BROKEN HILL,U91,199.9
Metro Petroleum Hornsby,Hornsby,DL,233.7
Metro Petroleum Hornsby,Hornsby,E10,185.9
Metro Petroleum Hornsby,Hornsby,P98,214.9
Metro Petroleum Hornsby,Hornsby,U91,187.9
Metro Petroleum Hunter Valley,CESSNOCK,DL,233.9
Metro Petroleum Hunter Valley,CESSNOCK,E10,187.9
Metro Petroleum Hunter Valley,CESSNOCK,P98,209.9
Metro Petroleum Hunter Valley,CESSNOCK,U91,189.9
Metro Petroleum Ingleburn,INGLEBURN,E10,189.5
Metro Petroleum Ingleburn,INGLEBURN,P98,213.5
Metro Petroleum Ingleburn,INGLEBURN,U91,191.5
Metro Petroleum Jannali,JANNALI,E10,185.7
Metro Petroleum Jannali,JANNALI,P98,214.7
Metro Petroleum Jannali,JANNALI,U91,187.7
Metro Petroleum Kahibah,KAHIBAH,E10,189.7
Metro Petroleum Kahibah,KAHIBAH,U91,191.7
Metro Petroleum Kearsley,KEARSLEY,E10,187.9
Metro Petroleum Kearsley,KEARSLEY,P95,199.9
Metro Petroleum Kearsley,KEARSLEY,P98,209.9
Metro Petroleum Kearsley,KEARSLEY,U91,189.9
Metro Petroleum Keiraville,KEIRAVILLE,P95,213.3
Metro Petroleum Keiraville,KEIRAVILLE,U91,191.4
Metro Petroleum Kelso,KELSO,E10,187.9
Metro Petroleum Kelso,KELSO,P98,209.9
Metro Petroleum Kelso,KELSO,U91,189.9
Metro Petroleum Kurri Kurri Northcote,KURRI KURRI,E10,196.9
Metro Petroleum Kurri Kurri Northcote,KURRI KURRI,P95,208.9
Metro Petroleum Kurri Kurri Northcote,KURRI KURRI,P98,218.9
Metro Petroleum Kurri Kurri Northcote,KURRI KURRI,U91,198.9
Metro Petroleum Lakemba,Belmore,DL,229.9
Metro Petroleum Lakemba,Belmore,E10,182.9
Metro Petroleum Lakemba,Belmore,P98,206.9
Metro Petroleum Lakemba,Belmore,U91,186.9
Metro Petroleum Leichhardt,LEICHHARDT,DL,238.9
Metro Petroleum Leichhardt,LEICHHARDT,E10,187.4
Metro Petroleum Leichhardt,LEICHHARDT,P98,222.8
Metro Petroleum Leichhardt,LEICHHARDT,U91,196.8
Metro Petroleum Liverpool CBD,LIVERPOOL,E10,189.9
Metro Petroleum Liverpool CBD,LIVERPOOL,P98,218.9
Metro Petroleum Liverpool CBD,LIVERPOOL,U91,190.9
Metro Petroleum Macquarie Fields,MACQUARIE FIELDS,E10,188.5
Metro Petroleum Macquarie Fields,MACQUARIE FIELDS,P98,213.5
Metro Petroleum Macquarie Fields,MACQUARIE FIELDS,U91,190.5
Metro Petroleum Morisset,MORISSET,E10,190.9
Metro Petroleum Morisset,MORISSET,U91,192.9
Metro Petroleum Narwee,NARWEE,DL,229.9
Metro Petroleum Narwee,NARWEE,E10,180.9
Metro Petroleum Narwee,NARWEE,U91,187.9
Metro Petroleum Queanbeyan,QUEANBEYAN WEST,P98,216.5
Metro Petroleum Queanbeyan,QUEANBEYAN WEST,U91,195.5
Metro Petroleum Redhead,REDHEAD,P95,214.9
Metro Petroleum Redhead,REDHEAD,P98,225.9
Metro Petroleum Redhead,REDHEAD,U91,198.7
Metro Petroleum Revesby West,REVESBY,DL,227.9
Metro Petroleum Revesby West,REVESBY,E10,179.9
Metro Petroleum Revesby West,REVESBY,P98,207.9
Metro Petroleum Revesby West,REVESBY,U91,181.9
Metro Petroleum Rosebery,ROSEBERY,P98,209.5
Metro Petroleum Rosebery,ROSEBERY,U91,189.9
Metro Petroleum Saratoga,SARATOGA,P95,209.5
Metro Petroleum Saratoga,SARATOGA,U91,194.5
Metro Petroleum Scullin,SCULLIN,E10,199.9
Metro Petroleum Scullin,SCULLIN,P98,229.9
Metro Petroleum Scullin,SCULLIN,U91,201.9
Metro Petroleum Singleton,SINGLETON,E10,195.9
Metro Petroleum Singleton,SINGLETON,P98,217.9
Metro Petroleum Singleton,SINGLETON,U91,197.9
Metro Petroleum South Hurstville,BLAKEHURST,E10,184.5
Metro Petroleum South Hurstville,BLAKEHURST,P98,213.5
Metro Petroleum South Hurstville,BLAKEHURST,U91,191.5
Metro Petroleum St Andrews,ST ANDREWS,DL,232.9
Metro Petroleum St Andrews,ST ANDREWS,E10,187.9
Metro Petroleum St Andrews,ST ANDREWS,P98,209.9
Metro Petroleum St Andrews,ST ANDREWS,U91,189.9
Metro Petroleum Temora,TEMORA,DL,235.9
Metro Petroleum Temora,TEMORA,P98,217.9
Metro Petroleum Temora,TEMORA,U91,193.9
Metro Petroleum Tempe,TEMPE,E10,182.5
Metro Petroleum Tempe,TEMPE,P98,208.5
Metro Petroleum Tempe,TEMPE,U91,184.5
Metro Petroleum Thornleigh,THORNLEIGH,DL,236.9
Metro Petroleum Thornleigh,THORNLEIGH,E10,186.9
Metro Petroleum Thornleigh,THORNLEIGH,P98,215.9
Metro Petroleum Thornleigh,THORNLEIGH,U91,188.9
Metro Petroleum Toongabbie,TOONGABBIE,E10,179.9
Metro Petroleum Toongabbie,TOONGABBIE,P98,203.9
Metro Petroleum Toongabbie,TOONGABBIE,U91,181.9
Metro Petroleum Wangi Wangi,WANGI WANGI,P98,219.9
Metro Petroleum Wangi Wangi,WANGI WANGI,U91,195.9
Metro Petroleum Wauchope,WAUCHOPE,P98,209.9
Metro Petroleum Wauchope,WAUCHOPE,U91,189.9
Metro Petroleum West Hoxton,WEST HOXTON,DL,232.9
Metro Petroleum West Hoxton,WEST HOXTON,E10,187.9
Metro Petroleum West Hoxton,WEST HOXTON,P98,209.9
Metro Petroleum West Hoxton,WEST HOXTON,U91,189.9
Metro Petroleum West Wallsend,WEST WALLSEND,E10,187.9
Metro Petroleum West Wallsend,WEST WALLSEND,P98,209.9
Metro Petroleum West Wallsend,WEST WALLSEND,U91,189.9
Metro Petroleum Westleigh,WESTLEIGH,P98,212.5
Metro Petroleum Westleigh,WESTLEIGH,U91,185.9
Metro Petroleum Woodburn,WOODBURN,P98,219.7
Metro Petroleum Woodburn,WOODBURN,U91,198.7
Metro Punchbowl,PUNCHBOWL,E10,187.9
Metro Punchbowl,PUNCHBOWL,P98,209.9
Metro Punchbowl,PUNCHBOWL,U91,189.9
Metro Punchbowl,Punchbowl,E10,187.7
Metro Punchbowl,Punchbowl,P98,213.7
Metro Punchbowl,Punchbowl,U91,189.7
Metro Revesby,REVESBY,E10,188.8
Metro Revesby,REVESBY,P98,215.9
Metro Revesby,REVESBY,U91,192.9
Metro Salamander Bay,SALAMANDER BAY,DL,232.9
Metro Salamander Bay,SALAMANDER BAY,E10,187.9
Metro Salamander Bay,SALAMANDER BAY,P98,209.9
Metro Salamander Bay,SALAMANDER BAY,U91,189.9
Metro Sandgate,SANDGATE,E10,189.9
Metro Sandgate,SANDGATE,P98,213.9
Metro Sandgate,SANDGATE,U91,191.9
Metro Scone(Pegasus pitstop),SCONE,E10,185.9
Metro Scone(Pegasus pitstop),SCONE,P98,207.9
Metro Scone(Pegasus pitstop),SCONE,U91,187.9
Metro Sefton,SEFTON,DL,229.9
Metro Sefton,SEFTON,P95,199.5
Metro Sefton,SEFTON,U91,185.5
Metro Shelly Beach,Shelly Beach,DL,229.9
Metro Shelly Beach,Shelly Beach,E10,187.7
Metro Shelly Beach,Shelly Beach,U91,189.7
Metro Shortland,SHORTLAND,E10,189.9
Metro Shortland,SHORTLAND,P95,203.9
Metro Shortland,SHORTLAND,U91,191.9
Metro South Windsor,SOUTH WINDSOR,E10,187.9
Metro South Windsor,SOUTH WINDSOR,P98,209.9
Metro South Windsor,SOUTH WINDSOR,U91,189.9
Metro St Andrews,St Andrews,E10,187.9
Metro St Andrews,St Andrews,P98,209.9
Metro St Andrews,St Andrews,U91,189.9
Metro St Ives Chase,St Ives Chase,P98,218.9
Metro St Ives Chase,St Ives Chase,U91,189.9
Metro St Marys,ST MARYS,E10,187.9
Metro St Marys,ST MARYS,P98,209.9
Metro St Marys,ST MARYS,U91,189.9
Metro Sunnyholt Road,BLACKTOWN,E10,186.9
Metro Sunnyholt Road,BLACKTOWN,P98,215.9
Metro Sunnyholt Road,BLACKTOWN,U91,188.9
Metro Tahmoor,TAHMOOR,E10,187.9
Metro Tahmoor,TAHMOOR,P98,209.9
Metro Tahmoor,TAHMOOR,U91,189.9
Metro Tamworth,EAST TAMWORTH,DL,232.5
Metro Tamworth,EAST TAMWORTH,E10,187.5
Metro Tamworth,EAST TAMWORTH,U91,189.5
Metro Toongabbie,OLD TOONGABBIE,E10,183.9
Metro Toongabbie,OLD TOONGABBIE,P98,213.9
Metro Toongabbie,OLD TOONGABBIE,U91,185.9
Metro Tuggerah,TUGGERAH,E10,187.9
Metro Tuggerah,TUGGERAH,P98,209.9
Metro Tuggerah,TUGGERAH,U91,189.9
Metro Tuggerawong,TUGGERAWONG,DL,232.9
Metro Tuggerawong,TUGGERAWONG,U91,189.9
Metro Tura beach,BOURNDA,E10,200.9
Metro Tura beach,BOURNDA,P95,220.9
Metro Tura beach,BOURNDA,P98,226.9
Metro Tura beach,BOURNDA,U91,202.9
Metro Villawood,VILLAWOOD,E10,183.8
Metro Villawood,VILLAWOOD,P95,199.8
Metro Villawood,VILLAWOOD,P98,205.8
Metro Villawood,VILLAWOOD,U91,185.8
Metro Wakeley,FAIRFIELD WEST,E10,189.9
Metro Wakeley,FAIRFIELD WEST,P98,215.9
Metro Wakeley,FAIRFIELD WEST,U91,191.9
Metro Warilla,WARILLA,E10,193.9
Metro Warilla,WARILLA,P98,218.9
Metro Warilla,WARILLA,U91,195.9
Metro Warners Bay,WARNERS BAY,E10,195.7
Metro Warners Bay,WARNERS BAY,P98,221.7
Metro Warners Bay,WARNERS BAY,U91,197.7
Metro Werrington,WERRINGTON,E10,187.9
Metro Werrington,WERRINGTON,P95,199.9
Metro Werrington,WERRINGTON,P98,209.9
Metro Werrington,WERRINGTON,U91,189.9
Metro West Cooma,DAIRYMANS PLAINS,DL,229.9
Metro West Cooma,DAIRYMANS PLAINS,E10,193.9
Metro West Cooma,DAIRYMANS PLAINS,P98,210.9
Metro West Cooma,DAIRYMANS PLAINS,U91,187.9
Metro Weston,WESTON,E10,196.9
Metro Weston,WESTON,U91,198.9
Metro Willoughby,WILLOUGHBY,E10,186.9
Metro Willoughby,WILLOUGHBY,P98,215.9
Metro Willoughby,WILLOUGHBY,U91,188.9
Metro Wollongong,WOLLONGONG,DL,225.9
Metro Wollongong,WOLLONGONG,E10,186.5
Metro Wollongong,WOLLONGONG,U91,188.5
Metro Wyangan,Griffith,DL,233.9
Metro Wyangan,Griffith,E10,187.9
Metro Wyangan,Griffith,U91,189.9
Metro Wyong,WYONG,DL,229.9
Metro Wyong,WYONG,P95,199.9
Metro Wyong,WYONG,U91,189.9
Metro Yagoona,YAGOONA,E10,185.9
Metro Yagoona,YAGOONA,P95,197.9
Metro Yagoona,YAGOONA,P98,207.9
Metro Yagoona,YAGOONA,U91,187.9
Metro petrol station,KANDOS,DL,199.8
Metro petrol station,KANDOS,P98,219.9
Metro petrol station,KANDOS,U91,199.9
Metro petroleum Griffith West,GRIFFITH,DL,233.9
Metro petroleum Griffith West,GRIFFITH,E10,187.9
Metro petroleum Griffith West,GRIFFITH,P95,199.9
Metro petroleum Griffith West,GRIFFITH,U91,189.9
Metro petroleum Padstow,PADSTOW,DL,238.7
Metro petroleum Padstow,PADSTOW,E10,186.7
Metro petroleum Padstow,PADSTOW,P98,214.7
Metro petroleum Padstow,PADSTOW,U91,188.7
Mobil,LEETON,DL,237.9
Mobil,LEETON,U91,195.9
Mobil 1 Carlingford Car Care,Carlingford,E10,191.5
Mobil 1 Carlingford Car Care,Carlingford,P95,209.5
Mobil 1 Carlingford Car Care,Carlingford,P98,219.5
Mobil 1 Carlingford Car Care,Carlingford,U91,193.5
Mobil Adelong,ADELONG,DL,241.9
Mobil Adelong,ADELONG,P95,219.9
Mobil Adelong,ADELONG,U91,202.9
Mobil Appin,APPIN,E10,188.9
Mobil Appin,APPIN,P98,210.9
Mobil Appin,APPIN,U91,190.9
Mobil Ballina,WEST BALLINA,E10,189.5
Mobil Ballina,WEST BALLINA,P95,203.5
Mobil Ballina,WEST BALLINA,P98,211.5
Mobil Ballina,WEST BALLINA,U91,191.5
Mobil Bellingen,Bellingen,P98,228.9
Mobil Bellingen,Bellingen,U91,207.9
Mobil Bomaderry,BOMADERRY,DL,217.9
Mobil Bomaderry,BOMADERRY,E10,189.9
Mobil Bomaderry,BOMADERRY,P98,215.9
Mobil Bomaderry,BOMADERRY,U91,191.9
Mobil Cobar,COBAR,E10,195.5
Mobil Cobar,COBAR,P95,211.5
Mobil Cobar,COBAR,U91,197.5
Mobil Coolac,COOLAC,DL,231.5
Mobil Coolac,COOLAC,E10,187.5
Mobil Coolac,COOLAC,P95,202.5
Mobil Coolac,COOLAC,P98,211.5
Mobil Coolac,COOLAC,U91,189.5
Mobil Coolamon,COOLAMON,DL,232.9
Mobil Coolamon,COOLAMON,P98,209.9
Mobil Coolamon,COOLAMON,U91,187.9
Mobil Coolongolook,COOLONGOLOOK,E10,182.5
Mobil Coolongolook,COOLONGOLOOK,P95,197.5
Mobil Coolongolook,COOLONGOLOOK,P98,206.5
Mobil Coolongolook,COOLONGOLOOK,U91,184.5
Mobil Coonamble,COONAMBLE,DL,243.9
Mobil Coonamble,COONAMBLE,P95,205.9
Mobil Coonamble,COONAMBLE,U91,196.9
Mobil Corowa,COROWA,DL,235.5
Mobil Corowa,COROWA,E10,191.5
Mobil Corowa,COROWA,P95,206.5
Mobil Corowa,COROWA,P98,215.5
Mobil Corowa,COROWA,U91,193.5
Mobil Dubbo,DUBBO,E10,195.5
Mobil Dubbo,DUBBO,P95,210.5
Mobil Dubbo,DUBBO,P98,220.5
Mobil Dubbo,DUBBO,U91,197.5
Mobil East Wagga Wagga,EAST WAGGA WAGGA,DL,226.5
Mobil East Wagga Wagga,EAST WAGGA WAGGA,E10,181.5
Mobil East Wagga Wagga,EAST WAGGA WAGGA,P95,196.5
Mobil East Wagga Wagga,EAST WAGGA WAGGA,P98,205.5
Mobil East Wagga Wagga,EAST WAGGA WAGGA,U91,183.5
Mobil Faulconbridge,Faulconbridge,E10,192.9
Mobil Faulconbridge,Faulconbridge,P95,210.9
Mobil Faulconbridge,Faulconbridge,P98,219.9
Mobil Faulconbridge,Faulconbridge,U91,196.9
Mobil Five Ways Servo Tumut,TUMUT,E10,197.9
Mobil Five Ways Servo Tumut,TUMUT,P98,221.9
Mobil Five Ways Servo Tumut,TUMUT,U91,199.9
Mobil Forster,FORSTER,E10,189.5
Mobil Forster,FORSTER,P95,204.5
Mobil Forster,FORSTER,P98,213.5
Mobil Forster,FORSTER,U91,191.5
Mobil Forster North,FORSTER,E10,195.5
Mobil Forster North,FORSTER,P95,210.5
Mobil Forster North,FORSTER,P98,219.5
Mobil Forster North,FORSTER,U91,197.5
Mobil Fuel Bodalla,BODALLA,DL,229.9
Mobil Fuel Bodalla,BODALLA,U91,187.9
Mobil Fuel North Haven,NORTH HAVEN,P95,207.9
Mobil Fuel North Haven,NORTH HAVEN,P98,217.9
Mobil Fuel North Haven,NORTH HAVEN,U91,195.9
Mobil Gillenbah,GILLENBAH,DL,232.9
Mobil Gillenbah,GILLENBAH,E10,185.9
Mobil Gillenbah,GILLENBAH,P95,199.9
Mobil Gillenbah,GILLENBAH,P98,209.9
Mobil Gillenbah,GILLENBAH,U91,189.9
Mobil Glen Innes,Glenn Innes,E10,179.5
Mobil Glen Innes,Glenn Innes,P98,203.5
Mobil Glen Innes,Glenn Innes,U91,181.5
Mobil Goulburn,Goulburn,E10,188.9
Mobil Goulburn,Goulburn,P98,218.9
Mobil Goulburn,Goulburn,U91,190.9
Mobil Griffith,GRIFFITH,P98,228.9
Mobil Griffith,GRIFFITH,U91,203.9
Mobil Gundagai,GUNDAGAI,P95,206.5
Mobil Gundagai,GUNDAGAI,U91,193.5
Mobil Gunnedah,GUNNEDAH,P98,219.9
Mobil Gunnedah,GUNNEDAH,U91,197.9
Mobil Hillvue,HILLVUE,DL,231.9
Mobil Hillvue,HILLVUE,E10,173.5
Mobil Hillvue,HILLVUE,P95,187.5
Mobil Hillvue,HILLVUE,P98,195.5
Mobil Hillvue,HILLVUE,U91,175.5
Mobil Huskisson,HUSKISSON,E10,193.9
Mobil Huskisson,HUSKISSON,P98,219.9
Mobil Huskisson,HUSKISSON,U91,195.9
Mobil Jennings,JENNINGS,DL,219.5
Mobil Jennings,JENNINGS,E10,177.5
Mobil Jennings,JENNINGS,P98,199.5
Mobil Jennings,JENNINGS,U91,179.5
Mobil Junee,JUNEE,DL,229.9
Mobil Junee,JUNEE,P95,191.9
Mobil Junee,JUNEE,U91,185.9
Mobil Kalander St Nowra,NOWRA,DL,229.9
Mobil Kalander St Nowra,NOWRA,E10,185.9
Mobil Kalander St Nowra,NOWRA,P98,209.9
Mobil Kalander St Nowra,NOWRA,U91,187.9
Mobil Kangaroo Valley,Kangaroo Valley,E10,189.5
Mobil Kangaroo Valley,Kangaroo Valley,P98,213.5
Mobil Kangaroo Valley,Kangaroo Valley,U91,191.5
Mobil Mittagong,Mittagong,E10,197.5
Mobil Mittagong,Mittagong,P98,221.5
Mobil Mittagong,Mittagong,U91,199.5
Mobil Moree,MOREE,DL,225.5
Mobil Moree,MOREE,E10,185.5
Mobil Moree,MOREE,P98,211.5
Mobil Moree,MOREE,U91,189.5
Mobil Murrurundi,MURRURUNDI,E10,187.5
Mobil Murrurundi,MURRURUNDI,P98,212.5
Mobil Murrurundi,MURRURUNDI,U91,189.5
Mobil Muswellbrook,MUSWELLBROOK,E10,183.9
Mobil Muswellbrook,MUSWELLBROOK,P98,207.9
Mobil Muswellbrook,MUSWELLBROOK,U91,185.9
Mobil Muswellbrook North,MUSWELLBROOK,E10,187.9
Mobil Muswellbrook North,MUSWELLBROOK,P95,202.9
Mobil Muswellbrook North,MUSWELLBROOK,P98,211.9
Mobil Muswellbrook North,MUSWELLBROOK,U91,189.9
Mobil Narrandera,NARRANDERA,DL,232.9
Mobil Narrandera,NARRANDERA,P98,209.9
Mobil Narrandera,NARRANDERA,U91,189.9
Mobil Nowra,NOWRA,E10,185.9
Mobil Nowra,NOWRA,P98,209.9
Mobil Nowra,NOWRA,U91,187.9
Mobil Ocean Drive,PORT MACQUARIE,E10,193.9
Mobil Ocean Drive,PORT MACQUARIE,P95,207.9
Mobil Ocean Drive,PORT MACQUARIE,P98,219.9
Mobil Ocean Drive,PORT MACQUARIE,U91,195.9
Mobil Peak Hill,PEAK HILL,E10,197.9
Mobil Peak Hill,PEAK HILL,P98,221.9
Mobil Peak Hill,PEAK HILL,U91,199.9
Mobil Port Macquarie,PORT MACQUARIE,E10,201.5
Mobil Port Macquarie,PORT MACQUARIE,P95,216.5
Mobil Port Macquarie,PORT MACQUARIE,P98,225.5
Mobil Port Macquarie,PORT MACQUARIE,U91,203.5
Mobil Silverdale,Silverdale,E10,191.9
Mobil Silverdale,Silverdale,P95,211.9
Mobil Silverdale,Silverdale,P98,218.9
Mobil Silverdale,Silverdale,U91,194.9
Mobil Singleton,DUNOLLY,E10,195.5
Mobil Singleton,DUNOLLY,P95,209.5
Mobil Singleton,DUNOLLY,P98,219.5
Mobil Singleton,DUNOLLY,U91,197.5
Mobil South Tamworth,SOUTH TAMWORTH,E10,187.5
Mobil South Tamworth,SOUTH TAMWORTH,P98,211.5
Mobil South Tamworth,SOUTH TAMWORTH,U91,189.5
Mobil Tamworth,SOUTH TAMWORTH,E10,187.5
Mobil Tamworth,SOUTH TAMWORTH,P95,201.5
Mobil Tamworth,SOUTH TAMWORTH,P98,211.5
Mobil Tamworth,SOUTH TAMWORTH,U91,189.5
Mobil Tamworth West,WEST TAMWORTH,E10,187.5
Mobil Tamworth West,WEST TAMWORTH,P95,202.5
Mobil Tamworth West,WEST TAMWORTH,P98,211.5
Mobil Tamworth West,WEST TAMWORTH,U91,189.5
Mobil Taree,TAREE,E10,190.5
Mobil Taree,TAREE,P95,205.5
Mobil Taree,TAREE,P98,214.5
Mobil Taree,TAREE,U91,192.5
Mobil Taree South,TAREE SOUTH,E10,190.5
Mobil Taree South,TAREE SOUTH,P95,205.5
Mobil Taree South,TAREE SOUTH,P98,214.5
Mobil Taree South,TAREE SOUTH,U91,192.5
Mobil Tenterfield,TENTERFIELD,P95,205.5
Mobil Tenterfield,TENTERFIELD,P98,215.5
Mobil Tenterfield,TENTERFIELD,U91,195.5
Mobil The Oaks,The Oaks,E10,194.9
Mobil The Oaks,The Oaks,P98,223.9
Mobil The Oaks,The Oaks,U91,196.9
Mobil Uralla,URALLA,P98,205.5
Mobil Uralla,URALLA,U91,183.5
Mobil Wagga Wagga,WAGGA WAGGA,DL,233.5
Mobil Wagga Wagga,WAGGA WAGGA,E10,187.5
Mobil Wagga Wagga,WAGGA WAGGA,P95,202.5
Mobil Wagga Wagga,WAGGA WAGGA,P98,211.5
Mobil Wagga Wagga,WAGGA WAGGA,U91,189.5
Mobil Yamba,YAMBA,DL,230.9
Mobil Yamba,YAMBA,E10,182.9
Mobil Yamba,YAMBA,P98,201.9
Mobil Yamba,YAMBA,U91,185.9
Monaghan's Fuel Supplies,WAUCHOPE,DL,229
Monaghan's Fuel Supplies,WAUCHOPE,U91,192
Moruya Ag Horse & Pet,MORUYA,DL,236.5
Moruya Ag Horse & Pet,MORUYA,P98,218.9
Moruya Ag Horse & Pet,MORUYA,U91,198
Mountain Motors Walcha,WALCHA,DL,244
Mountain Motors Walcha,WALCHA,P98,216
Mountain Motors Walcha,WALCHA,U91,206
Murrumbidgee Petroleum Distributors,BALRANALD,DL,229
Murrumbidgee Petroleum Distributors,BALRANALD,P98,215
Murrumbidgee Petroleum Distributors,BALRANALD,U91,195
NANGUS GARAGE,NANGUS,DL,245.9
NORCO RURAL KYOGLE,KYOGLE,DL,243.9
Nanaglen General store,NANA GLEN,P98,215.9
Nanaglen General store,NANA GLEN,U91,191.9
Narooma Fuels,Narooma,DL,234.9
Narooma Fuels,Narooma,P98,229.9
Narooma Fuels,Narooma,U91,193.9
Newmans Service Centre,BLAYNEY,DL,238.9
Newmans Service Centre,BLAYNEY,P98,222.9
Newmans Service Centre,BLAYNEY,U91,196.9
Nicholson Petroleum,FORBES,DL,199.9
NightOwl Puma Casino,CASINO,E10,188.7
NightOwl Puma Casino,CASINO,P98,223.9
NightOwl Puma Casino,CASINO,U91,198.5
NightOwl Shell Berkeley Vale,BERKELEY VALE,DL,237.8
NightOwl Shell Berkeley Vale,BERKELEY VALE,E10,188.8
NightOwl Shell Berkeley Vale,BERKELEY VALE,P95,209.9
NightOwl Shell Berkeley Vale,BERKELEY VALE,P98,225.5
NightOwl Shell Berkeley Vale,BERKELEY VALE,U91,199.9
Norris Park IGA - MOGAS,NORTH ALBURY,DL,225.9
Norris Park IGA - MOGAS,NORTH ALBURY,P95,187.5
Norris Park IGA - MOGAS,NORTH ALBURY,U91,179.9
North Coast Petroleum Coffs Harbour,COFFS HARBOUR,DL,245.9
North Coast Petroleum Coffs Harbour,COFFS HARBOUR,P95,214.9
North Coast Petroleum Coffs Harbour,COFFS HARBOUR,U91,202.9
North Ryde Petroleum,North Ryde,P95,212.7
North Ryde Petroleum,North Ryde,U91,191.7
Nundle Fuel and cafe,NUNDLE,DL,235.9
Nundle Fuel and cafe,NUNDLE,P98,227.9
Nundle Fuel and cafe,NUNDLE,U91,199.8
OTR Baulkham Hills,BAULKHAM HILLS,E10,188.9
OTR Baulkham Hills,BAULKHAM HILLS,P95,208.4
OTR Baulkham Hills,BAULKHAM HILLS,P98,217.9
OTR Baulkham Hills,BAULKHAM HILLS,U91,190.9
OTR Bella Vista,BELLA VISTA,DL,240.9
OTR Bella Vista,BELLA VISTA,E10,187.9
OTR Bella Vista,BELLA VISTA,P95,207.4
OTR Bella Vista,BELLA VISTA,P98,216.9
OTR Bella Vista,BELLA VISTA,U91,189.9
OTR Blacktown,BLACKTOWN,E10,187.9
OTR Blacktown,BLACKTOWN,P95,207.9
OTR Blacktown,BLACKTOWN,P98,216.9
OTR Blacktown,BLACKTOWN,U91,189.9
OTR Boolaroo,BOOLAROO,DL,241.9
OTR Boolaroo,BOOLAROO,E10,193.9
OTR Boolaroo,BOOLAROO,P98,222.9
OTR Boolaroo,BOOLAROO,U91,195.9
OTR Broken Hill South,BROKEN HILL,DL,241.9
OTR Broken Hill South,BROKEN HILL,E10,201.9
OTR Broken Hill South,BROKEN HILL,P98,230.9
OTR Broken Hill South,BROKEN HILL,U91,203.9
OTR Casula Inbound,CASULA,E10,191.9
OTR Casula Inbound,CASULA,P95,211.4
OTR Casula Inbound,CASULA,P98,220.9
OTR Casula Inbound,CASULA,U91,193.9
OTR Corrimal,CORRIMAL,E10,195.9
OTR Corrimal,CORRIMAL,P95,215.9
OTR Corrimal,CORRIMAL,P98,224.9
OTR Corrimal,CORRIMAL,U91,197.9
OTR Doonside,DOONSIDE,E10,191.9
OTR Doonside,DOONSIDE,P95,211.4
OTR Doonside,DOONSIDE,P98,220.9
OTR Doonside,DOONSIDE,U91,193.9
OTR Edmondson Park,Edmondson Park,DL,240.9
OTR Edmondson Park,Edmondson Park,E10,191.9
OTR Edmondson Park,Edmondson Park,P95,209.9
OTR Edmondson Park,Edmondson Park,P98,218.9
OTR Edmondson Park,Edmondson Park,U91,193.9
OTR Goulburn,GOULBURN,E10,195.9
OTR Goulburn,GOULBURN,P95,215.9
OTR Goulburn,GOULBURN,P98,224.9
OTR Goulburn,GOULBURN,U91,197.9
OTR Greenacre West,GREENACRE,E10,187.9
OTR Greenacre West,GREENACRE,P95,207.4
OTR Greenacre West,GREENACRE,P98,216.9
OTR Greenacre West,GREENACRE,U91,189.9
OTR Greystanes,GREYSTANES,E10,191.9
OTR Greystanes,GREYSTANES,P95,211.9
OTR Greystanes,GREYSTANES,P98,220.9
OTR Hamilton Tudor Street,HAMILTON,E10,195.9
OTR Hamilton Tudor Street,HAMILTON,P98,224.9
OTR Hamilton Tudor Street,HAMILTON,U91,197.9
OTR Hastings Point,BOGANGAR,P95,218.9
OTR Hastings Point,BOGANGAR,P98,227.9
OTR Hastings Point,BOGANGAR,U91,202.9
OTR Hurstville,HURSTVILLE,E10,191.9
OTR Hurstville,HURSTVILLE,P95,211.4
OTR Hurstville,HURSTVILLE,P98,220.9
OTR Hurstville,HURSTVILLE,U91,193.9
OTR Ingleburn,INGLEBURN,DL,240.9
OTR Ingleburn,INGLEBURN,P95,211.4
OTR Ingleburn,INGLEBURN,P98,220.9
OTR Ingleburn,INGLEBURN,U91,193.9
OTR Jamisontown,Jamisontown,E10,191.9
OTR Jamisontown,Jamisontown,P95,209.9
OTR Jamisontown,Jamisontown,P98,218.9
OTR Jamisontown,Jamisontown,U91,193.9
OTR Kariong,KARIONG,E10,191.9
OTR Kariong,KARIONG,P95,211.9
OTR Kariong,KARIONG,P98,220.9
OTR Kariong,KARIONG,U91,193.9
OTR Kingsford,KINGSFORD,DL,236.9
OTR Kingsford,KINGSFORD,E10,185.9
OTR Kingsford,KINGSFORD,P98,210.9
OTR Kingsford,KINGSFORD,U91,187.9
OTR Kirrawee,GYMEA,E10,191.9
OTR Kirrawee,GYMEA,P95,211.9
OTR Kirrawee,GYMEA,P98,220.9
OTR Kirrawee,GYMEA,U91,193.9
OTR Kooragang,KOORAGANG,DL,235.9
OTR Kooragang,KOORAGANG,E10,186.9
OTR Kooragang,KOORAGANG,P95,206.4
OTR Kooragang,KOORAGANG,P98,215.9
OTR Kooragang,KOORAGANG,U91,188.9
OTR Marsden Park North,MARSDEN PARK,DL,240.9
OTR Marsden Park North,MARSDEN PARK,E10,191.9
OTR Marsden Park North,MARSDEN PARK,P95,211.4
OTR Marsden Park North,MARSDEN PARK,P98,220.9
OTR Marsden Park North,MARSDEN PARK,U91,193.9
OTR Nowra Kinghorne Street,NOWRA,E10,191.9
OTR Nowra Kinghorne Street,NOWRA,P95,211.4
OTR Nowra Kinghorne Street,NOWRA,P98,220.9
OTR Nowra Kinghorne Street,NOWRA,U91,193.9
OTR Padstow,PADSTOW,E10,187.9
OTR Padstow,PADSTOW,P95,207.4
OTR Padstow,PADSTOW,P98,216.9
OTR Padstow,PADSTOW,U91,189.9
OTR Pennant Hills East,PENNANT HILLS,E10,191.9
OTR Pennant Hills East,PENNANT HILLS,P95,211.4
OTR Pennant Hills East,PENNANT HILLS,P98,220.9
OTR Pennant Hills East,PENNANT HILLS,U91,193.9
OTR Pennant Hills West,PENNANT HILLS,E10,191.9
OTR Pennant Hills West,PENNANT HILLS,P95,211.9
OTR Pennant Hills West,PENNANT HILLS,P98,220.9
OTR Pennant Hills West,PENNANT HILLS,U91,193.9
OTR Prestons,PRESTONS,DL,240.9
OTR Prestons,PRESTONS,E10,191.9
OTR Prestons,PRESTONS,P95,211.4
OTR Prestons,PRESTONS,P98,220.9
OTR Prestons,PRESTONS,U91,193.9
OTR Ropes Crossing,ROPES CROSSING,E10,191.9
OTR Ropes Crossing,ROPES CROSSING,P95,211.9
OTR Ropes Crossing,ROPES CROSSING,P98,220.9
OTR Ropes Crossing,ROPES CROSSING,U91,193.9
OTR Rouse Hill,ROUSE HILL,DL,240.9
OTR Rouse Hill,ROUSE HILL,E10,187.9
OTR Rouse Hill,ROUSE HILL,P95,207.4
OTR Rouse Hill,ROUSE HILL,P98,216.9
OTR Rouse Hill,ROUSE HILL,U91,189.9
OTR South Nowra,SOUTH NOWRA,E10,187.9
OTR South Nowra,SOUTH NOWRA,P95,209.9
OTR South Nowra,SOUTH NOWRA,P98,218.9
OTR South Nowra,SOUTH NOWRA,U91,189.9
OTR Strathfield,STRATHFIELD,E10,187.9
OTR Strathfield,STRATHFIELD,P95,207.4
OTR Strathfield,STRATHFIELD,P98,216.9
OTR Strathfield,STRATHFIELD,U91,189.9
OTR Warrawong Northbound,WARRAWONG,E10,187.9
OTR Warrawong Northbound,WARRAWONG,P95,207.4
OTR Warrawong Northbound,WARRAWONG,P98,216.9
OTR Warrawong Northbound,WARRAWONG,U91,189.9
OTR Waterloo,WATERLOO,E10,187.9
OTR Waterloo,WATERLOO,P95,207.4
OTR Waterloo,WATERLOO,P98,216.9
OTR Waterloo,WATERLOO,U91,189.9
OTR Wetherill Park Horsley Drive,WETHERILL PARK,DL,240.9
OTR Wetherill Park Horsley Drive,WETHERILL PARK,E10,191.9
OTR Wetherill Park Horsley Drive,WETHERILL PARK,P95,211.4
OTR Wetherill Park Horsley Drive,WETHERILL PARK,P98,220.9
OTR Wetherill Park Horsley Drive,WETHERILL PARK,U91,193.9
OTR Willoughby,WILLOUGHBY,E10,187.9
OTR Willoughby,WILLOUGHBY,P95,207.4
OTR Willoughby,WILLOUGHBY,P98,216.9
OTR Willoughby,WILLOUGHBY,U91,189.9
OTR Woolloomooloo,WOOLLOOMOOLOO,E10,191.9
OTR Woolloomooloo,WOOLLOOMOOLOO,P95,211.4
OTR Woolloomooloo,WOOLLOOMOOLOO,P98,220.9
OTR Woolloomooloo,WOOLLOOMOOLOO,U91,193.9
Oasis Tuncurry,TUNCURRY,DL,235.9
Oasis Tuncurry,TUNCURRY,E10,196.9
Oasis Tuncurry,TUNCURRY,P98,225.9
Oasis Tuncurry,TUNCURRY,U91,197.9
Oilplus Daroobalgie (Bulk Service Depot),Daroobalgie,DL,238.9
Oilplus Daroobalgie (Bulk Service Depot),Daroobalgie,P95,215.9
PEARL ENERGY ANNANGROVE,ANNANGROVE,E10,185.5
PEARL ENERGY ANNANGROVE,ANNANGROVE,P98,208.5
PEARL ENERGY ANNANGROVE,ANNANGROVE,U91,187.5
PEARL ENERGY BUNGENDORE,BUNGENDORE,E10,195.5
PEARL ENERGY BUNGENDORE,BUNGENDORE,P95,211.5
PEARL ENERGY BUNGENDORE,BUNGENDORE,P98,219.5
PEARL ENERGY BUNGENDORE,BUNGENDORE,U91,197.5
PEARL ENERGY EAST MAITLAND,EAST MAITLAND,E10,182.5
PEARL ENERGY EAST MAITLAND,EAST MAITLAND,P98,204.5
PEARL ENERGY EAST MAITLAND,EAST MAITLAND,U91,184.5
PEARL ENERGY MAYFIELD WEST,MAYFIELD WEST,E10,189.5
PEARL ENERGY MAYFIELD WEST,MAYFIELD WEST,P98,211.5
PEARL ENERGY MAYFIELD WEST,MAYFIELD WEST,U91,191.5
PEARL ENERGY MORISSET,MORISSET,E10,189.5
PEARL ENERGY MORISSET,MORISSET,P95,203.6
PEARL ENERGY MORISSET,MORISSET,P98,211.5
PEARL ENERGY MORISSET,MORISSET,U91,191.5
PEARL ENERGY NULKABA,NULKABA,DL,233.5
PEARL ENERGY NULKABA,NULKABA,E10,187.5
PEARL ENERGY NULKABA,NULKABA,P95,201.5
PEARL ENERGY NULKABA,NULKABA,P98,209.5
PEARL ENERGY NULKABA,NULKABA,U91,189.5
PEARL ENERGY QUEANBEYAN,QUEANBEYAN,E10,193.5
PEARL ENERGY QUEANBEYAN,QUEANBEYAN,P98,216.5
PEARL ENERGY QUEANBEYAN,QUEANBEYAN,U91,195.5
PEARL ENERGY TARAGO,TARAGO,E10,195.5
PEARL ENERGY TARAGO,TARAGO,P98,219.5
PEARL ENERGY TARAGO,TARAGO,U91,197.5
PEARL ENERGY THORNTON,THORNTON,E10,187.5
PEARL ENERGY THORNTON,THORNTON,P98,209.5
PEARL ENERGY THORNTON,THORNTON,U91,189.5
PEARL ENERGY WAUCHOPE,WAUCHOPE,DL,235.5
PEARL ENERGY WAUCHOPE,WAUCHOPE,E10,185.5
PEARL ENERGY WAUCHOPE,WAUCHOPE,P95,201.5
PEARL ENERGY WAUCHOPE,WAUCHOPE,P98,209.5
PEARL ENERGY WAUCHOPE,WAUCHOPE,U91,189.5
PEARL LITHGOW,BOWENFELS,E10,198.9
PEARL LITHGOW,BOWENFELS,P98,228.9
PEARL LITHGOW,BOWENFELS,U91,201.9
PKs Olde General Store,CESSNOCK,DL,233.9
PKs Olde General Store,CESSNOCK,P95,199.9
PKs Olde General Store,CESSNOCK,P98,209.9
PKs Olde General Store,CESSNOCK,U91,189.9
PLAZA PETROLEUM,PORT MACQUARIE,P95,217.9
PLAZA PETROLEUM,PORT MACQUARIE,P98,227.9
PLAZA PETROLEUM,PORT MACQUARIE,U91,202.9
PRIME PETERSHAM,PETERSHAM,DL,228.9
PRIME PETERSHAM,PETERSHAM,E10,184.9
PRIME PETERSHAM,PETERSHAM,P98,212.9
PRIME PETERSHAM,PETERSHAM,U91,187.9
Pacific Fuel Solutions,BERESFIELD,DL,235.9
Pacific Fuel Solutions,PARKES,DL,239.9
Packsaddle Roadhouse,PACKSADDLE,DL,249.9
Paterson Service Station,Paterson,DL,244
Paterson Service Station,Paterson,P95,214
Paterson Service Station,Paterson,U91,204
Pearl Energy,FORSTER,DL,227.5
Pearl Energy,FORSTER,E10,188.5
Pearl Energy,FORSTER,P98,212.5
Pearl Energy,FORSTER,U91,190.5
Pearl Energy Albury,North Albury,E10,177.5
Pearl Energy Albury,North Albury,P98,199.5
Pearl Energy Albury,North Albury,U91,179.5
Pearl Energy Bathurst,BATHURST,E10,187.5
Pearl Energy Bathurst,BATHURST,P98,211.5
Pearl Energy Bathurst,BATHURST,U91,189.5
Pearl Energy Belmont,BELMONT,E10,186.5
Pearl Energy Belmont,BELMONT,P95,200.5
Pearl Energy Belmont,BELMONT,P98,208.5
Pearl Energy Belmont,BELMONT,U91,188.5
Pearl Energy Beresfield,Beresfield,DL,235.5
Pearl Energy Beresfield,Beresfield,E10,187.5
Pearl Energy Beresfield,Beresfield,P95,176.5
Pearl Energy Beresfield,Beresfield,P98,209.5
Pearl Energy Beresfield,Beresfield,U91,189.5
Pearl Energy Bomaderry,BOMADERRY,E10,187.5
Pearl Energy Bomaderry,BOMADERRY,P95,202.5
Pearl Energy Bomaderry,BOMADERRY,P98,211.5
Pearl Energy Bomaderry,BOMADERRY,U91,189.5
Pearl Energy Bowral,BOWRAL,DL,239.5
Pearl Energy Bowral,BOWRAL,P95,212.5
Pearl Energy Bowral,BOWRAL,P98,221.5
Pearl Energy Bowral,BOWRAL,U91,199.5
Pearl Energy Cessnock,CESSNOCK,DL,233.5
Pearl Energy Cessnock,CESSNOCK,E10,187.5
Pearl Energy Cessnock,CESSNOCK,P95,201.5
Pearl Energy Cessnock,CESSNOCK,P98,209.5
Pearl Energy Cessnock,CESSNOCK,U91,189.5
Pearl Energy Charmhaven,CHARMHAVEN,E10,189.5
Pearl Energy Charmhaven,CHARMHAVEN,P98,215.5
Pearl Energy Charmhaven,CHARMHAVEN,U91,191.5
Pearl Energy Clarendon,CLARENDON,DL,227.5
Pearl Energy Clarendon,CLARENDON,E10,181.5
Pearl Energy Clarendon,CLARENDON,P98,204.5
Pearl Energy Clarendon,CLARENDON,U91,183.5
Pearl Energy Colyton,COLYTON,DL,229.5
Pearl Energy Colyton,COLYTON,E10,187.5
Pearl Energy Colyton,COLYTON,P98,209.5
Pearl Energy Colyton,COLYTON,U91,189.5
Pearl Energy Dungog,DUNGOG,P98,215.5
Pearl Energy Dungog,DUNGOG,U91,204.5
Pearl Energy Edgeworth,EDGEWORTH,E10,187.5
Pearl Energy Edgeworth,EDGEWORTH,P95,203.5
Pearl Energy Edgeworth,EDGEWORTH,U91,189.5
Pearl Energy Enfield,Enfield,P98,209.9
Pearl Energy Enfield,Enfield,U91,183.9
Pearl Energy Greta,GRETA,DL,237.5
Pearl Energy Greta,GRETA,E10,195.5
Pearl Energy Greta,GRETA,P95,210.5
Pearl Energy Greta,GRETA,U91,197.5
Pearl Energy Hexham,HEXHAM,E10,186.5
Pearl Energy Hexham,HEXHAM,P98,208.5
Pearl Energy Hexham,HEXHAM,U91,188.5
Pearl Energy Kooringal,KOORINGAL,P98,206.5
Pearl Energy Kooringal,KOORINGAL,U91,184.5
Pearl Energy Londonderry,LONDONDERRY,P98,203.5
Pearl Energy Londonderry,LONDONDERRY,U91,183.5
Pearl Energy Long Jetty,LONG JETTY,E10,187.5
Pearl Energy Long Jetty,LONG JETTY,P95,201.5
Pearl Energy Long Jetty,LONG JETTY,P98,209.5
Pearl Energy Long Jetty,LONG JETTY,U91,189.5
Pearl Energy Mayfield,MAYFIELD,E10,189.5
Pearl Energy Mayfield,MAYFIELD,P95,203.5
Pearl Energy Mayfield,MAYFIELD,P98,211.5
Pearl Energy Mayfield,MAYFIELD,U91,191.5
Pearl Energy Medowie,MEDOWIE,P95,199.9
Pearl Energy Medowie,MEDOWIE,U91,186.9
Pearl Energy Mittagong Bowral Rd,MITTAGONG,E10,197.5
Pearl Energy Mittagong Bowral Rd,MITTAGONG,P98,221.5
Pearl Energy Mittagong Bowral Rd,MITTAGONG,U91,199.5
Pearl Energy Molong,MOLONG,DL,229.5
Pearl Energy Molong,MOLONG,E10,189.5
Pearl Energy Molong,MOLONG,P95,205.5
Pearl Energy Molong,MOLONG,U91,191.5
Pearl Energy Mona Vale,MONA VALE,E10,192.5
Pearl Energy Mona Vale,MONA VALE,P95,207.5
Pearl Energy Mona Vale,MONA VALE,P98,216.5
Pearl Energy Mona Vale,MONA VALE,U91,194.5
Pearl Energy Narooma,NAROOMA,E10,193.9
Pearl Energy Narooma,NAROOMA,P98,224.9
Pearl Energy Narooma,NAROOMA,U91,195.9
Pearl Energy Picton,PICTON,E10,187.5
Pearl Energy Picton,PICTON,P95,201.5
Pearl Energy Picton,PICTON,P98,209.5
Pearl Energy Picton,PICTON,U91,189.5
Pearl Energy Port Kembla,Port Kembla,DL,229.9
Pearl Energy Port Kembla,Port Kembla,E10,184.5
Pearl Energy Port Kembla,Port Kembla,P98,212.5
Pearl Energy Port Kembla,Port Kembla,U91,186.5
Pearl Energy Sandy Hollow,SANDY HOLLOW,P98,216.9
Pearl Energy Sandy Hollow,SANDY HOLLOW,U91,199.5
Pearl Energy South Nowra,South Nowra,DL,227.5
Pearl Energy South Nowra,South Nowra,E10,184.5
Pearl Energy South Nowra,South Nowra,P98,206.5
Pearl Energy South Nowra,South Nowra,U91,186.5
Pearl Energy Sturt Hwy,WAGGA WAGGA,E10,181.5
Pearl Energy Sturt Hwy,WAGGA WAGGA,P98,205.5
Pearl Energy Sturt Hwy,WAGGA WAGGA,U91,183.5
Pearl Energy Taree South,TAREE SOUTH,P98,214.5
Pearl Energy Taree South,TAREE SOUTH,U91,192.5
Pearl Energy Tomago,TOMAGO,E10,186.5
Pearl Energy Tomago,TOMAGO,P95,200.5
Pearl Energy Tomago,TOMAGO,P98,208.5
Pearl Energy Tomago,TOMAGO,U91,188.5
Pearl Energy Tweed Heads,TWEED HEADS,E10,189.5
Pearl Energy Tweed Heads,TWEED HEADS,P95,204.5
Pearl Energy Tweed Heads,TWEED HEADS,U91,191.5
Pearl Energy Wagga Wagga,WAGGA WAGGA,E10,181.5
Pearl Energy Wagga Wagga,WAGGA WAGGA,P95,196.5
Pearl Energy Wagga Wagga,WAGGA WAGGA,U91,183.5
Pearl Energy Wee Waa,WEE WAA,U91,192.9
Pearl Energy Williamtown,WILLIAMTOWN,E10,186.5
Pearl Energy Williamtown,WILLIAMTOWN,P95,200.5
Pearl Energy Williamtown,WILLIAMTOWN,P98,208.5
Pearl Energy Williamtown,WILLIAMTOWN,U91,188.5
Pearl Energy Wyong North,WYONG,DL,229.5
Pearl Energy Wyong North,WYONG,E10,187.5
Pearl Energy Wyong North,WYONG,P98,209.5
Pearl Energy Wyong North,WYONG,U91,189.5
Pearl energy Annabay,ANNA BAY,DL,235.5
Pearl energy Annabay,ANNA BAY,P95,200.5
Pearl energy Annabay,ANNA BAY,P98,208.5
Pearl energy Annabay,ANNA BAY,U91,188.5
Perrys Collingullie,COLLINGULLIE,DL,235.9
Petersens Garage,Bundanoon,P95,210
Petersens Garage,Bundanoon,U91,196
Pitstop Garage Geurie,GEURIE,DL,241.9
Pitstop Garage Geurie,GEURIE,P95,209.9
Pitstop Garage Geurie,GEURIE,U91,197.9
Powerfuel,CONDOBOLIN,DL,247.9
Powerfuel,CONDOBOLIN,P98,221.9
Powerfuel,CONDOBOLIN,U91,202.9
Powerfuel,GRANVILLE,DL,228.5
Powerfuel,GRANVILLE,E10,187.5
Powerfuel,GRANVILLE,P95,199.5
Powerfuel,GRANVILLE,U91,189.5
Powerfuel,LURNEA,DL,226.5
Powerfuel,LURNEA,E10,187.5
Powerfuel,LURNEA,P98,207.9
Powerfuel,LURNEA,U91,189.5
Prime Blakehurst,BLAKEHURST,DL,232.9
Prime Blakehurst,BLAKEHURST,P95,210.9
Prime Blakehurst,BLAKEHURST,U91,191.3
Prime Earlwood,EARLWOOD,P98,208.5
Prime Earlwood,EARLWOOD,U91,184.5
Quaama General Store,QUAAMA,DL,226.9
Quaama General Store,QUAAMA,P98,218.4
Quaama General Store,QUAAMA,U91,193.3
Rains and Co 24hr Fuel,DUNGOG,DL,233.9
Rains and Co 24hr Fuel,DUNGOG,P98,215.9
Rains and Co 24hr Fuel,DUNGOG,U91,199.9
Rand Farm Supplies,RAND,DL,199
Rand Farm Supplies,RAND,U91,188
Randwick Petroleum,RANDWICK,P98,213.9
Randwick Petroleum,RANDWICK,U91,189.9
Red Spot Express Peak Hill,Peak Hill,DL,245.9
Red Spot Express Peak Hill,Peak Hill,U91,209.9
Reel (Taralga) Pty Ltd,TARALGA,DL,248
Reel (Taralga) Pty Ltd,TARALGA,P98,235
Reel (Taralga) Pty Ltd,TARALGA,U91,215
Reflections Holiday Parks,BIGGA,DL,205.1
Reflections Holiday Parks,BIGGA,P95,221.9
Reflections Holiday Parks,BOOKHAM,DL,209.9
Reflections Holiday Parks,BOOKHAM,P95,208.9
Reflections Holiday Parks,COPETON,DL,199.5
Reflections Holiday Parks,COPETON,P98,204.9
Reflections Holiday Parks,COPETON,U91,191.3
Reflections Holiday Parks,GLENBAWN,P95,217.9
Reflections Holiday Parks,MUMBIL,P95,217.9
Reflections Holiday Parks,Wyangala,DL,214.9
Reflections Holiday Parks,Wyangala,P95,196.3
Riordan Fuels,BLIGHTY,DL,251.9
Riordan Fuels,Deniliquin,DL,251.9
Riordan Fuels,JERILDERIE,DL,251.9
Riordan Fuels,MOAMA,DL,251.9
Riordan Fuels Barham,BARHAM,DL,251.9
Riordan Fuels Express Diesel,COOLAC,DL,251.9
Riverside Co,CHARLOTTE BAY,DL,231.9
Riverside Co,CHARLOTTE BAY,P95,204.9
Riverside Co,CHARLOTTE BAY,P98,221.9
Riverside Co,CHARLOTTE BAY,U91,193.9
Riverview Servo,NORTH HAVEN,DL,227.9
Riverview Servo,NORTH HAVEN,P98,213.9
Riverview Servo,NORTH HAVEN,U91,188.9
Rodney's Transport Service,CARTWRIGHTS HILL,DL,236.9
Rodney's Transport Service,CARTWRIGHTS HILL,U91,192.9
Roger Moore PTY LTD,Warialda,DL,235.9
Roger Moore PTY LTD,Warialda,P98,219.9
Roger Moore PTY LTD,Warialda,U91,195.9
Roger Moore Pty Ltd,WARIALDA,DL,235.9
Roo Petroleum Lavington (24Hr Self-Serve),LAVINGTON,DL,223.9
Roo Petroleum Lavington (24Hr Self-Serve),LAVINGTON,P95,191.9
Roo Petroleum Lavington (24Hr Self-Serve),LAVINGTON,P98,205.9
Roo Petroleum Lavington (24Hr Self-Serve),LAVINGTON,U91,179.9
Rural Supplies Coolamon,COOLAMON,DL,224.9
Rural Supplies Coolamon,COOLAMON,P95,208.9
Rural Supplies Coolamon,COOLAMON,U91,189.9
SG CHAMBERS,Cootamundra,DL,235.9
SG CHAMBERS,Cootamundra,P98,212.9
SG CHAMBERS,Cootamundra,U91,197.9
SHELL CHIPPING NORTON,CHIPPING NORTON,DL,232.9
SHELL CHIPPING NORTON,CHIPPING NORTON,E10,187.8
SHELL CHIPPING NORTON,CHIPPING NORTON,P98,219.8
SHELL CHIPPING NORTON,CHIPPING NORTON,U91,189.8
SHELL CONDELL PARK,Condell Park,DL,230.9
SHELL CONDELL PARK,Condell Park,P95,206.9
SHELL CONDELL PARK,Condell Park,P98,210.9
SHELL CONDELL PARK,Condell Park,U91,188.9
SHELL NEVERTIRE TRUCKSTOP,Nevertire,DL,237.5
SHELL NORTH ROCKS,NORTH ROCKS,DL,229.5
SHELL NORTH ROCKS,NORTH ROCKS,E10,191.5
SHELL NORTH ROCKS,NORTH ROCKS,P98,219.5
SHELL NORTH ROCKS,NORTH ROCKS,U91,193.5
SHELL Parramatta CVRO (Self-serve),ROSEHILL,DL,229.5
SHELL TAMWORTH TRUCKSTOP (unmanned),Tamworth,DL,235.5
SHELL UNANDERRA,UNANDERRA,DL,225.7
SHELL UNANDERRA,UNANDERRA,E10,189.7
SHELL UNANDERRA,UNANDERRA,P95,207.7
SHELL UNANDERRA,UNANDERRA,P98,217.7
SHELL UNANDERRA,UNANDERRA,U91,191.7
SHELL WINGHAM SERVO,WINGHAM,E10,201.9
SHELL WINGHAM SERVO,WINGHAM,P98,234.9
SHELL WINGHAM SERVO,WINGHAM,U91,203.9
SPEEDWAY AUSTRAL,AUSTRAL,DL,227.5
SPEEDWAY AUSTRAL,AUSTRAL,E10,187.5
SPEEDWAY AUSTRAL,AUSTRAL,P98,209.5
SPEEDWAY AUSTRAL,AUSTRAL,U91,189.5
SPEEDWAY BEACON HILL.,Beacon Hill,DL,239.9
SPEEDWAY BEACON HILL.,Beacon Hill,E10,187.9
SPEEDWAY BEACON HILL.,Beacon Hill,P98,216.9
SPEEDWAY BEACON HILL.,Beacon Hill,U91,189.9
SPEEDWAY PARRAMATTA,PARRAMATTA,DL,235.5
SPEEDWAY PARRAMATTA,PARRAMATTA,P98,217.5
SPEEDWAY PARRAMATTA,PARRAMATTA,U91,189.5
SPEEDWAY SACKVILLE STREET FAIRFIELD,FAIRFIELD,DL,227.9
SPEEDWAY SACKVILLE STREET FAIRFIELD,FAIRFIELD,E10,179.9
SPEEDWAY SACKVILLE STREET FAIRFIELD,FAIRFIELD,P98,203.9
SPEEDWAY SACKVILLE STREET FAIRFIELD,FAIRFIELD,U91,181.9
SPEEDWAY WOLLONGONG,WEST WOLLONGONG,E10,186.3
SPEEDWAY WOLLONGONG,WEST WOLLONGONG,P98,215.5
SPEEDWAY WOLLONGONG,WEST WOLLONGONG,U91,188.3
Shanty service station,ALFREDTOWN,P95,199.5
Shanty service station,ALFREDTOWN,U91,184.5
Shel Reddy Express Grafton,Grafton,DL,241.9
Shel Reddy Express Grafton,Grafton,P95,221.4
Shel Reddy Express Grafton,Grafton,P98,230.9
Shel Reddy Express Grafton,Grafton,U91,203.9
Shell Ballina,Ballina,DL,248.9
Shell Ballina,Ballina,P95,211.9
Shell Ballina,Ballina,P98,221.9
Shell Ballina,Ballina,U91,199.9
Shell Bermagui,BERMAGUI,DL,239.9
Shell Bermagui,BERMAGUI,P98,225.9
Shell Bermagui,BERMAGUI,U91,199.9
Shell Berry,BERRY,DL,239.9
Shell Berry,BERRY,E10,196.9
Shell Berry,BERRY,P98,222.9
Shell Berry,BERRY,U91,198.9
Shell Big Pineapple West Ballina,West Ballina,DL,248.9
Shell Big Pineapple West Ballina,West Ballina,P95,213.9
Shell Big Pineapple West Ballina,West Ballina,P98,223.9
Shell Big Pineapple West Ballina,West Ballina,U91,199.9
Shell Bingara,Bingara,DL,241.9
Shell Bingara,Bingara,P98,223.9
Shell Bingara,Bingara,U91,201.9
Shell Blaxland,BLAXLAND,DL,239.9
Shell Blaxland,BLAXLAND,E10,194.9
Shell Blaxland,BLAXLAND,P98,217.9
Shell Blaxland,BLAXLAND,U91,196.9
Shell Blayney,BLAYNEY,DL,233.9
Shell Blayney,BLAYNEY,P98,218.9
Shell Blayney,BLAYNEY,U91,194.9
Shell Braidwood,Braidwood,DL,244.9
Shell Braidwood,Braidwood,P98,228.9
Shell Braidwood,Braidwood,U91,199.9
Shell Brewarrina,Brewarrina,DL,243.9
Shell Brewarrina,Brewarrina,U91,209.9
Shell Bulahdelah,BULAHDELAH,DL,231.9
Shell Bulahdelah,BULAHDELAH,E10,194.9
Shell Bulahdelah,BULAHDELAH,P98,220.9
Shell Bulahdelah,BULAHDELAH,U91,196.9
Shell Chinderah,Chinderah,DL,241.9
Shell Chinderah,Chinderah,P98,226.9
Shell Chinderah,Chinderah,U91,199.9
Shell Cobar,Cobar,P95,209.9
Shell Cobar,Cobar,P98,219.9
Shell Cobar,Cobar,U91,199.9
Shell Coila,COILA,P95,209.9
Shell Coila,COILA,P98,219.9
Shell Coila,COILA,U91,195.9
Shell Cooma,Cooma,DL,240.9
Shell Cooma,Cooma,P95,208.9
Shell Cooma,Cooma,P98,218.9
Shell Cooma,Cooma,U91,198.9
Shell Coonamble,Coonamble,P95,205.9
Shell Coonamble,Coonamble,P98,215.9
Shell Coonamble,Coonamble,U91,196.9
Shell Crabbes Creek,Crabbes Creek,DL,235.9
Shell Crabbes Creek,Crabbes Creek,P95,213.9
Shell Crabbes Creek,Crabbes Creek,U91,202.9
Shell Croydon,CROYDON,E10,184.9
Shell Croydon,CROYDON,P98,213.9
Shell Croydon,CROYDON,U91,186.9
Shell Delungra,Delungra,DL,238.9
Shell Delungra,Delungra,P98,220.9
Shell Delungra,Delungra,U91,198.9
Shell Deniliquin,Deniliquin,DL,242.9
Shell Deniliquin,Deniliquin,E10,197.9
Shell Deniliquin,Deniliquin,P98,224.9
Shell Deniliquin,Deniliquin,U91,204.9
Shell East Ballina,EAST BALLINA,DL,248.9
Shell East Ballina,EAST BALLINA,P95,215.9
Shell East Ballina,EAST BALLINA,P98,224.9
Shell East Ballina,EAST BALLINA,U91,199.9
Shell Forbes,Forbes,E10,207.9
Shell Forbes,Forbes,P98,234.9
Shell Forbes,Forbes,U91,209.9
Shell Goonellabah,GOONELLABAH,DL,248.9
Shell Goonellabah,GOONELLABAH,P95,213.9
Shell Goonellabah,GOONELLABAH,P98,223.9
Shell Goonellabah,GOONELLABAH,U91,199.9
Shell Helensburgh,Helensburgh,E10,194.9
Shell Helensburgh,Helensburgh,P98,221.9
Shell Helensburgh,Helensburgh,U91,196.9
Shell Henty,Henty,P98,218.9
Shell Henty,Henty,U91,196.9
Shell Jindera,JINDERA,DL,237.9
Shell Jindera,JINDERA,E10,193.9
Shell Jindera,JINDERA,P98,216.9
Shell Jindera,JINDERA,U91,196.9
Shell Junee,Junee,DL,235.9
Shell Junee,Junee,P98,217.9
Shell Junee,Junee,U91,194.9
Shell Kenthurst,KENTHURST,DL,240.9
Shell Kenthurst,KENTHURST,E10,191.9
Shell Kenthurst,KENTHURST,P98,219.9
Shell Kenthurst,KENTHURST,U91,193.9
Shell Lane Cove,LANE COVE,P95,211.4
Shell Lane Cove,LANE COVE,P98,220.9
Shell Lane Cove,LANE COVE,U91,193.9
Shell Lennox Head,Lennox Head,DL,248.9
Shell Lennox Head,Lennox Head,P95,215.9
Shell Lennox Head,Lennox Head,P98,224.9
Shell Lennox Head,Lennox Head,U91,199.9
Shell Little Topar,LITTLE TOPAR,DL,239.9
Shell Liverpool,Liverpool,DL,232.9
Shell Liverpool,Liverpool,E10,187.9
Shell Liverpool,Liverpool,P98,216.9
Shell Liverpool,Liverpool,U91,189.9
Shell Luddenham,Luddehham,DL,237.5
Shell Luddenham,Luddehham,E10,190.5
Shell Luddenham,Luddehham,P95,205.9
Shell Luddenham,Luddehham,P98,215.9
Shell Luddenham,Luddehham,U91,192.9
Shell Maroota,MAROOTA,DL,235.9
Shell Maroota,MAROOTA,P98,212.9
Shell Maroota,MAROOTA,U91,189.9
Shell Morisset,Morisset,DL,245.9
Shell Morisset,Morisset,E10,193.9
Shell Morisset,Morisset,P98,222.9
Shell Morisset,Morisset,U91,195.9
Shell Mudgee,Mudgee,DL,238.9
Shell Mudgee,Mudgee,E10,199.9
Shell Mudgee,Mudgee,P98,226.9
Shell Mudgee,Mudgee,U91,201.9
Shell Narooma,NAROOMA,DL,238.9
Shell Narooma,NAROOMA,P95,218.9
Shell Narooma,NAROOMA,P98,228.9
Shell Narooma,NAROOMA,U91,198.9
Shell Narrabri,Narrabri,DL,246.9
Shell Narrabri,Narrabri,P98,225.9
Shell Narrabri,Narrabri,U91,206.9
Shell Narrabri Truck Stop,NARRABRI,DL,245.9
Shell Narrabri Truck Stop,NARRABRI,E10,202.9
Shell Narrabri Truck Stop,NARRABRI,P98,225.9
Shell Narrabri Truck Stop,NARRABRI,U91,204.9
Shell North Parkes,PARKES,P95,227.5
Shell North Parkes,PARKES,P98,236.5
Shell North Parkes,PARKES,U91,209.5
Shell Nyngan,NYNGAN,DL,234.9
Shell Nyngan,NYNGAN,P98,215.9
Shell Nyngan,NYNGAN,U91,197.9
Shell Oberon,OBERON,DL,225.9
Shell Oberon,OBERON,E10,183.9
Shell Oberon,OBERON,P98,211.9
Shell Oberon,OBERON,U91,185.9
Shell Orange,Orange,DL,239.9
Shell Orange,Orange,P98,219.9
Shell Orange,Orange,U91,199.9
Shell Orange (Unmanned),Orange,DL,239.9
Shell Orange (Unmanned),Orange,P95,209.9
Shell Park Beach,Coffs Harbour,DL,240.9
Shell Park Beach,Coffs Harbour,P98,223.9
Shell Park Beach,Coffs Harbour,U91,201.9
Shell Port Kembla Truckstop (Unmanned),Port Kembla,DL,229.9
Shell Reddy  Express Alexandria,Alexandria,DL,240.9
Shell Reddy  Express Alexandria,Alexandria,E10,187.9
Shell Reddy  Express Alexandria,Alexandria,P95,205.4
Shell Reddy  Express Alexandria,Alexandria,P98,214.9
Shell Reddy  Express Armidale,Armidale,DL,241.9
Shell Reddy  Express Armidale,Armidale,E10,201.9
Shell Reddy  Express Armidale,Armidale,P95,221.4
Shell Reddy  Express Armidale,Armidale,P98,230.9
Shell Reddy  Express Armidale,Armidale,U91,203.9
Shell Reddy  Express Bega,Bega,DL,241.9
Shell Reddy  Express Bega,Bega,E10,199.9
Shell Reddy  Express Bega,Bega,P98,228.9
Shell Reddy  Express Bega,Bega,U91,201.9
Shell Reddy  Express Belmont Maude (Nsw),Belmont,DL,235.9
Shell Reddy  Express Belmont Maude (Nsw),Belmont,E10,188.9
Shell Reddy  Express Belmont Maude (Nsw),Belmont,P95,208.4
Shell Reddy  Express Belmont Maude (Nsw),Belmont,P98,217.9
Shell Reddy  Express Belmont Maude (Nsw),Belmont,U91,190.9
Shell Reddy  Express Belmont South (NSW),Belmont South,DL,238.9
Shell Reddy  Express Belmont South (NSW),Belmont South,E10,195.9
Shell Reddy  Express Belmont South (NSW),Belmont South,P95,215.4
Shell Reddy  Express Belmont South (NSW),Belmont South,P98,224.9
Shell Reddy  Express Belmont South (NSW),Belmont South,U91,197.9
Shell Reddy  Express Berowra,Berowra,DL,240.9
Shell Reddy  Express Berowra,Berowra,E10,193.9
Shell Reddy  Express Berowra,Berowra,P95,211.4
Shell Reddy  Express Berowra,Berowra,P98,220.9
Shell Reddy  Express Camden,Camden,E10,193.9
Shell Reddy  Express Camden,Camden,P95,213.4
Shell Reddy  Express Camden,Camden,P98,222.9
Shell Reddy  Express Camden,Camden,U91,195.9
Shell Reddy  Express Cessnock,Cessnock,DL,232.9
Shell Reddy  Express Cessnock,Cessnock,E10,182.9
Shell Reddy  Express Cessnock,Cessnock,P95,200.4
Shell Reddy  Express Cessnock,Cessnock,P98,209.9
Shell Reddy  Express Erina,Erina,DL,241.9
Shell Reddy  Express Erina,Erina,E10,195.9
Shell Reddy  Express Erina,Erina,P95,215.4
Shell Reddy  Express Erina,Erina,P98,224.9
Shell Reddy  Express Erina,Erina,U91,197.9
Shell Reddy  Express Forestville,Forestville,DL,240.9
Shell Reddy  Express Forestville,Forestville,E10,187.9
Shell Reddy  Express Forestville,Forestville,P95,207.4
Shell Reddy  Express Forestville,Forestville,P98,216.9
Shell Reddy  Express Forestville,Forestville,U91,189.9
Shell Reddy  Express Forster,Forster,DL,241.9
Shell Reddy  Express Forster,Forster,E10,201.9
Shell Reddy  Express Forster,Forster,P95,221.4
Shell Reddy  Express Forster,Forster,P98,230.9
Shell Reddy  Express Forster,Forster,U91,203.9
Shell Reddy  Express Glendale,Glendale,DL,238.9
Shell Reddy  Express Glendale,Glendale,E10,195.9
Shell Reddy  Express Glendale,Glendale,P95,213.4
Shell Reddy  Express Glendale,Glendale,P98,222.9
Shell Reddy  Express Gorokan,Gorokan,DL,241.9
Shell Reddy  Express Gorokan,Gorokan,P95,215.4
Shell Reddy  Express Gorokan,Gorokan,P98,224.9
Shell Reddy  Express Gorokan,Gorokan,U91,197.9
Shell Reddy  Express Gundagai,Gundagai,DL,241.9
Shell Reddy  Express Gundagai,Gundagai,E10,197.9
Shell Reddy  Express Gundagai,Gundagai,P95,217.4
Shell Reddy  Express Gundagai,Gundagai,P98,226.9
Shell Reddy  Express Gundagai,Gundagai,U91,199.9
Shell Reddy  Express Gundagai Tuckerbox,GUNDAGAI,DL,241.9
Shell Reddy  Express Gundagai Tuckerbox,GUNDAGAI,E10,197.9
Shell Reddy  Express Gundagai Tuckerbox,GUNDAGAI,P95,217.4
Shell Reddy  Express Gundagai Tuckerbox,GUNDAGAI,P98,226.9
Shell Reddy  Express Gundagai Tuckerbox,GUNDAGAI,U91,199.9
Shell Reddy  Express Halfway Creek,Halfway Creek,DL,245.9
Shell Reddy  Express Halfway Creek,Halfway Creek,E10,197.9
Shell Reddy  Express Halfway Creek,Halfway Creek,P95,217.4
Shell Reddy  Express Halfway Creek,Halfway Creek,P98,226.9
Shell Reddy  Express Halfway Creek,Halfway Creek,U91,199.9
Shell Reddy  Express Heathcote,Heathcote,DL,240.9
Shell Reddy  Express Heathcote,Heathcote,E10,193.9
Shell Reddy  Express Heathcote,Heathcote,P95,211.4
Shell Reddy  Express Heathcote,Heathcote,P98,220.9
Shell Reddy  Express Hexham,Hexham,DL,235.9
Shell Reddy  Express Hexham,Hexham,E10,186.9
Shell Reddy  Express Hexham,Hexham,P98,215.9
Shell Reddy  Express Hexham,Hexham,U91,188.9
Shell Reddy  Express Hunters Hill,Hunters Hill,DL,240.9
Shell Reddy  Express Hunters Hill,Hunters Hill,P95,213.4
Shell Reddy  Express Hunters Hill,Hunters Hill,P98,222.9
Shell Reddy  Express Hunters Hill,Hunters Hill,U91,195.9
Shell Reddy  Express Inverell,Inverell,DL,241.9
Shell Reddy  Express Inverell,Inverell,P95,217.4
Shell Reddy  Express Inverell,Inverell,P98,226.9
Shell Reddy  Express Inverell,Inverell,U91,199.9
Shell Reddy  Express Kincumber,Kincumber,DL,241.9
Shell Reddy  Express Kincumber,Kincumber,E10,195.9
Shell Reddy  Express Kincumber,Kincumber,P98,224.9
Shell Reddy  Express Kincumber,Kincumber,U91,197.9
Shell Reddy  Express Kingsgrove,Kingsgrove,E10,187.9
Shell Reddy  Express Kingsgrove,Kingsgrove,P95,205.4
Shell Reddy  Express Kingsgrove,Kingsgrove,P98,214.9
Shell Reddy  Express Lake Munmorah,Doyalson North,DL,238.9
Shell Reddy  Express Lake Munmorah,Doyalson North,E10,195.9
Shell Reddy  Express Lake Munmorah,Doyalson North,P95,215.4
Shell Reddy  Express Lake Munmorah,Doyalson North,P98,224.9
Shell Reddy  Express Lake Munmorah,Doyalson North,U91,197.9
Shell Reddy  Express Marsfield,Marsfield,DL,232.9
Shell Reddy  Express Marsfield,Marsfield,E10,187.9
Shell Reddy  Express Marsfield,Marsfield,P95,207.4
Shell Reddy  Express Marsfield,Marsfield,P98,216.9
Shell Reddy  Express Marsfield,Marsfield,U91,189.9
Shell Reddy  Express Mayfield,Mayfield,DL,235.9
Shell Reddy  Express Mayfield,Mayfield,P95,206.4
Shell Reddy  Express Mayfield,Mayfield,P98,215.9
Shell Reddy  Express Mayfield,Mayfield,U91,188.9
Shell Reddy  Express Merewether,Merewether,DL,238.9
Shell Reddy  Express Merewether,Merewether,E10,195.9
Shell Reddy  Express Merewether,Merewether,P95,213.4
Shell Reddy  Express Merewether,Merewether,P98,222.9
Shell Reddy  Express Muswellbrook,Muswellbrook,DL,236.9
Shell Reddy  Express Muswellbrook,Muswellbrook,E10,195.9
Shell Reddy  Express Muswellbrook,Muswellbrook,P95,215.4
Shell Reddy  Express Muswellbrook,Muswellbrook,P98,224.9
Shell Reddy  Express Muswellbrook,Muswellbrook,U91,197.9
Shell Reddy  Express Narrabeen,Narrabeen,DL,240.9
Shell Reddy  Express Narrabeen,Narrabeen,E10,193.9
Shell Reddy  Express Narrabeen,Narrabeen,P95,213.4
Shell Reddy  Express Narrabeen,Narrabeen,P98,222.9
Shell Reddy  Express Narrabeen,Narrabeen,U91,195.9
Shell Reddy  Express Nelson Bay,Nelson Bay,DL,236.9
Shell Reddy  Express Nelson Bay,Nelson Bay,E10,191.9
Shell Reddy  Express Nelson Bay,Nelson Bay,P95,209.4
Shell Reddy  Express Nelson Bay,Nelson Bay,P98,218.9
Shell Reddy  Express North Richmond,NORTH RICHMOND,DL,240.9
Shell Reddy  Express North Richmond,NORTH RICHMOND,E10,193.9
Shell Reddy  Express North Richmond,NORTH RICHMOND,P98,222.9
Shell Reddy  Express North Richmond,NORTH RICHMOND,U91,195.9
Shell Reddy  Express Northmead,Northmead,DL,240.9
Shell Reddy  Express Northmead,Northmead,E10,193.9
Shell Reddy  Express Northmead,Northmead,P95,213.4
Shell Reddy  Express Northmead,Northmead,P98,222.9
Shell Reddy  Express Northmead,Northmead,U91,195.9
Shell Reddy  Express Norwest Business Park,Baulkham Hills,DL,240.9
Shell Reddy  Express Norwest Business Park,Baulkham Hills,E10,187.9
Shell Reddy  Express Norwest Business Park,Baulkham Hills,P95,207.4
Shell Reddy  Express Norwest Business Park,Baulkham Hills,P98,216.9
Shell Reddy  Express Norwest Business Park,Baulkham Hills,U91,189.9
Shell Reddy  Express Ourimbah,Ourimbah,DL,241.9
Shell Reddy  Express Ourimbah,Ourimbah,E10,197.9
Shell Reddy  Express Ourimbah,Ourimbah,P98,226.9
Shell Reddy  Express Ourimbah,Ourimbah,U91,199.9
Shell Reddy  Express Parramatta,Parramatta,DL,240.9
Shell Reddy  Express Parramatta,Parramatta,E10,193.9
Shell Reddy  Express Parramatta,Parramatta,P95,211.4
Shell Reddy  Express Parramatta,Parramatta,P98,220.9
Shell Reddy  Express Pymble,Pymble,DL,240.9
Shell Reddy  Express Pymble,Pymble,E10,193.9
Shell Reddy  Express Pymble,Pymble,P95,213.4
Shell Reddy  Express Pymble,Pymble,P98,222.9
Shell Reddy  Express Pymble,Pymble,U91,195.9
Shell Reddy  Express Queanbeyan,QUEANBEYAN EAST,DL,241.9
Shell Reddy  Express Queanbeyan,QUEANBEYAN EAST,E10,199.9
Shell Reddy  Express Queanbeyan,QUEANBEYAN EAST,P98,228.9
Shell Reddy  Express Queanbeyan,QUEANBEYAN EAST,U91,201.9
Shell Reddy  Express Raymond Terrace,Raymond Terrace,DL,238.9
Shell Reddy  Express Raymond Terrace,Raymond Terrace,E10,195.9
Shell Reddy  Express Raymond Terrace,Raymond Terrace,P98,222.9
Shell Reddy  Express Salamander Bay,Salamander Bay,E10,191.9
Shell Reddy  Express Salamander Bay,Salamander Bay,P95,211.4
Shell Reddy  Express Salamander Bay,Salamander Bay,P98,220.9
Shell Reddy  Express Salamander Bay,Salamander Bay,U91,193.9
Shell Reddy  Express Singleton (Nsw),Singleton,DL,238.9
Shell Reddy  Express Singleton (Nsw),Singleton,E10,195.9
Shell Reddy  Express Singleton (Nsw),Singleton,P95,215.4
Shell Reddy  Express Singleton (Nsw),Singleton,P98,224.9
Shell Reddy  Express Singleton (Nsw),Singleton,U91,197.9
Shell Reddy  Express South Hurstville,South Hurstville,E10,193.9
Shell Reddy  Express South Hurstville,South Hurstville,P95,213.4
Shell Reddy  Express South Hurstville,South Hurstville,P98,222.9
Shell Reddy  Express South Hurstville,South Hurstville,U91,195.9
Shell Reddy  Express St Ives,St Ives,DL,240.9
Shell Reddy  Express St Ives,St Ives,E10,193.9
Shell Reddy  Express St Ives,St Ives,P95,213.4
Shell Reddy  Express St Ives,St Ives,P98,222.9
Shell Reddy  Express St Ives,St Ives,U91,195.9
Shell Reddy  Express St Marys,ST MARYS,DL,240.9
Shell Reddy  Express St Marys,ST MARYS,E10,193.9
Shell Reddy  Express St Marys,ST MARYS,P98,222.9
Shell Reddy  Express St Marys,ST MARYS,U91,195.9
Shell Reddy  Express Terrigal,Terrigal,DL,241.9
Shell Reddy  Express Terrigal,Terrigal,E10,195.9
Shell Reddy  Express Terrigal,Terrigal,P95,215.4
Shell Reddy  Express Terrigal,Terrigal,P98,224.9
Shell Reddy  Express Terrigal,Terrigal,U91,197.9
Shell Reddy  Express Tocumwal,Tocumwal,DL,241.9
Shell Reddy  Express Tocumwal,Tocumwal,P95,225.4
Shell Reddy  Express Tocumwal,Tocumwal,P98,234.9
Shell Reddy  Express Tocumwal,Tocumwal,U91,207.9
Shell Reddy  Express Tumut,Tumut,DL,241.9
Shell Reddy  Express Tumut,Tumut,P98,232.9
Shell Reddy  Express Tumut,Tumut,U91,205.9
Shell Reddy  Express Umina,Umina,DL,241.9
Shell Reddy  Express Umina,Umina,E10,195.9
Shell Reddy  Express Umina,Umina,P95,215.4
Shell Reddy  Express Umina,Umina,P98,224.9
Shell Reddy  Express Umina,Umina,U91,197.9
Shell Reddy  Express Wagga Wagga,Wagga Wagga,P95,201.4
Shell Reddy  Express Wagga Wagga,Wagga Wagga,P98,210.9
Shell Reddy  Express Wagga Wagga,Wagga Wagga,U91,183.9
Shell Reddy  Express Wattle Grove,Wattle Grove,DL,240.9
Shell Reddy  Express Wattle Grove,Wattle Grove,E10,187.9
Shell Reddy  Express Wattle Grove,Wattle Grove,P95,207.4
Shell Reddy  Express Wattle Grove,Wattle Grove,P98,216.9
Shell Reddy  Express Wattle Grove,Wattle Grove,U91,189.9
Shell Reddy  Express Woy Woy,Woy Woy,DL,241.9
Shell Reddy  Express Woy Woy,Woy Woy,E10,195.9
Shell Reddy  Express Woy Woy,Woy Woy,P95,215.4
Shell Reddy  Express Woy Woy,Woy Woy,P98,224.9
Shell Reddy  Express Woy Woy,Woy Woy,U91,197.9
Shell Reddy EXPRESS BELCONNEN TOWN CENTRE,Belconnen,DL,243.9
Shell Reddy EXPRESS BELCONNEN TOWN CENTRE,Belconnen,P95,221.4
Shell Reddy EXPRESS BELCONNEN TOWN CENTRE,Belconnen,P98,230.9
Shell Reddy EXPRESS BELCONNEN TOWN CENTRE,Belconnen,U91,203.9
Shell Reddy EXPRESS MANUKA,Express Manuka,DL,240.9
Shell Reddy EXPRESS MANUKA,Express Manuka,E10,198.9
Shell Reddy EXPRESS MANUKA,Express Manuka,P98,227.9
Shell Reddy EXPRESS MANUKA,Express Manuka,U91,200.9
Shell Reddy Express  Taren Point,Miranda,DL,240.9
Shell Reddy Express  Taren Point,Miranda,E10,187.9
Shell Reddy Express  Taren Point,Miranda,P95,207.4
Shell Reddy Express  Taren Point,Miranda,P98,216.9
Shell Reddy Express  Taren Point,Miranda,U91,189.9
Shell Reddy Express Albion Park,Albion Park,DL,236.9
Shell Reddy Express Albion Park,Albion Park,E10,195.9
Shell Reddy Express Albion Park,Albion Park,P95,213.4
Shell Reddy Express Albion Park,Albion Park,P98,222.9
Shell Reddy Express Albury,Albury,DL,240.9
Shell Reddy Express Albury,Albury,E10,193.9
Shell Reddy Express Albury,Albury,P95,213.4
Shell Reddy Express Albury,Albury,P98,222.9
Shell Reddy Express Albury,Albury,U91,195.9
Shell Reddy Express Annandale,Annandale,DL,240.9
Shell Reddy Express Annandale,Annandale,E10,193.9
Shell Reddy Express Annandale,Annandale,P95,211.4
Shell Reddy Express Annandale,Annandale,P98,220.9
Shell Reddy Express Avalon,Avalon Beach,DL,240.9
Shell Reddy Express Avalon,Avalon Beach,E10,193.9
Shell Reddy Express Avalon,Avalon Beach,P95,211.4
Shell Reddy Express Avalon,Avalon Beach,P98,220.9
Shell Reddy Express Bass Hill,Bass Hill,DL,232.9
Shell Reddy Express Bass Hill,Bass Hill,E10,187.9
Shell Reddy Express Bass Hill,Bass Hill,P95,207.4
Shell Reddy Express Bass Hill,Bass Hill,P98,216.9
Shell Reddy Express Bass Hill,Bass Hill,U91,189.9
Shell Reddy Express Batehaven,Batehaven,DL,241.9
Shell Reddy Express Batehaven,Batehaven,E10,199.9
Shell Reddy Express Batehaven,Batehaven,P95,219.4
Shell Reddy Express Batehaven,Batehaven,P98,228.9
Shell Reddy Express Batehaven,Batehaven,U91,201.9
Shell Reddy Express Bathurst,Bathurst,DL,236.9
Shell Reddy Express Bathurst,Bathurst,E10,201.9
Shell Reddy Express Bathurst,Bathurst,P95,219.4
Shell Reddy Express Bathurst,Bathurst,P98,230.9
Shell Reddy Express Bathurst,Bathurst,U91,203.9
Shell Reddy Express Belconnen,Belconnen,DL,243.9
Shell Reddy Express Belconnen,Belconnen,E10,201.9
Shell Reddy Express Belconnen,Belconnen,P98,230.9
Shell Reddy Express Belconnen,Belconnen,U91,203.9
Shell Reddy Express Beresfield,BERESFIELD,DL,236.9
Shell Reddy Express Beresfield,BERESFIELD,E10,186.9
Shell Reddy Express Beresfield,BERESFIELD,P95,206.4
Shell Reddy Express Beresfield,BERESFIELD,P98,215.9
Shell Reddy Express Beresfield,BERESFIELD,U91,188.9
Shell Reddy Express Berkshire Park,Berkshire Park,E10,193.9
Shell Reddy Express Berkshire Park,Berkshire Park,P95,213.4
Shell Reddy Express Berkshire Park,Berkshire Park,P98,222.9
Shell Reddy Express Berkshire Park,Berkshire Park,U91,195.9
Shell Reddy Express Bexley,Bexley,DL,232.9
Shell Reddy Express Bexley,Bexley,E10,187.9
Shell Reddy Express Bexley,Bexley,P95,205.4
Shell Reddy Express Bexley,Bexley,P98,214.9
Shell Reddy Express Bomaderry,BOMADERRY,DL,236.9
Shell Reddy Express Bomaderry,BOMADERRY,E10,193.9
Shell Reddy Express Bomaderry,BOMADERRY,P95,213.4
Shell Reddy Express Bomaderry,BOMADERRY,P98,222.9
Shell Reddy Express Bomaderry,BOMADERRY,U91,195.9
Shell Reddy Express Bondi Junction,Bondi Junction,DL,240.9
Shell Reddy Express Bondi Junction,Bondi Junction,E10,193.9
Shell Reddy Express Bondi Junction,Bondi Junction,P95,213.4
Shell Reddy Express Bondi Junction,Bondi Junction,P98,222.9
Shell Reddy Express Bondi Junction,Bondi Junction,U91,195.9
Shell Reddy Express Bowral,Bowral,DL,241.9
Shell Reddy Express Bowral,Bowral,E10,199.9
Shell Reddy Express Bowral,Bowral,P95,219.4
Shell Reddy Express Bowral,Bowral,P98,228.9
Shell Reddy Express Bowral,Bowral,U91,201.9
Shell Reddy Express Braddon,BRADDON,DL,243.9
Shell Reddy Express Braddon,BRADDON,P95,221.4
Shell Reddy Express Braddon,BRADDON,P98,230.9
Shell Reddy Express Braddon,BRADDON,U91,203.9
Shell Reddy Express Brighton-Le-Sands,Brighton-Le-Sands,DL,232.9
Shell Reddy Express Brighton-Le-Sands,Brighton-Le-Sands,E10,187.9
Shell Reddy Express Brighton-Le-Sands,Brighton-Le-Sands,P98,214.9
Shell Reddy Express Broadmeadow,Broadmeadow,DL,238.9
Shell Reddy Express Broadmeadow,Broadmeadow,E10,195.9
Shell Reddy Express Broadmeadow,Broadmeadow,P95,213.4
Shell Reddy Express Broadmeadow,Broadmeadow,P98,222.9
Shell Reddy Express Broken Hill,Broken Hill,DL,241.9
Shell Reddy Express Broken Hill,Broken Hill,P98,230.9
Shell Reddy Express Broken Hill,Broken Hill,U91,203.9
Shell Reddy Express Brookvale,Brookvale,DL,240.9
Shell Reddy Express Brookvale,Brookvale,E10,187.9
Shell Reddy Express Brookvale,Brookvale,P95,207.4
Shell Reddy Express Brookvale,Brookvale,P98,216.9
Shell Reddy Express Brookvale,Brookvale,U91,189.9
Shell Reddy Express Bulli,Bulli,DL,236.9
Shell Reddy Express Bulli,Bulli,E10,187.9
Shell Reddy Express Bulli,Bulli,P95,204.9
Shell Reddy Express Bulli,Bulli,P98,212.9
Shell Reddy Express Bulli,Bulli,U91,189.9
Shell Reddy Express Cabramatta,Cabramatta,DL,240.9
Shell Reddy Express Cabramatta,Cabramatta,E10,187.9
Shell Reddy Express Cabramatta,Cabramatta,P95,207.4
Shell Reddy Express Cabramatta,Cabramatta,P98,216.9
Shell Reddy Express Cabramatta,Cabramatta,U91,189.9
Shell Reddy Express Cammeray,Cammeray,DL,240.9
Shell Reddy Express Cammeray,Cammeray,E10,187.9
Shell Reddy Express Cammeray,Cammeray,P95,205.4
Shell Reddy Express Cammeray,Cammeray,P98,214.9
Shell Reddy Express Campbelltown,Campbelltown,DL,240.9
Shell Reddy Express Campbelltown,Campbelltown,E10,193.9
Shell Reddy Express Campbelltown,Campbelltown,P95,211.4
Shell Reddy Express Campbelltown,Campbelltown,P98,220.9
Shell Reddy Express Captain Cook Bridge,Taren Point,DL,240.9
Shell Reddy Express Captain Cook Bridge,Taren Point,E10,187.9
Shell Reddy Express Captain Cook Bridge,Taren Point,P95,207.4
Shell Reddy Express Captain Cook Bridge,Taren Point,P98,216.9
Shell Reddy Express Captain Cook Bridge,Taren Point,U91,189.9
Shell Reddy Express Carlton,Carlton,DL,240.9
Shell Reddy Express Carlton,Carlton,P98,222.9
Shell Reddy Express Carlton,Carlton,U91,195.9
Shell Reddy Express Charlestown,Charlestown,DL,235.9
Shell Reddy Express Charlestown,Charlestown,E10,186.9
Shell Reddy Express Charlestown,Charlestown,P95,204.4
Shell Reddy Express Charlestown,Charlestown,P98,213.9
Shell Reddy Express Charnwood,Charnwood,DL,243.9
Shell Reddy Express Charnwood,Charnwood,E10,201.9
Shell Reddy Express Charnwood,Charnwood,P98,230.9
Shell Reddy Express Charnwood,Charnwood,U91,203.9
Shell Reddy Express Chatswood,Chatswood,DL,240.9
Shell Reddy Express Chatswood,Chatswood,E10,193.9
Shell Reddy Express Chatswood,Chatswood,P95,213.4
Shell Reddy Express Chatswood,Chatswood,P98,222.9
Shell Reddy Express Chatswood,Chatswood,U91,195.9
Shell Reddy Express Coffs Harbour,Coffs Harbour,DL,241.9
Shell Reddy Express Coffs Harbour,Coffs Harbour,E10,201.9
Shell Reddy Express Coffs Harbour,Coffs Harbour,P95,221.4
Shell Reddy Express Coffs Harbour,Coffs Harbour,P98,230.9
Shell Reddy Express Coffs Harbour,Coffs Harbour,U91,203.9
Shell Reddy Express Coonabarabran,Coonabarabran,DL,241.9
Shell Reddy Express Coonabarabran,Coonabarabran,E10,201.9
Shell Reddy Express Coonabarabran,Coonabarabran,P95,221.4
Shell Reddy Express Coonabarabran,Coonabarabran,P98,230.9
Shell Reddy Express Coonabarabran,Coonabarabran,U91,203.9
Shell Reddy Express Cremorne,Cremorne,DL,240.9
Shell Reddy Express Cremorne,Cremorne,E10,193.9
Shell Reddy Express Cremorne,Cremorne,P95,211.4
Shell Reddy Express Cremorne,Cremorne,P98,220.9
Shell Reddy Express Curtin,CURTIN,DL,243.9
Shell Reddy Express Curtin,CURTIN,E10,201.9
Shell Reddy Express Curtin,CURTIN,P98,230.9
Shell Reddy Express Curtin,CURTIN,U91,203.9
Shell Reddy Express Dapto,Dapto,DL,241.9
Shell Reddy Express Dapto,Dapto,E10,195.9
Shell Reddy Express Dapto,Dapto,P98,222.9
Shell Reddy Express Deakin,DEAKIN,DL,243.9
Shell Reddy Express Deakin,DEAKIN,E10,201.9
Shell Reddy Express Deakin,DEAKIN,P98,230.9
Shell Reddy Express Deakin,DEAKIN,U91,203.9
Shell Reddy Express Dickson,Dickson,DL,243.9
Shell Reddy Express Dickson,Dickson,E10,201.9
Shell Reddy Express Dickson,Dickson,P98,230.9
Shell Reddy Express Dickson,Dickson,U91,203.9
Shell Reddy Express Drummoyne,Drummoyne,DL,240.9
Shell Reddy Express Drummoyne,Drummoyne,E10,187.9
Shell Reddy Express Drummoyne,Drummoyne,P95,207.4
Shell Reddy Express Drummoyne,Drummoyne,P98,216.9
Shell Reddy Express Drummoyne,Drummoyne,U91,189.9
Shell Reddy Express Dubbo,Dubbo,DL,241.9
Shell Reddy Express Dubbo,Dubbo,E10,195.9
Shell Reddy Express Dubbo,Dubbo,P98,224.9
Shell Reddy Express Dubbo,Dubbo,U91,197.9
Shell Reddy Express Dundas,Dundas,DL,240.9
Shell Reddy Express Dundas,Dundas,E10,193.9
Shell Reddy Express Dundas,Dundas,P95,213.4
Shell Reddy Express Dundas,Dundas,P98,222.9
Shell Reddy Express Dundas,Dundas,U91,195.9
Shell Reddy Express Dural,Dural,DL,240.9
Shell Reddy Express Dural,Dural,E10,193.9
Shell Reddy Express Dural,Dural,P95,213.4
Shell Reddy Express Dural,Dural,P98,222.9
Shell Reddy Express Dural,Dural,U91,195.9
Shell Reddy Express Eastern Creek,Eastern Creek,DL,241.9
Shell Reddy Express Eastern Creek,Eastern Creek,E10,195.9
Shell Reddy Express Eastern Creek,Eastern Creek,P95,215.4
Shell Reddy Express Eastern Creek,Eastern Creek,P98,224.9
Shell Reddy Express Eastern Creek,Eastern Creek,U91,197.9
Shell Reddy Express Emerald Beach,Emerald Beach,P98,230.9
Shell Reddy Express Emerald Beach,Emerald Beach,U91,203.9
Shell Reddy Express Enfield,Strathfield South,DL,232.9
Shell Reddy Express Enfield,Strathfield South,E10,187.9
Shell Reddy Express Enfield,Strathfield South,P95,207.4
Shell Reddy Express Enfield,Strathfield South,P98,216.9
Shell Reddy Express Enfield,Strathfield South,U91,189.9
Shell Reddy Express Faulconbridge,Faulconbridge,DL,240.9
Shell Reddy Express Faulconbridge,Faulconbridge,E10,193.9
Shell Reddy Express Faulconbridge,Faulconbridge,P95,211.4
Shell Reddy Express Faulconbridge,Faulconbridge,P98,220.9
Shell Reddy Express Five Dock,Five Dock,E10,187.9
Shell Reddy Express Five Dock,Five Dock,P95,207.4
Shell Reddy Express Five Dock,Five Dock,P98,216.9
Shell Reddy Express Five Dock,Five Dock,U91,189.9
Shell Reddy Express Fyshwick Capital,FYSHWICK,DL,236.9
Shell Reddy Express Fyshwick Capital,FYSHWICK,E10,196.9
Shell Reddy Express Fyshwick Capital,FYSHWICK,P98,225.9
Shell Reddy Express Fyshwick Capital,FYSHWICK,U91,198.9
Shell Reddy Express Fyshwick Wiluna,Fyshwick Wiluna,DL,236.9
Shell Reddy Express Fyshwick Wiluna,Fyshwick Wiluna,P95,216.4
Shell Reddy Express Fyshwick Wiluna,Fyshwick Wiluna,P98,225.9
Shell Reddy Express Fyshwick Wiluna,Fyshwick Wiluna,U91,198.9
Shell Reddy Express Gilgandra,Gilgandra,DL,240.9
Shell Reddy Express Gilgandra,Gilgandra,P95,216.4
Shell Reddy Express Gilgandra,Gilgandra,P98,225.9
Shell Reddy Express Gilgandra,Gilgandra,U91,198.9
Shell Reddy Express Goulburn,Goulburn,DL,241.9
Shell Reddy Express Goulburn,Goulburn,E10,195.9
Shell Reddy Express Goulburn,Goulburn,P95,215.4
Shell Reddy Express Goulburn,Goulburn,P98,224.9
Shell Reddy Express Goulburn,Goulburn,U91,197.9
Shell Reddy Express Green Valley,Green Valley,DL,240.9
Shell Reddy Express Green Valley,Green Valley,E10,187.9
Shell Reddy Express Green Valley,Green Valley,P95,207.4
Shell Reddy Express Green Valley,Green Valley,P98,216.9
Shell Reddy Express Green Valley,Green Valley,U91,189.9
Shell Reddy Express Greenacre,Greenacre,DL,232.9
Shell Reddy Express Greenacre,Greenacre,E10,187.9
Shell Reddy Express Greenacre,Greenacre,P95,207.4
Shell Reddy Express Greenacre,Greenacre,P98,216.9
Shell Reddy Express Greenacre,Greenacre,U91,189.9
Shell Reddy Express Griffith,Griffith,DL,241.9
Shell Reddy Express Griffith,Griffith,E10,201.9
Shell Reddy Express Griffith,Griffith,P98,230.9
Shell Reddy Express Griffith,Griffith,U91,203.9
Shell Reddy Express Guildford,Guildford,DL,240.9
Shell Reddy Express Guildford,Guildford,E10,193.9
Shell Reddy Express Guildford,Guildford,P95,213.4
Shell Reddy Express Guildford,Guildford,P98,222.9
Shell Reddy Express Guildford,Guildford,U91,195.9
Shell Reddy Express Gungahlin,GUNGAHLIN,DL,243.9
Shell Reddy Express Gungahlin,GUNGAHLIN,E10,201.9
Shell Reddy Express Gungahlin,GUNGAHLIN,P98,230.9
Shell Reddy Express Gungahlin,GUNGAHLIN,U91,203.9
Shell Reddy Express Hawker,Hawker,DL,243.9
Shell Reddy Express Hawker,Hawker,E10,201.9
Shell Reddy Express Hawker,Hawker,P98,230.9
Shell Reddy Express Hawker,Hawker,U91,203.9
Shell Reddy Express Hornsby,Hornsby,DL,235.9
Shell Reddy Express Hornsby,Hornsby,E10,187.9
Shell Reddy Express Hornsby,Hornsby,P95,207.4
Shell Reddy Express Hornsby,Hornsby,P98,216.9
Shell Reddy Express Hornsby,Hornsby,U91,189.9
Shell Reddy Express Hoxton Park,Hoxton Park,DL,240.9
Shell Reddy Express Hoxton Park,Hoxton Park,E10,193.9
Shell Reddy Express Hoxton Park,Hoxton Park,P95,211.4
Shell Reddy Express Hoxton Park,Hoxton Park,P98,220.9
Shell Reddy Express Killarney Vale,Killarney Vale,E10,195.9
Shell Reddy Express Killarney Vale,Killarney Vale,P95,215.4
Shell Reddy Express Killarney Vale,Killarney Vale,P98,224.9
Shell Reddy Express Killarney Vale,Killarney Vale,U91,197.9
Shell Reddy Express Kotara,Kotara,DL,238.9
Shell Reddy Express Kotara,Kotara,E10,195.9
Shell Reddy Express Kotara,Kotara,P95,213.4
Shell Reddy Express Kotara,Kotara,P98,222.9
Shell Reddy Express Lane Cove,Lane Cove,DL,240.9
Shell Reddy Express Lane Cove,Lane Cove,E10,193.9
Shell Reddy Express Lane Cove,Lane Cove,P95,211.4
Shell Reddy Express Lane Cove,Lane Cove,P98,220.9
Shell Reddy Express Lavington,Lavington,DL,236.9
Shell Reddy Express Lavington,Lavington,E10,193.9
Shell Reddy Express Lavington,Lavington,P95,213.4
Shell Reddy Express Lavington,Lavington,P98,222.9
Shell Reddy Express Lavington,Lavington,U91,195.9
Shell Reddy Express Lawson,Lawson,DL,240.9
Shell Reddy Express Lawson,Lawson,P95,213.4
Shell Reddy Express Lawson,Lawson,P98,222.9
Shell Reddy Express Lawson,Lawson,U91,195.9
Shell Reddy Express Leppington,Leppington,DL,240.9
Shell Reddy Express Leppington,Leppington,E10,193.9
Shell Reddy Express Lidcombe,Lidcombe,DL,240.9
Shell Reddy Express Lidcombe,Lidcombe,E10,193.9
Shell Reddy Express Lidcombe,Lidcombe,P95,211.4
Shell Reddy Express Lidcombe,Lidcombe,P98,220.9
Shell Reddy Express Lismore,Lismore,DL,241.9
Shell Reddy Express Lismore,Lismore,E10,201.9
Shell Reddy Express Lismore,Lismore,P95,221.4
Shell Reddy Express Lismore,Lismore,P98,230.9
Shell Reddy Express Lismore,Lismore,U91,203.9
Shell Reddy Express Lithgow,South Bowenfels,DL,241.9
Shell Reddy Express Lithgow,South Bowenfels,P98,230.9
Shell Reddy Express Lithgow,South Bowenfels,U91,203.9
Shell Reddy Express Liverpool,Liverpool,DL,232.9
Shell Reddy Express Liverpool,Liverpool,E10,187.9
Shell Reddy Express Liverpool,Liverpool,P98,216.9
Shell Reddy Express Liverpool,Liverpool,U91,189.9
Shell Reddy Express Maroubra,Maroubra,P95,213.4
Shell Reddy Express Maroubra,Maroubra,P98,222.9
Shell Reddy Express Maroubra,Maroubra,U91,195.9
Shell Reddy Express Merrylands,Merrylands,E10,193.9
Shell Reddy Express Merrylands,Merrylands,P95,213.4
Shell Reddy Express Merrylands,Merrylands,P98,222.9
Shell Reddy Express Merrylands,Merrylands,U91,195.9
Shell Reddy Express Mittagong,Mittagong,DL,241.9
Shell Reddy Express Mittagong,Mittagong,E10,199.9
Shell Reddy Express Mittagong,Mittagong,P95,219.4
Shell Reddy Express Mittagong,Mittagong,P98,228.9
Shell Reddy Express Mittagong,Mittagong,U91,201.9
Shell Reddy Express Moree,Moree,DL,241.9
Shell Reddy Express Moree,Moree,P95,221.4
Shell Reddy Express Moree,Moree,P98,230.9
Shell Reddy Express Moree,Moree,U91,203.9
Shell Reddy Express Moss Vale,Moss Vale,DL,241.9
Shell Reddy Express Moss Vale,Moss Vale,E10,199.9
Shell Reddy Express Moss Vale,Moss Vale,P95,217.4
Shell Reddy Express Moss Vale,Moss Vale,P98,226.9
Shell Reddy Express Motto Farm,Heatherbrae,DL,236.9
Shell Reddy Express Motto Farm,Heatherbrae,E10,186.9
Shell Reddy Express Motto Farm,Heatherbrae,P98,215.9
Shell Reddy Express Motto Farm,Heatherbrae,U91,188.9
Shell Reddy Express Mount Annan,Mount Annan,DL,232.9
Shell Reddy Express Mount Annan,Mount Annan,E10,187.9
Shell Reddy Express Mount Annan,Mount Annan,P95,207.4
Shell Reddy Express Mount Annan,Mount Annan,P98,216.9
Shell Reddy Express Mount Annan,Mount Annan,U91,189.9
Shell Reddy Express Mudgee,Mudgee,DL,241.9
Shell Reddy Express Mudgee,Mudgee,U91,203.9
Shell Reddy Express Murwillumbah,SOUTH MURWILLUMBAH,DL,241.9
Shell Reddy Express Murwillumbah,SOUTH MURWILLUMBAH,E10,201.9
Shell Reddy Express Murwillumbah,SOUTH MURWILLUMBAH,P95,221.4
Shell Reddy Express Murwillumbah,SOUTH MURWILLUMBAH,P98,230.9
Shell Reddy Express Murwillumbah,SOUTH MURWILLUMBAH,U91,203.9
Shell Reddy Express Narellan,Narellan,DL,240.9
Shell Reddy Express Narellan,Narellan,E10,193.9
Shell Reddy Express Narellan,Narellan,P95,213.4
Shell Reddy Express Narellan,Narellan,P98,222.9
Shell Reddy Express Narellan,Narellan,U91,195.9
Shell Reddy Express Narrandera,NARRANDERA,DL,241.9
Shell Reddy Express Narrandera,NARRANDERA,E10,205.9
Shell Reddy Express Narrandera,NARRANDERA,P95,223.4
Shell Reddy Express Narrandera,NARRANDERA,P98,232.9
Shell Reddy Express Neutral Bay,Neutral Bay,DL,240.9
Shell Reddy Express Neutral Bay,Neutral Bay,E10,193.9
Shell Reddy Express Neutral Bay,Neutral Bay,P95,213.4
Shell Reddy Express Neutral Bay,Neutral Bay,P98,222.9
Shell Reddy Express Neutral Bay,Neutral Bay,U91,195.9
Shell Reddy Express North Ryde,North Ryde,DL,240.9
Shell Reddy Express North Ryde,North Ryde,E10,187.9
Shell Reddy Express North Ryde,North Ryde,P95,207.4
Shell Reddy Express North Ryde,North Ryde,P98,216.9
Shell Reddy Express North Ryde,North Ryde,U91,189.9
Shell Reddy Express North Ryde Wicks,North Ryde,DL,240.9
Shell Reddy Express North Ryde Wicks,North Ryde,E10,193.9
Shell Reddy Express North Ryde Wicks,North Ryde,P98,222.9
Shell Reddy Express North Ryde Wicks,North Ryde,U91,195.9
Shell Reddy Express Northmead Briens,Northmead,DL,240.9
Shell Reddy Express Northmead Briens,Northmead,E10,187.9
Shell Reddy Express Northmead Briens,Northmead,P95,205.4
Shell Reddy Express Northmead Briens,Northmead,P98,214.9
Shell Reddy Express Nowra,Nowra,DL,241.9
Shell Reddy Express Nowra,Nowra,E10,195.9
Shell Reddy Express Nowra,Nowra,P95,213.4
Shell Reddy Express Nowra,Nowra,P98,222.9
Shell Reddy Express Oak Flats,Oak Flats,DL,241.9
Shell Reddy Express Oak Flats,Oak Flats,E10,195.9
Shell Reddy Express Oak Flats,Oak Flats,P95,213.4
Shell Reddy Express Oak Flats,Oak Flats,P98,222.9
Shell Reddy Express Orange,Orange,DL,241.9
Shell Reddy Express Orange,Orange,E10,199.9
Shell Reddy Express Orange,Orange,P98,228.9
Shell Reddy Express Orange,Orange,U91,201.9
Shell Reddy Express Oyster Bay,Oyster Bay,E10,187.9
Shell Reddy Express Oyster Bay,Oyster Bay,P95,207.4
Shell Reddy Express Oyster Bay,Oyster Bay,P98,216.9
Shell Reddy Express Oyster Bay,Oyster Bay,U91,189.9
Shell Reddy Express Pagewood,Pagewood,DL,240.9
Shell Reddy Express Pagewood,Pagewood,E10,187.9
Shell Reddy Express Pagewood,Pagewood,P95,207.4
Shell Reddy Express Pagewood,Pagewood,P98,216.9
Shell Reddy Express Pagewood,Pagewood,U91,189.9
Shell Reddy Express Parklea,Parklea,DL,240.9
Shell Reddy Express Parklea,Parklea,E10,193.9
Shell Reddy Express Parklea,Parklea,P95,211.4
Shell Reddy Express Parklea,Parklea,P98,220.9
Shell Reddy Express Phillip,PHILLIP,DL,243.9
Shell Reddy Express Phillip,PHILLIP,P98,230.9
Shell Reddy Express Phillip,PHILLIP,U91,203.9
Shell Reddy Express Picton,Picton,DL,236.9
Shell Reddy Express Picton,Picton,E10,191.9
Shell Reddy Express Picton,Picton,P95,209.4
Shell Reddy Express Picton,Picton,P98,218.9
Shell Reddy Express Port Macquarie,PORT MACQUARIE,DL,241.9
Shell Reddy Express Port Macquarie,PORT MACQUARIE,E10,201.9
Shell Reddy Express Port Macquarie,PORT MACQUARIE,P95,221.4
Shell Reddy Express Port Macquarie,PORT MACQUARIE,P98,230.9
Shell Reddy Express Port Macquarie,PORT MACQUARIE,U91,203.9
Shell Reddy Express Ramsgate,Ramsgate,DL,232.9
Shell Reddy Express Ramsgate,Ramsgate,E10,187.9
Shell Reddy Express Ramsgate,Ramsgate,P95,205.4
Shell Reddy Express Ramsgate,Ramsgate,P98,214.9
Shell Reddy Express Randwick Alison Rd,Randwick,DL,240.9
Shell Reddy Express Randwick Alison Rd,Randwick,E10,193.9
Shell Reddy Express Randwick Alison Rd,Randwick,P95,213.4
Shell Reddy Express Randwick Alison Rd,Randwick,P98,222.9
Shell Reddy Express Randwick Alison Rd,Randwick,U91,195.9
Shell Reddy Express Randwick Frenchmans,Randwick,DL,240.9
Shell Reddy Express Randwick Frenchmans,Randwick,E10,193.9
Shell Reddy Express Randwick Frenchmans,Randwick,P98,222.9
Shell Reddy Express Randwick Frenchmans,Randwick,U91,195.9
Shell Reddy Express Rutherford,Rutherford,DL,238.9
Shell Reddy Express Rutherford,Rutherford,E10,195.9
Shell Reddy Express Rutherford,Rutherford,P95,213.4
Shell Reddy Express Rutherford,Rutherford,P98,222.9
Shell Reddy Express Ryde,Ryde,E10,193.9
Shell Reddy Express Ryde,Ryde,P95,211.4
Shell Reddy Express Ryde,Ryde,P98,220.9
Shell Reddy Express Smithfield,Smithfield,DL,232.9
Shell Reddy Express Smithfield,Smithfield,E10,187.9
Shell Reddy Express Smithfield,Smithfield,P95,205.4
Shell Reddy Express Smithfield,Smithfield,P98,214.9
Shell Reddy Express St Clair,St Clair,DL,240.9
Shell Reddy Express St Clair,St Clair,P95,213.4
Shell Reddy Express St Clair,St Clair,P98,222.9
Shell Reddy Express St Clair,St Clair,U91,195.9
Shell Reddy Express St Helens Park,St Helens Park,DL,240.9
Shell Reddy Express St Helens Park,St Helens Park,E10,193.9
Shell Reddy Express St Helens Park,St Helens Park,P95,213.4
Shell Reddy Express St Helens Park,St Helens Park,P98,222.9
Shell Reddy Express St Helens Park,St Helens Park,U91,195.9
Shell Reddy Express Stanmore,Stanmore,DL,240.9
Shell Reddy Express Stanmore,Stanmore,E10,193.9
Shell Reddy Express Stanmore,Stanmore,P95,213.4
Shell Reddy Express Stanmore,Stanmore,P98,222.9
Shell Reddy Express Stanmore,Stanmore,U91,195.9
Shell Reddy Express Sutton Forest,Sutton Forest,DL,241.9
Shell Reddy Express Sutton Forest,Sutton Forest,E10,197.9
Shell Reddy Express Sutton Forest,Sutton Forest,P98,226.9
Shell Reddy Express Sutton Forest,Sutton Forest,U91,199.9
Shell Reddy Express Tamworth,Tamworth,DL,241.9
Shell Reddy Express Tamworth,Tamworth,P95,221.4
Shell Reddy Express Tamworth,Tamworth,P98,230.9
Shell Reddy Express Tamworth,Tamworth,U91,203.9
Shell Reddy Express Tamworth West,Tamworth West,DL,241.9
Shell Reddy Express Tamworth West,Tamworth West,E10,201.9
Shell Reddy Express Tamworth West,Tamworth West,P95,221.4
Shell Reddy Express Tamworth West,Tamworth West,P98,230.9
Shell Reddy Express Tamworth West,Tamworth West,U91,203.9
Shell Reddy Express Taree,Taree,DL,241.9
Shell Reddy Express Taree,Taree,E10,201.9
Shell Reddy Express Taree,Taree,P95,221.4
Shell Reddy Express Taree,Taree,P98,230.9
Shell Reddy Express Taree,Taree,U91,203.9
Shell Reddy Express Thornleigh,Thornleigh,DL,240.9
Shell Reddy Express Thornleigh,Thornleigh,E10,187.9
Shell Reddy Express Thornleigh,Thornleigh,P95,207.4
Shell Reddy Express Thornleigh,Thornleigh,P98,216.9
Shell Reddy Express Thornleigh,Thornleigh,U91,189.9
Shell Reddy Express Toronto,Toronto,DL,238.9
Shell Reddy Express Toronto,Toronto,E10,195.9
Shell Reddy Express Toronto,Toronto,P95,213.4
Shell Reddy Express Toronto,Toronto,P98,222.9
Shell Reddy Express Tuggeranong,Greenway,DL,243.9
Shell Reddy Express Tuggeranong,Greenway,E10,201.9
Shell Reddy Express Tuggeranong,Greenway,P95,221.4
Shell Reddy Express Tuggeranong,Greenway,P98,230.9
Shell Reddy Express Tuggeranong,Greenway,U91,203.9
Shell Reddy Express Tweed Heads,Tweed Heads,DL,238.9
Shell Reddy Express Tweed Heads,Tweed Heads,E10,190.9
Shell Reddy Express Tweed Heads,Tweed Heads,P98,219.9
Shell Reddy Express Tweed Heads,Tweed Heads,U91,192.9
Shell Reddy Express Tweed Heads South,Tweed Heads South,DL,241.9
Shell Reddy Express Tweed Heads South,Tweed Heads South,E10,195.9
Shell Reddy Express Tweed Heads South,Tweed Heads South,P95,215.4
Shell Reddy Express Tweed Heads South,Tweed Heads South,P98,224.9
Shell Reddy Express Tweed Heads South,Tweed Heads South,U91,197.9
Shell Reddy Express Ultimo,ULTIMO,DL,240.9
Shell Reddy Express Ultimo,ULTIMO,E10,187.9
Shell Reddy Express Ultimo,ULTIMO,P95,205.4
Shell Reddy Express Ultimo,ULTIMO,P98,214.9
Shell Reddy Express Wahroonga,Wahroonga,DL,240.9
Shell Reddy Express Wahroonga,Wahroonga,E10,193.9
Shell Reddy Express Wahroonga,Wahroonga,P95,213.4
Shell Reddy Express Wahroonga,Wahroonga,P98,222.9
Shell Reddy Express Wahroonga,Wahroonga,U91,195.9
Shell Reddy Express Wallsend East,Wallsend,DL,238.9
Shell Reddy Express Wallsend East,Wallsend,E10,195.9
Shell Reddy Express Wallsend East,Wallsend,P98,224.9
Shell Reddy Express Wallsend East,Wallsend,U91,197.9
Shell Reddy Express Wallsend West,Wallsend,DL,238.9
Shell Reddy Express Wallsend West,Wallsend,E10,195.9
Shell Reddy Express Wallsend West,Wallsend,P98,224.9
Shell Reddy Express Wallsend West,Wallsend,U91,197.9
Shell Reddy Express Wanniassa,WANNIASSA,DL,243.9
Shell Reddy Express Wanniassa,WANNIASSA,P95,221.4
Shell Reddy Express Wanniassa,WANNIASSA,P98,230.9
Shell Reddy Express Wanniassa,WANNIASSA,U91,203.9
Shell Reddy Express Wauchope,Wauchope,DL,241.9
Shell Reddy Express Wauchope,Wauchope,P95,221.4
Shell Reddy Express Wauchope,Wauchope,P98,230.9
Shell Reddy Express Wauchope,Wauchope,U91,203.9
Shell Reddy Express West Dubbo,Dubbo,DL,241.9
Shell Reddy Express West Dubbo,Dubbo,E10,195.9
Shell Reddy Express West Dubbo,Dubbo,P98,224.9
Shell Reddy Express West Dubbo,Dubbo,U91,197.9
Shell Reddy Express West Ryde,West Ryde,E10,193.9
Shell Reddy Express West Ryde,West Ryde,P95,213.4
Shell Reddy Express West Ryde,West Ryde,P98,222.9
Shell Reddy Express West Ryde,West Ryde,U91,195.9
Shell Reddy Express Wetherill Park Elizabeth,Wetherill Park,DL,241.9
Shell Reddy Express Wetherill Park Elizabeth,Wetherill Park,E10,205.9
Shell Reddy Express Wetherill Park Elizabeth,Wetherill Park,P95,223.4
Shell Reddy Express Wetherill Park Elizabeth,Wetherill Park,P98,232.9
Shell Reddy Express Wollongong,Wollongong,DL,241.9
Shell Reddy Express Wollongong,Wollongong,E10,195.9
Shell Reddy Express Wollongong,Wollongong,P95,215.4
Shell Reddy Express Wollongong,Wollongong,P98,224.9
Shell Reddy Express Wollongong,Wollongong,U91,197.9
Shell Reddy Express Wollongong West,Wollongong West,DL,236.9
Shell Reddy Express Wollongong West,Wollongong West,E10,195.9
Shell Reddy Express Wollongong West,Wollongong West,P95,213.4
Shell Reddy Express Wollongong West,Wollongong West,P98,222.9
Shell Reddy Express Wyalong,Wyalong,DL,241.9
Shell Reddy Express Wyalong,Wyalong,E10,201.9
Shell Reddy Express Wyalong,Wyalong,P98,230.9
Shell Reddy Express Wyalong,Wyalong,U91,203.9
Shell Reddy Express Yagoona,Yagoona,DL,232.9
Shell Reddy Express Yagoona,Yagoona,E10,187.9
Shell Reddy Express Yagoona,Yagoona,P95,205.4
Shell Reddy Express Yagoona,Yagoona,P98,214.9
Shell Reddy Express Yallah,Yallah,DL,241.9
Shell Reddy Express Yallah,Yallah,E10,195.9
Shell Reddy Express Yallah,Yallah,P95,213.4
Shell Reddy Express Yallah,Yallah,P98,222.9
Shell Roadhouse Truck Stop,FREEMANS WATERHOLE,DL,235.9
Shell Roadhouse Truck Stop,FREEMANS WATERHOLE,E10,192.9
Shell Roadhouse Truck Stop,FREEMANS WATERHOLE,P98,217.9
Shell Roadhouse Truck Stop,FREEMANS WATERHOLE,U91,194.9
Shell Rylstone,Rylstone,DL,239.9
Shell Rylstone,Rylstone,P95,209.9
Shell Rylstone,Rylstone,P98,219.9
Shell Rylstone,Rylstone,U91,199.9
Shell Servo Gunnedah,GUNNEDAH,DL,229.5
Shell Servo Gunnedah,GUNNEDAH,E10,189.5
Shell Servo Gunnedah,GUNNEDAH,P95,208.5
Shell Servo Gunnedah,GUNNEDAH,P98,216.5
Shell Servo Gunnedah,GUNNEDAH,U91,193.5
Shell South Lismore,South Lismore,DL,243.9
Shell South Lismore,South Lismore,P98,224.9
Shell South Lismore,South Lismore,U91,202.9
Shell Southwest Rocks,SOUTH WEST ROCKS,DL,239.9
Shell Southwest Rocks,SOUTH WEST ROCKS,P98,214.9
Shell Southwest Rocks,SOUTH WEST ROCKS,U91,194.9
Shell Suffolk Park,Suffolk Park,DL,248.9
Shell Suffolk Park,Suffolk Park,P95,215.9
Shell Suffolk Park,Suffolk Park,P98,224.9
Shell Suffolk Park,Suffolk Park,U91,199.9
Shell Temora,TEMORA,P95,209.9
Shell Temora,TEMORA,P98,222.9
Shell Temora,TEMORA,U91,197.9
Shell Tolland,TOLLAND,P98,227.9
Shell Tolland,TOLLAND,U91,199.9
Shell Tooleybuc,TOOLEYBUC,DL,235.9
Shell Tooleybuc,TOOLEYBUC,P98,214.9
Shell Tooleybuc,TOOLEYBUC,U91,194.9
Shell Tyagarah,TYAGARAH,DL,245.9
Shell Tyagarah,TYAGARAH,P95,213.9
Shell Tyagarah,TYAGARAH,P98,223.9
Shell Tyagarah,TYAGARAH,U91,203.9
Shell Tyndale (24/7 unmanned fuel),TYNDALE,DL,234.9
Shell Tyndale (24/7 unmanned fuel),TYNDALE,P98,217.9
Shell Tyndale (24/7 unmanned fuel),TYNDALE,U91,195.9
Shell Urunga,Urunga,P95,217.9
Shell Urunga,Urunga,P98,227.9
Shell Urunga,Urunga,U91,202.9
Shell Wandandian,WANDANDIAN,E10,196.9
Shell Wandandian,WANDANDIAN,P95,216.9
Shell Wandandian,WANDANDIAN,P98,222.9
Shell Wandandian,WANDANDIAN,U91,198.9
Shell Wellington,Wellington,DL,245.9
Shell Wellington,Wellington,P95,211.9
Shell Wellington,Wellington,P98,221.9
Shell Wellington,Wellington,U91,201.9
Shell West Wyalong,West Wyalong,DL,239.9
Shell West Wyalong,West Wyalong,P98,219.9
Shell West Wyalong,West Wyalong,U91,199.9
Shell Wisemans Ferry,WISEMANS FERRY,DL,239.9
Shell Wisemans Ferry,WISEMANS FERRY,P98,224.9
Shell Wisemans Ferry,WISEMANS FERRY,U91,194.9
Shell Wollongbar,WOLLONGBAR,DL,248.9
Shell Wollongbar,WOLLONGBAR,P95,213.9
Shell Wollongbar,WOLLONGBAR,P98,223.9
Shell Wollongbar,WOLLONGBAR,U91,199.9
Shell Wyong,WYONG,DL,227.9
Shell Wyong,WYONG,P98,219.9
Shell Wyong,WYONG,U91,193.9
Shell Xroads Cranebrook,CRANEBROOK,E10,194.9
Shell Xroads Cranebrook,CRANEBROOK,P95,210.9
Shell Xroads Cranebrook,CRANEBROOK,P98,218.9
Shell Xroads Cranebrook,CRANEBROOK,U91,196.9
Shell Yagoona,Yagoona,DL,231.9
Shell Yagoona,Yagoona,E10,187.5
Shell Yagoona,Yagoona,P95,207.5
Shell Yagoona,Yagoona,P98,216.5
Shell Yagoona,Yagoona,U91,189.5
Shell Young Metro,YOUNG,E10,187.9
Shell Young Metro,YOUNG,P98,213.9
Shell Young Metro,YOUNG,U91,189.9
Shelly Beach Store,PORT MACQUARIE,DL,241.9
Shelly Beach Store,PORT MACQUARIE,P95,219.9
Shelly Beach Store,PORT MACQUARIE,U91,203.9
Silvalite Fuel Stop,Ashmont,DL,234.9
Silvalite Fuel Stop,Ashmont,E10,192.9
Silvalite Fuel Stop,Ashmont,P98,208.9
Silvalite Fuel Stop,Ashmont,U91,194.9
Snowy Valley Service Centre,EAST JINDABYNE,DL,246.9
Snowy Valley Service Centre,EAST JINDABYNE,P95,218.9
Snowy Valley Service Centre,EAST JINDABYNE,P98,226.9
Snowy Valley Service Centre,EAST JINDABYNE,U91,208.9
Solo Wagga Wagga,EAST WAGGA WAGGA,DL,226.5
Solo Wagga Wagga,EAST WAGGA WAGGA,E10,181.5
Solo Wagga Wagga,EAST WAGGA WAGGA,P98,206.5
Solo Wagga Wagga,EAST WAGGA WAGGA,U91,183.5
South Kempsey Local Servo,SOUTH KEMPSEY,DL,232.9
South Kempsey Local Servo,SOUTH KEMPSEY,P95,201.9
South Kempsey Local Servo,SOUTH KEMPSEY,U91,190.9
South Petrol,PORT KEMBLA,E10,184.5
South Petrol,PORT KEMBLA,P98,212.5
South Petrol,PORT KEMBLA,U91,186.5
South West Fuel - Ardlethan,Ardlethan,DL,240.9
South West Fuel - Ariah Park,ARIAH PARK,DL,240.9
South West Fuel - Ariah Park,ARIAH PARK,P95,217.9
South West Fuel - Ariah Park,ARIAH PARK,U91,203.9
South West Fuel - Barellan,Barellan,DL,240.9
South West Fuel - Barellan,Barellan,U91,203.9
South West Fuel - Barmedman,Barmedman,DL,240.9
South West Fuel - Boorowa,BOOROWA,DL,242.9
South West Fuel - Boorowa,BOOROWA,P98,224.9
South West Fuel - Boorowa,BOOROWA,U91,204.9
South West Fuel - Quandialla,Quandialla,DL,240.9
South West Fuel - Quandialla,Quandialla,U91,203.9
South West Fuel - Temora,Temora,DL,239.9
South West Fuel - Temora,Temora,P95,216.9
South West Fuel - Temora,Temora,P98,225.9
South West Fuel - Temora,Temora,U91,202.9
South West Fuel - Temora Depot,Temora,DL,239.9
South West Fuel - Temora Depot,Temora,P95,216.9
South West Fuel - Temora Depot,Temora,P98,225.9
South West Fuel - Temora Depot,Temora,U91,202.9
South West Fuel - Young,Young,DL,239.9
South West Fuel - Young,Young,P95,213.9
South West Fuel - Young,Young,P98,225.9
South West Fuel - Young,Young,U91,199.9
South West Fuel Cootamundra,COOTAMUNDRA,DL,235.9
South West Fuel Cootamundra,COOTAMUNDRA,P95,207.9
South West Fuel Cootamundra,COOTAMUNDRA,P98,212.9
South West Fuel Cootamundra,COOTAMUNDRA,U91,197.9
Speedway Arncliffe,Arncliffe,DL,229.9
Speedway Arncliffe,Arncliffe,E10,182.5
Speedway Arncliffe,Arncliffe,P98,208.5
Speedway Arncliffe,Arncliffe,U91,184.5
Speedway Auburn,Auburn,DL,229.5
Speedway Auburn,Auburn,E10,187.5
Speedway Auburn,Auburn,P98,209.5
Speedway Auburn,Auburn,U91,189.5
Speedway Auburn Road,AUBURN,DL,229.5
Speedway Auburn Road,AUBURN,E10,187.5
Speedway Auburn Road,AUBURN,P95,203.5
Speedway Auburn Road,AUBURN,P98,209.5
Speedway Auburn Road,AUBURN,U91,189.5
Speedway Bankstown,BANKSTOWN,DL,221.5
Speedway Bankstown,BANKSTOWN,E10,183.5
Speedway Bankstown,BANKSTOWN,P98,205.5
Speedway Bankstown,BANKSTOWN,U91,185.5
Speedway Bass Hill,Bass Hill,DL,219.9
Speedway Bass Hill,Bass Hill,E10,183.9
Speedway Bass Hill,Bass Hill,P98,207.9
Speedway Bass Hill,Bass Hill,U91,185.9
Speedway Blacktown,Blacktown,DL,235.7
Speedway Blacktown,Blacktown,E10,186.7
Speedway Blacktown,Blacktown,P98,215.7
Speedway Blacktown,Blacktown,U91,188.7
Speedway Cabramatta,CABRAMATTA WEST,DL,227.5
Speedway Cabramatta,CABRAMATTA WEST,E10,187.5
Speedway Cabramatta,CABRAMATTA WEST,P98,209.5
Speedway Cabramatta,CABRAMATTA WEST,U91,189.5
Speedway Cammeray,CAMMERAY,DL,238.9
Speedway Cammeray,CAMMERAY,P98,219.9
Speedway Cammeray,CAMMERAY,U91,192.9
Speedway Caringbah,Caringbah,E10,186.5
Speedway Caringbah,Caringbah,P98,210.5
Speedway Caringbah,Caringbah,U91,188.5
Speedway Carss Park,CARSS PARK,DL,229.5
Speedway Carss Park,CARSS PARK,E10,189.5
Speedway Carss Park,CARSS PARK,P98,213.5
Speedway Carss Park,CARSS PARK,U91,191.5
Speedway Casula,CASULA,DL,227.9
Speedway Casula,CASULA,E10,187.9
Speedway Casula,CASULA,P98,209.9
Speedway Casula,CASULA,U91,189.9
Speedway Court Road,FAIRFIELD,DL,219.5
Speedway Court Road,FAIRFIELD,E10,187.5
Speedway Court Road,FAIRFIELD,P98,199.5
Speedway Court Road,FAIRFIELD,U91,189.5
Speedway Earlwood,Earlwood,DL,227.8
Speedway Earlwood,Earlwood,E10,182.8
Speedway Earlwood,Earlwood,P95,202.8
Speedway Earlwood,Earlwood,P98,209.8
Speedway Earlwood,Earlwood,U91,182.8
Speedway Fairfield,Fairfield,DL,219.5
Speedway Fairfield,Fairfield,E10,177.5
Speedway Fairfield,Fairfield,P98,199.5
Speedway Fairfield,Fairfield,U91,179.5
Speedway Granville,Granville,DL,229.5
Speedway Granville,Granville,E10,187.5
Speedway Granville,Granville,P98,209.5
Speedway Granville,Granville,U91,189.5
Speedway Green Valley,Green Valley,DL,227.5
Speedway Green Valley,Green Valley,E10,187.5
Speedway Green Valley,Green Valley,P98,210.5
Speedway Green Valley,Green Valley,U91,189.5
Speedway GroseVale,GROSE VALE,DL,234.9
Speedway GroseVale,GROSE VALE,E10,187.9
Speedway GroseVale,GROSE VALE,P98,215.9
Speedway GroseVale,GROSE VALE,U91,189.9
Speedway Haberfield,Haberfield,DL,227.5
Speedway Haberfield,Haberfield,E10,187.5
Speedway Haberfield,Haberfield,P98,213.5
Speedway Haberfield,Haberfield,U91,189.5
Speedway Horsley Drive,SMITHFIELD,DL,229.5
Speedway Horsley Drive,SMITHFIELD,E10,187.5
Speedway Horsley Drive,SMITHFIELD,P98,209.5
Speedway Horsley Drive,SMITHFIELD,U91,189.5
Speedway Ingleburn,Ingleburn,DL,232.5
Speedway Ingleburn,Ingleburn,E10,189.5
Speedway Ingleburn,Ingleburn,P98,213.5
Speedway Ingleburn,Ingleburn,U91,191.5
Speedway Kent Road,NORTH RYDE,DL,231.5
Speedway Kent Road,NORTH RYDE,E10,187.5
Speedway Kent Road,NORTH RYDE,P98,213.5
Speedway Kent Road,NORTH RYDE,U91,189.5
Speedway Kings Langley,Kings Langley,DL,235.9
Speedway Kings Langley,Kings Langley,E10,189.9
Speedway Kings Langley,Kings Langley,P95,205.9
Speedway Kings Langley,Kings Langley,P98,214.9
Speedway Kings Langley,Kings Langley,U91,191.9
Speedway Liverpool,LIVERPOOL,DL,219.9
Speedway Liverpool,LIVERPOOL,E10,183.9
Speedway Liverpool,LIVERPOOL,P98,207.9
Speedway Liverpool,LIVERPOOL,U91,185.9
Speedway Meadows,Mount Pritchard,DL,227.5
Speedway Meadows,Mount Pritchard,E10,187.5
Speedway Meadows,Mount Pritchard,P98,209.5
Speedway Meadows,Mount Pritchard,U91,189.5
Speedway Miranda,Miranda,E10,186.9
Speedway Miranda,Miranda,P98,212.9
Speedway Miranda,Miranda,U91,188.9
Speedway Mt Pritchard,MOUNT PRITCHARD,DL,227.5
Speedway Mt Pritchard,MOUNT PRITCHARD,E10,187.5
Speedway Mt Pritchard,MOUNT PRITCHARD,P95,203.5
Speedway Mt Pritchard,MOUNT PRITCHARD,P98,209.5
Speedway Mt Pritchard,MOUNT PRITCHARD,U91,189.5
Speedway North St Marys,North St Marys,DL,229.5
Speedway North St Marys,North St Marys,E10,187.5
Speedway North St Marys,North St Marys,P98,209.5
Speedway North St Marys,North St Marys,U91,189.5
Speedway Park Road,REGENTS PARK,DL,229.5
Speedway Park Road,REGENTS PARK,E10,187.5
Speedway Park Road,REGENTS PARK,P98,209.5
Speedway Park Road,REGENTS PARK,U91,189.5
Speedway Regents Park,Regents Park,DL,227.9
Speedway Regents Park,Regents Park,E10,187.5
Speedway Regents Park,Regents Park,P98,209.5
Speedway Regents Park,Regents Park,U91,189.5
Speedway Rockdale,Rockdale,DL,229.9
Speedway Rockdale,Rockdale,E10,189.9
Speedway Rockdale,Rockdale,P98,213.9
Speedway Rockdale,Rockdale,U91,191.9
Speedway Roselands,Roselands,DL,224.7
Speedway Roselands,Roselands,E10,183.7
Speedway Roselands,Roselands,P98,210.7
Speedway Roselands,Roselands,U91,185.7
Speedway Roseville,ROSEVILLE,E10,184.5
Speedway Roseville,ROSEVILLE,P98,210.5
Speedway Roseville,ROSEVILLE,U91,186.5
Speedway Smithfield,SMITHFIELD,DL,217.5
Speedway Smithfield,SMITHFIELD,E10,187.5
Speedway Smithfield,SMITHFIELD,P98,209.5
Speedway Smithfield,SMITHFIELD,U91,189.5
Speedway South Granville,SOUTH GRANVILLE,DL,228.5
Speedway South Granville,SOUTH GRANVILLE,E10,187.5
Speedway South Granville,SOUTH GRANVILLE,P98,210.5
Speedway South Granville,SOUTH GRANVILLE,U91,189.5
Speedway Sunnyholt,Blacktown,DL,236.9
Speedway Sunnyholt,Blacktown,E10,186.9
Speedway Sunnyholt,Blacktown,P98,215.9
Speedway Sunnyholt,Blacktown,U91,188.9
Speedway Villawood,Villawood,DL,219.9
Speedway Villawood,Villawood,E10,189.9
Speedway Villawood,Villawood,P98,213.9
Speedway Villawood,Villawood,U91,191.9
Speedway Warabrook,Warabrook,DL,235.5
Speedway Warabrook,Warabrook,E10,189.5
Speedway Warabrook,Warabrook,P98,211.5
Speedway Warabrook,Warabrook,U91,191.5
Speedway Wenty,WENTWORTHVILLE,DL,229.5
Speedway Wenty,WENTWORTHVILLE,E10,187.5
Speedway Wenty,WENTWORTHVILLE,P98,209.5
Speedway Wenty,WENTWORTHVILLE,U91,189.5
Speedway West Ryde,West Ryde,DL,235.7
Speedway West Ryde,West Ryde,E10,189.7
Speedway West Ryde,West Ryde,P98,213.7
Speedway West Ryde,West Ryde,U91,191.7
Speedway Westmead,Westmead,DL,229.5
Speedway Westmead,Westmead,E10,187.5
Speedway Westmead,Westmead,P98,209.5
Speedway Westmead,Westmead,U91,189.5
Speedway William Street,GRANVILLE,DL,229.5
Speedway William Street,GRANVILLE,E10,187.5
Speedway William Street,GRANVILLE,P98,209.5
Speedway William Street,GRANVILLE,U91,189.5
Speedway Woodpark,WOODPARK,DL,229.9
Speedway Woodpark,WOODPARK,E10,183.9
Speedway Woodpark,WOODPARK,P98,215.9
Speedway Woodpark,WOODPARK,U91,185.9
Starlite Power Petroleum,WYEE,DL,232.5
Starlite Power Petroleum,WYEE,P95,203.5
Starlite Power Petroleum,WYEE,P98,213.5
Starlite Power Petroleum,WYEE,U91,193.5
Stewarts Garage,DELEGATE,DL,196.8
Stewarts Garage,DELEGATE,P98,229.5
Stewarts Garage,DELEGATE,U91,192.8
Stuarts Point Cafe & Takeaway,STUARTS POINT,DL,246.9
Stuarts Point Cafe & Takeaway,STUARTS POINT,P95,214.9
Stuarts Point Cafe & Takeaway,STUARTS POINT,U91,204.9
Summers Oxley Vale Takeaway & Superette,OXLEY VALE,DL,226
Summers Oxley Vale Takeaway & Superette,OXLEY VALE,U91,199
Sunraysia Petroleum Pooncarie,POONCARIE,DL,234.9
Sunraysia Petroleum Pooncarie,POONCARIE,P98,213.9
Sunraysia Petroleum Pooncarie,POONCARIE,U91,193.9
Sunset Petroleum,WINDANG,DL,227.9
Sunset Petroleum,WINDANG,E10,184.9
Sunset Petroleum,WINDANG,P98,209.9
Supreme Petroleum Guildford,GUILDFORD,E10,187.5
Supreme Petroleum Guildford,GUILDFORD,P95,199.5
Supreme Petroleum Guildford,GUILDFORD,P98,209.5
Supreme Petroleum Guildford,GUILDFORD,U91,189.5
Supreme Petroleum Wingham,WINGHAM,E10,185.9
Supreme Petroleum Wingham,WINGHAM,P98,212.9
Supreme Petroleum Wingham,WINGHAM,U91,187.9
Sussex Inlet Service Station,SUSSEX INLET,DL,236.9
Sussex Inlet Service Station,SUSSEX INLET,E10,193.9
Sussex Inlet Service Station,SUSSEX INLET,P98,222.9
Sussex Inlet Service Station,SUSSEX INLET,U91,196.9
TANILBA BAY SERVO,TANILBA BAY,DL,229.5
TANILBA BAY SERVO,TANILBA BAY,E10,189.5
TANILBA BAY SERVO,TANILBA BAY,P98,212.5
TANILBA BAY SERVO,TANILBA BAY,U91,191.5
TASCO Albury North St,Albury,DL,237.9
TASCO Albury North St,Albury,P98,217.9
TASCO Albury North St,Albury,U91,194.9
TASCO Balranald Market St,Balranald,DL,242.9
TASCO Balranald Market St,Balranald,P98,223.9
TASCO Balranald Market St,Balranald,U91,200.9
TASCO Broken Hill Kanandah Rd,Broken Hill,DL,241.9
TASCO Corowa Cemetery Rd,Corowa,DL,239.9
TASCO Hay Sturt Hwy,HAY SOUTH,DL,238.9
TASCO Hay Sturt Hwy,HAY SOUTH,P95,213.9
TASCO Hay Sturt Hwy,HAY SOUTH,P98,219.9
TASCO Hay Sturt Hwy,HAY SOUTH,U91,196.9
TASCO Leeton Pine Ave,Leeton,DL,239.9
TASCO Leeton Pine Ave,Leeton,P98,218.9
TASCO Leeton Pine Ave,Leeton,U91,195.9
TASCO Leeton Vance Rd,LEETON,DL,239.9
TASCO Narrandera,GILLENBAH,DL,236.9
TASCO Narrandera,GILLENBAH,P95,214.9
TASCO Narrandera,GILLENBAH,P98,220.9
TASCO Narrandera,GILLENBAH,U91,197.9
TASCO Tarcutta Hume Hwy,TARCUTTA,DL,239.9
TASCO Tarcutta Hume Hwy,TARCUTTA,P98,220.9
TASCO Tarcutta Hume Hwy,TARCUTTA,U91,197.9
TASCO Trentham Cliffs,TRENTHAM CLIFFS,DL,229.9
TASCO Trentham Cliffs,TRENTHAM CLIFFS,P95,209.9
TASCO Trentham Cliffs,TRENTHAM CLIFFS,P98,215.9
TASCO Trentham Cliffs,TRENTHAM CLIFFS,U91,192.9
TASCO Tumut Adelong Rd,Tumut,DL,239.9
TASCO Tumut Adelong Rd,Tumut,P98,222.9
TASCO Tumut Adelong Rd,Tumut,U91,199.9
TASCO Wagga Fernleigh Rd,Wagga Wagga,P98,218.9
TASCO Wagga Fernleigh Rd,Wagga Wagga,U91,195.9
TASCO Wagga Hammond Ave,Wagga Wagga,DL,237.9
TASCO Wagga Hammond Ave,Wagga Wagga,P98,218.9
TASCO Wagga Hammond Ave,Wagga Wagga,U91,195.9
TASCO Wentworth,WENTWORTH,DL,238.9
TASCO Wentworth,WENTWORTH,P98,220.9
TASCO Wentworth,WENTWORTH,U91,197.9
TELARAH FUELS,TELARAH,DL,229.9
TELARAH FUELS,TELARAH,P95,212.3
TELARAH FUELS,TELARAH,U91,189.9
TEMCO Petroleum,GREENACRE,DL,219.7
TEMCO Petroleum,GREENACRE,P98,204.7
TEMCO Petroleum,GREENACRE,U91,194.7
Tabourie Tuckerbox,LAKE TABOURIE,DL,233.9
Tabourie Tuckerbox,LAKE TABOURIE,E10,196.9
Tabourie Tuckerbox,LAKE TABOURIE,P98,221.9
Tabourie Tuckerbox,LAKE TABOURIE,U91,199.9
Tabulam Rural Agents,TABULAM,DL,242.5
Tabulam Rural Agents,TABULAM,U91,199.9
Tamarang Service Centre,Quirindi,P98,214.9
Tamarang Service Centre,Quirindi,U91,195.9
Tambar Springs General Store,TAMBAR SPRINGS,DL,221.9
Tambar Springs General Store,TAMBAR SPRINGS,U91,219.9
Tanwar Petroleum,Lewisham,DL,227.6
Tanwar Petroleum,Lewisham,E10,183.6
Tanwar Petroleum,Lewisham,P95,204.6
Tanwar Petroleum,Lewisham,P98,210.6
Tanwar Petroleum,Lewisham,U91,185.6
Tasco Berrigan Chanter street,BERRIGAN,DL,237.9
Tasco Berrigan Chanter street,BERRIGAN,P98,218.9
Tasco Berrigan Chanter street,BERRIGAN,U91,195.9
Tasco Bunnaloo,Bunnaloo,DL,239.9
Tasco Bunnaloo,Bunnaloo,U91,196.9
Tasco Deniliquin Ochtertyre St,DENILIQUIN,DL,236.9
Taylors Corner,MURWILLUMBAH,DL,231
Taylors Corner,MURWILLUMBAH,U91,191
Tea Tree Roadhouse,SOUTH PAMBULA,DL,245.9
Tea Tree Roadhouse,SOUTH PAMBULA,P98,229.9
Tea Tree Roadhouse,SOUTH PAMBULA,U91,202.9
The Channon General Store,THE CHANNON,DL,246.9
The Channon General Store,THE CHANNON,U91,204.9
The Gerogery Store,GEROGERY,DL,230
The Gerogery Store,GEROGERY,U91,202
The Little General Newrybar,NEWRYBAR,DL,255.5
The Little General Newrybar,NEWRYBAR,U91,216
The Major General Store,COOLABAH,DL,239.9
The Major General Store,COOLABAH,P95,206
The Major General Store,COOLABAH,U91,199
The Rock Roadhouse,NORTH ARM COVE,E10,198.5
The Rock Roadhouse,NORTH ARM COVE,P98,219.5
The Rock Roadhouse,NORTH ARM COVE,U91,199.5
The Servo Yamba,YAMBA,DL,231.9
The Servo Yamba,YAMBA,P95,216.9
The Servo Yamba,YAMBA,U91,196.9
The Wooli store,WOOLI,DL,259.9
The Wooli store,WOOLI,P95,229.9
The Wooli store,WOOLI,U91,209.9
Thirlmere Fuel & Snack,THIRLMERE,DL,234.8
Thirlmere Fuel & Snack,THIRLMERE,P95,209.6
Thirlmere Fuel & Snack,THIRLMERE,U91,193.7
Thora Store,THORA,DL,248.9
Thora Store,THORA,P95,231.9
Thora Store,THORA,U91,222.9
Thredbo Service Station,THREDBO,DL,277.9
Thredbo Service Station,THREDBO,P98,287.9
Thredbo Service Station,THREDBO,U91,287
Tibooburra Food & Fuel,TIBOOBURRA,DL,248.9
Tibooburra Food & Fuel,TIBOOBURRA,P95,224.9
Tinonee General Store,TINONEE,DL,241.5
Tinonee General Store,TINONEE,U91,195.5
Tito's Fuel Station Restaurant and Coffee House,BOURKE,DL,254.9
Tito's Fuel Station Restaurant and Coffee House,BOURKE,U91,208.9
Tom Thumb Service Station,Wollongong,P95,209.9
Tom Thumb Service Station,Wollongong,P98,219.9
Tom Thumb Service Station,Wollongong,U91,199.9
Toowoon Bay Service Station,TOOWOON BAY,DL,229.9
Toowoon Bay Service Station,TOOWOON BAY,P95,199.9
Tottenham Rural Trading Pty Ltd,TOTTENHAM,DL,253.9
Tottenham Rural Trading Pty Ltd,TOTTENHAM,P95,225.9
Townsend General Store,TOWNSEND,DL,239.9
Townsend General Store,TOWNSEND,P98,219.9
Townsend General Store,TOWNSEND,U91,199.9
Trangie Inland Petroleum,TRANGIE,DL,249.9
Trangie Inland Petroleum,TRANGIE,P95,220.9
Trangie Inland Petroleum,TRANGIE,U91,204.9
Transwest Fed Park,TAMINDA,DL,238.9
Transwest Fed Park,TAMINDA,E10,196.9
Transwest Fed Park,TAMINDA,P95,209.9
Transwest Fed Park,TAMINDA,U91,199.9
Transwest Fuels,KOOTINGAL,DL,239.9
Transwest Fuels,KOOTINGAL,P95,219.9
Transwest Fuels,KOOTINGAL,U91,209.9
Transwest Fuels,MANILLA,DL,239.9
Transwest Fuels,MANILLA,P95,219.9
Transwest Fuels,MANILLA,U91,209.9
Transwest Fuels,WALCHA,DL,239.9
Transwest Fuels,WALCHA,P95,221.9
Transwest Fuels,WALCHA,P98,229.9
Transwest Fuels,WALCHA,U91,209.9
Transwest Fuels - CBD,TAMWORTH,DL,239.9
Transwest Fuels - CBD,TAMWORTH,P95,219.9
Transwest Fuels - CBD,TAMWORTH,P98,229.9
Transwest Fuels - CBD,TAMWORTH,U91,209.9
Transwest Mungindi,MUNGINDI,DL,249.9
Transwest Mungindi,MUNGINDI,U91,209.9
Trundle Fuel,TRUNDLE,DL,245.9
Trundle Fuel,TRUNDLE,P95,229.9
Trundle Fuel,TRUNDLE,U91,211.9
Tucabia village store,TUCABIA,DL,249.9
Tucabia village store,TUCABIA,P98,219.9
Tucabia village store,TUCABIA,U91,199.9
Tumut Fuels,TUMUT,DL,240.9
U-Go Baulkham Hills (Unmanned),BAULKHAM HILLS,E10,188.9
U-Go Baulkham Hills (Unmanned),BAULKHAM HILLS,P95,205.9
U-Go Baulkham Hills (Unmanned),BAULKHAM HILLS,P98,214.9
U-Go Baulkham Hills (Unmanned),BAULKHAM HILLS,U91,190.9
U-Go Canley Heights (Un-manned),CANLEY HEIGHTS,E10,179.9
U-Go Canley Heights (Un-manned),CANLEY HEIGHTS,P95,199.9
U-Go Canley Heights (Un-manned),CANLEY HEIGHTS,P98,201.9
U-Go Carlingford Court (Self- serve),CARLINGFORD,P98,208.5
U-Go Carlingford Court (Self- serve),CARLINGFORD,U91,186.5
U-Go East Maitland (Un-manned),EAST MAITLAND,P95,206.9
U-Go East Maitland (Un-manned),EAST MAITLAND,U91,184.5
U-Go Lake Munmorah (self-serve),LAKE MUNMORAH,P95,215.4
U-Go Lake Munmorah (self-serve),LAKE MUNMORAH,P98,216.4
U-Go Lake Munmorah (self-serve),LAKE MUNMORAH,U91,191.5
U-Go Moorebank Bridges Rd (Self- Serve),MOOREBANK,E10,182.9
U-Go Moorebank Bridges Rd (Self- Serve),MOOREBANK,P95,199.9
U-Go Moorebank Bridges Rd (Self- Serve),MOOREBANK,P98,207.9
U-Go Moorebank Bridges Rd (Self- Serve),MOOREBANK,U91,184.9
U-Go Mount Colah,MOUNT COLAH,P95,207.4
U-Go Mount Colah,MOUNT COLAH,U91,185.9
U-Go Raymond Terrace (Unmanned),RAYMOND TERRACE,E10,185.9
U-Go Raymond Terrace (Unmanned),RAYMOND TERRACE,P95,199.9
U-Go Raymond Terrace (Unmanned),RAYMOND TERRACE,P98,209.9
U-Go Rozelle (Self - Serve),ROZELLE,E10,179.7
U-Go Rozelle (Self - Serve),ROZELLE,P95,199.9
U-Go Rozelle (Self - Serve),ROZELLE,P98,208.5
U-Go Rozelle (Self - Serve),ROZELLE,U91,182.7
U-Go Taren Point,TAREN POINT,P98,210.9
U-Go Taren Point,TAREN POINT,U91,188.5
U-Go Yamba (Self- serve),YAMBA,P98,203.5
U-Go Yamba (Self- serve),YAMBA,U91,185.9
Ulmarra Liberty Post Office,ULMARRA,DL,234.9
Ulmarra Liberty Post Office,ULMARRA,P98,216.9
Ulmarra Liberty Post Office,ULMARRA,U91,194.9
Ultra Boolaroo,Boolaroo,E10,187.9
Ultra Boolaroo,Boolaroo,P98,207.9
Ultra Boolaroo,Boolaroo,U91,194.9
Ultra Canowindra,CANOWINDRA,DL,231.9
Ultra Canowindra,CANOWINDRA,E10,191.9
Ultra Canowindra,CANOWINDRA,P98,215.9
Ultra Canowindra,CANOWINDRA,U91,193.9
Ultra Edgeworth,EDGEWORTH,E10,187.7
Ultra Edgeworth,EDGEWORTH,P98,209.7
Ultra Edgeworth,EDGEWORTH,U91,189.7
Ultra Gilgandra,GILGANDRA,DL,233.9
Ultra Gilgandra,GILGANDRA,E10,195.9
Ultra Gilgandra,GILGANDRA,P98,223.9
Ultra Gilgandra,GILGANDRA,U91,196.9
Ultra Harden,HARDEN,DL,222.9
Ultra Harden,HARDEN,E10,185.9
Ultra Harden,HARDEN,P98,207.9
Ultra Harden,HARDEN,U91,187.9
Ultra Kandos,KANDOS,DL,237.9
Ultra Kandos,KANDOS,P95,207.9
Ultra Kandos,KANDOS,P98,217.9
Ultra Kandos,KANDOS,U91,197.9
Ultra Manly,Manly,DL,237.9
Ultra Manly,Manly,E10,189.9
Ultra Manly,Manly,P98,215.9
Ultra Manly,Manly,U91,191.9
Ultra Mogo,MOGO,DL,229.9
Ultra Mogo,MOGO,E10,185.9
Ultra Mogo,MOGO,P98,213.9
Ultra Mogo,MOGO,U91,189.9
Ultra Oberon,OBERON,DL,227.9
Ultra Oberon,OBERON,E10,181.9
Ultra Oberon,OBERON,P95,203.9
Ultra Oberon,OBERON,P98,209.9
Ultra Oberon,OBERON,U91,183.9
Ultra Randwick,RANDWICK,DL,236.9
Ultra Randwick,RANDWICK,E10,189.9
Ultra Randwick,RANDWICK,P98,215.9
Ultra Randwick,RANDWICK,U91,191.9
Ultra St George's Basin,ST GEORGES BASIN,DL,237.9
Ultra St George's Basin,ST GEORGES BASIN,P95,209.9
Ultra St George's Basin,ST GEORGES BASIN,P98,218.9
Ultra St George's Basin,ST GEORGES BASIN,U91,193.9
Ultra Tuross Head,TUROSS HEAD,DL,229.9
Ultra Tuross Head,TUROSS HEAD,P95,205.9
Ultra Tuross Head,TUROSS HEAD,P98,213.9
Ultra Tuross Head,TUROSS HEAD,U91,189.9
Uncle Clarries,Ravenswood,DL,249.9
Uncle Clarries,Ravenswood,P95,218.9
Uncle Clarries,Ravenswood,P98,227.9
Uncle Clarries,Ravenswood,U91,208.9
Ungarie Pines Motel and Service Station,UNGARIE,DL,242.9
Ungarie Pines Motel and Service Station,UNGARIE,U91,202.9
United Amaroo,Amaroo,DL,242.9
United Amaroo,Amaroo,E10,201.9
United Amaroo,Amaroo,P98,227.9
United Amaroo,Amaroo,U91,203.9
United Bulahdelah,BULAHDELAH,DL,229.5
United Bulahdelah,BULAHDELAH,P98,207.5
United Bulahdelah,BULAHDELAH,U91,184.5
United Casula,CASULA,DL,219.9
United Casula,CASULA,P98,208.9
United Casula,CASULA,U91,185.9
United Glen Innes,Glen Innes,DL,221.5
United Glen Innes,Glen Innes,E10,179.5
United Glen Innes,Glen Innes,P95,195.5
United Glen Innes,Glen Innes,P98,204.5
United Glen Innes,Glen Innes,U91,181.5
United Kambah,Kambah,DL,242.9
United Kambah,Kambah,E10,201.9
United Kambah,Kambah,P95,219.9
United Kambah,Kambah,P98,227.9
United Kambah,Kambah,U91,203.9
United Mayfield South,MAYFIELD,DL,235.5
United Mayfield South,MAYFIELD,E10,189.5
United Mayfield South,MAYFIELD,P95,205.5
United Mayfield South,MAYFIELD,P98,214.5
United Mayfield South,MAYFIELD,U91,191.5
United New Berrima,NEW BERRIMA,DL,239.5
United New Berrima,NEW BERRIMA,P95,213.5
United New Berrima,NEW BERRIMA,P98,222.5
United New Berrima,NEW BERRIMA,U91,199.5
United Petroleum Budgewoi,Budgewoi,DL,237.9
United Petroleum Budgewoi,Budgewoi,E10,195.9
United Petroleum Budgewoi,Budgewoi,P98,220.9
United Petroleum Budgewoi,Budgewoi,U91,197.9
United Petroleum Casino,Casino,DL,243.9
United Petroleum Casino,Casino,E10,195.9
United Petroleum Casino,Casino,P98,220.9
United Petroleum Casino,Casino,U91,197.9
United Petroleum Coffs Central,Coffs Central,DL,241.5
United Petroleum Coffs Central,Coffs Central,E10,197.9
United Petroleum Coffs Central,Coffs Central,P98,222.9
United Petroleum Coffs Central,Coffs Central,U91,199.9
United Petroleum Coffs Harbour,Coffs Harbour,DL,241.5
United Petroleum Coffs Harbour,Coffs Harbour,E10,197.9
United Petroleum Coffs Harbour,Coffs Harbour,P98,222.9
United Petroleum Coffs Harbour,Coffs Harbour,U91,199.9
United Petroleum Cowra,Cowra,DL,235.5
United Petroleum Cowra,Cowra,E10,197.5
United Petroleum Cowra,Cowra,P95,213.5
United Petroleum Cowra,Cowra,P98,222.5
United Petroleum Cowra,Cowra,U91,199.5
United Petroleum Dee Why,Dee Why,DL,238.9
United Petroleum Dee Why,Dee Why,E10,183.9
United Petroleum Dee Why,Dee Why,P95,199.9
United Petroleum Dee Why,Dee Why,P98,208.9
United Petroleum Dee Why,Dee Why,U91,185.9
United Petroleum Dee Why Pittwater,DEE WHY,DL,238.9
United Petroleum Dee Why Pittwater,DEE WHY,E10,183.9
United Petroleum Dee Why Pittwater,DEE WHY,P98,208.9
United Petroleum Dee Why Pittwater,DEE WHY,U91,185.9
United Petroleum Dorrigo,Dorrigo,DL,241.5
United Petroleum Dorrigo,Dorrigo,E10,197.9
United Petroleum Dorrigo,Dorrigo,P95,213.9
United Petroleum Dorrigo,Dorrigo,P98,222.9
United Petroleum Dorrigo,Dorrigo,U91,199.9
United Petroleum Dubbo,Dubbo,DL,241.5
United Petroleum Dubbo,Dubbo,E10,195.5
United Petroleum Dubbo,Dubbo,P98,220.5
United Petroleum Dubbo,Dubbo,U91,197.5
United Petroleum East Blaxland,East Blaxland,DL,239.9
United Petroleum East Blaxland,East Blaxland,E10,194.9
United Petroleum East Blaxland,East Blaxland,P98,219.9
United Petroleum East Blaxland,East Blaxland,U91,196.9
United Petroleum East Maitland,East Maitland,DL,227.9
United Petroleum East Maitland,East Maitland,E10,182.5
United Petroleum East Maitland,East Maitland,P98,207.5
United Petroleum East Maitland,East Maitland,U91,184.5
United Petroleum Empire Bay,Empire Bay,DL,234.9
United Petroleum Empire Bay,Empire Bay,E10,189.9
United Petroleum Empire Bay,Empire Bay,P98,214.9
United Petroleum Empire Bay,Empire Bay,U91,191.9
United Petroleum Freemans Waterhole,Freemans Waterhole,DL,234.9
United Petroleum Freemans Waterhole,Freemans Waterhole,E10,189.9
United Petroleum Freemans Waterhole,Freemans Waterhole,P95,205.9
United Petroleum Freemans Waterhole,Freemans Waterhole,P98,214.9
United Petroleum Freemans Waterhole,Freemans Waterhole,U91,191.9
United Petroleum Grafton South,GRAFTON SOUTH,DL,236.7
United Petroleum Grafton South,GRAFTON SOUTH,E10,194.7
United Petroleum Grafton South,GRAFTON SOUTH,P98,219.7
United Petroleum Grafton South,GRAFTON SOUTH,U91,196.7
United Petroleum Junee,JUNEE,DL,229.9
United Petroleum Junee,JUNEE,E10,183.9
United Petroleum Junee,JUNEE,P95,199.9
United Petroleum Junee,JUNEE,P98,208.9
United Petroleum Junee,JUNEE,U91,185.9
United Petroleum Kemps Creek,Kemps Creek,DL,235.7
United Petroleum Kemps Creek,Kemps Creek,E10,189.7
United Petroleum Kemps Creek,Kemps Creek,P98,215.7
United Petroleum Kemps Creek,Kemps Creek,U91,191.7
United Petroleum Kempsey,Kempsey,DL,232.9
United Petroleum Kempsey,Kempsey,E10,187.9
United Petroleum Kempsey,Kempsey,P95,203.9
United Petroleum Kempsey,Kempsey,P98,212.9
United Petroleum Kempsey,Kempsey,U91,189.9
United Petroleum Leeton,Leeton,DL,239.9
United Petroleum Leeton,Leeton,E10,193.9
United Petroleum Leeton,Leeton,P95,209.9
United Petroleum Leeton,Leeton,P98,218.9
United Petroleum Leeton,Leeton,U91,195.9
United Petroleum Lethbridge Park,Lethbridge Park,DL,235.7
United Petroleum Lethbridge Park,Lethbridge Park,E10,189.7
United Petroleum Lethbridge Park,Lethbridge Park,P95,205.7
United Petroleum Lethbridge Park,Lethbridge Park,P98,214.7
United Petroleum Lethbridge Park,Lethbridge Park,U91,191.7
United Petroleum Maitland,Maitland,DL,227.9
United Petroleum Maitland,Maitland,E10,182.5
United Petroleum Maitland,Maitland,P98,207.5
United Petroleum Maitland,Maitland,U91,184.5
United Petroleum Mayfield,Mayfield,DL,235.5
United Petroleum Mayfield,Mayfield,E10,190.5
United Petroleum Mayfield,Mayfield,P95,206.5
United Petroleum Mayfield,Mayfield,P98,215.5
United Petroleum Mayfield,Mayfield,U91,192.5
United Petroleum Medlow Bath,Medlow Bath,DL,237.9
United Petroleum Medlow Bath,Medlow Bath,E10,195.9
United Petroleum Medlow Bath,Medlow Bath,P95,211.9
United Petroleum Medlow Bath,Medlow Bath,P98,220.9
United Petroleum Medlow Bath,Medlow Bath,U91,197.9
United Petroleum Merewether,Merewether,DL,233.5
United Petroleum Merewether,Merewether,E10,191.5
United Petroleum Merewether,Merewether,P98,216.5
United Petroleum Merewether,Merewether,U91,193.5
United Petroleum Metford,Metford,DL,235.9
United Petroleum Metford,Metford,E10,197.9
United Petroleum Metford,Metford,P98,222.9
United Petroleum Metford,Metford,U91,199.9
United Petroleum Minto,Minto,DL,232.9
United Petroleum Minto,Minto,E10,187.9
United Petroleum Minto,Minto,P98,212.9
United Petroleum Minto,Minto,U91,189.9
United Petroleum Mullaway,Mullaway,DL,245.9
United Petroleum Mullaway,Mullaway,E10,201.9
United Petroleum Mullaway,Mullaway,P98,226.9
United Petroleum Mullaway,Mullaway,U91,203.9
United Petroleum Murrurundi,MURRURUNDI,DL,229.5
United Petroleum Murrurundi,MURRURUNDI,E10,187.5
United Petroleum Murrurundi,MURRURUNDI,P95,203.5
United Petroleum Murrurundi,MURRURUNDI,P98,212.5
United Petroleum Murrurundi,MURRURUNDI,U91,189.5
United Petroleum North Richmond,North Richmond,DL,239.9
United Petroleum North Richmond,North Richmond,E10,190.9
United Petroleum North Richmond,North Richmond,P95,206.9
United Petroleum North Richmond,North Richmond,P98,215.9
United Petroleum North Richmond,North Richmond,U91,192.9
United Petroleum North Wyong,North Wyong,DL,227.9
United Petroleum North Wyong,North Wyong,E10,187.5
United Petroleum North Wyong,North Wyong,P95,203.5
United Petroleum North Wyong,North Wyong,P98,212.5
United Petroleum North Wyong,North Wyong,U91,189.5
United Petroleum Nowra,Nowra,DL,227.5
United Petroleum Nowra,Nowra,E10,184.5
United Petroleum Nowra,Nowra,P95,200.5
United Petroleum Nowra,Nowra,P98,209.5
United Petroleum Nowra,Nowra,U91,186.5
United Petroleum Orange,Orange,DL,224.5
United Petroleum Orange,Orange,E10,189.5
United Petroleum Orange,Orange,P98,216.5
United Petroleum Orange,Orange,U91,193.5
United Petroleum Ourimbah,OURIMBAH,DL,235.9
United Petroleum Ourimbah,OURIMBAH,E10,192.9
United Petroleum Ourimbah,OURIMBAH,P95,208.9
United Petroleum Ourimbah,OURIMBAH,P98,217.9
United Petroleum Ourimbah,OURIMBAH,U91,194.9
United Petroleum Pambula,Pambula,DL,243.9
United Petroleum Pambula,Pambula,E10,200.9
United Petroleum Pambula,Pambula,P98,226.9
United Petroleum Pambula,Pambula,U91,202.9
United Petroleum Singleton,Singleton,DL,238.9
United Petroleum Singleton,Singleton,E10,195.9
United Petroleum Singleton,Singleton,P98,220.9
United Petroleum Singleton,Singleton,U91,197.9
United Petroleum Sutton,Sutton,DL,242.9
United Petroleum Sutton,Sutton,E10,201.9
United Petroleum Sutton,Sutton,P98,227.9
United Petroleum Sutton,Sutton,U91,203.9
United Petroleum Tamworth,Tamworth,DL,221.5
United Petroleum Tamworth,Tamworth,E10,173.5
United Petroleum Tamworth,Tamworth,P95,189.5
United Petroleum Tamworth,Tamworth,P98,198.5
United Petroleum Tamworth,Tamworth,U91,175.5
United Petroleum Taree,Taree,DL,232.5
United Petroleum Taree,Taree,E10,190.5
United Petroleum Taree,Taree,P98,215.5
United Petroleum Taree,Taree,U91,192.5
United Petroleum Tomerong,Tomerong,DL,227.5
United Petroleum Tomerong,Tomerong,E10,184.5
United Petroleum Tomerong,Tomerong,P95,200.5
United Petroleum Tomerong,Tomerong,U91,186.5
United Petroleum Umina,UMINA BEACH,DL,241.9
United Petroleum Umina,UMINA BEACH,E10,195.9
United Petroleum Umina,UMINA BEACH,P95,211.9
United Petroleum Umina,UMINA BEACH,P98,220.9
United Petroleum Umina,UMINA BEACH,U91,197.9
United Petroleum Wagga Wagga,Wagga Wagga,DL,226.5
United Petroleum Wagga Wagga,Wagga Wagga,E10,181.5
United Petroleum Wagga Wagga,Wagga Wagga,P95,197.5
United Petroleum Wagga Wagga,Wagga Wagga,P98,206.5
United Petroleum Wagga Wagga,Wagga Wagga,U91,183.5
United Petroleum Waterloo,Waterloo,DL,229.5
United Petroleum Waterloo,Waterloo,E10,187.9
United Petroleum Waterloo,Waterloo,P98,212.9
United Petroleum Waterloo,Waterloo,U91,189.9
United Petroleum Wilberforce,WILBERFORCE,DL,233.9
United Petroleum Wilberforce,WILBERFORCE,E10,187.9
United Petroleum Wilberforce,WILBERFORCE,P95,203.9
United Petroleum Wilberforce,WILBERFORCE,P98,212.9
United Petroleum Wilberforce,WILBERFORCE,U91,189.9
United Petroleum Windang,Windang,DL,227.9
United Petroleum Windang,Windang,E10,184.5
United Petroleum Windang,Windang,P95,200.5
United Petroleum Windang,Windang,P98,209.5
United Petroleum Windang,Windang,U91,186.5
United Petroleum Woolgoolga,Woolgoolga,DL,245.9
United Petroleum Woolgoolga,Woolgoolga,E10,201.9
United Petroleum Woolgoolga,Woolgoolga,P98,226.9
United Petroleum Woolgoolga,Woolgoolga,U91,203.9
United Petroleum Wyoming,WYOMING,DL,235.9
United Petroleum Wyoming,WYOMING,E10,187.9
United Petroleum Wyoming,WYOMING,P98,212.9
United Petroleum Wyoming,WYOMING,U91,189.9
United Prairiewood,Prairiewood,DL,217.5
United Prairiewood,Prairiewood,E10,186.9
United Prairiewood,Prairiewood,P95,202.9
United Prairiewood,Prairiewood,P98,211.9
United Prairiewood,Prairiewood,U91,188.9
United Tenterfield,TENTERFIELD,DL,235.5
United Tenterfield,TENTERFIELD,E10,193.5
United Tenterfield,TENTERFIELD,P98,218.5
United Tenterfield,TENTERFIELD,U91,195.5
United Terrey HILLS,TERREY HILLS,DL,239.9
United Terrey HILLS,TERREY HILLS,E10,193.9
United Terrey HILLS,TERREY HILLS,P95,209.9
United Terrey HILLS,TERREY HILLS,P98,219.9
United Terrey HILLS,TERREY HILLS,U91,195.9
United Tomingley,TOMINGLEY,DL,237.9
United Tomingley,TOMINGLEY,E10,193.9
United Tomingley,TOMINGLEY,P95,209.9
United Tomingley,TOMINGLEY,P98,224.9
United Tomingley,TOMINGLEY,U91,195.9
United Woodenbong,Woodenbong,DL,245
United Woodenbong,Woodenbong,P95,220
United Woodenbong,Woodenbong,U91,210
Unmanned - Metro Petroleum Bethungra,BETHUNGRA,U91,189.9
Vultra Energy Bundeena,Bundeena,E10,189.9
Vultra Energy Bundeena,Bundeena,P98,212.9
Vultra Energy Bundeena,Bundeena,U91,192.9
WESTSIDE PETROLEUM BUNDANOON,BUNDANOON,DL,241.9
WESTSIDE PETROLEUM BUNDANOON,BUNDANOON,E10,197.9
WESTSIDE PETROLEUM BUNDANOON,BUNDANOON,P98,225.9
WESTSIDE PETROLEUM BUNDANOON,BUNDANOON,U91,199.9
WL & CJ Medway Dalton Garage,DALTON,DL,234.9
WL & CJ Medway Dalton Garage,DALTON,P95,209.9
WL & CJ Medway Dalton Garage,DALTON,U91,193.9
Wagga Fuel (Leeton),LEETON,DL,239.9
Wagga Fuel (Leeton),LEETON,E10,193.9
Wagga Fuel (Leeton),LEETON,P98,218.9
Wagga Fuel (Leeton),LEETON,U91,195.9
Wakool Agri Services Pty Ltd,WAKOOL,DL,239.9
Wakool Agri Services Pty Ltd,WAKOOL,U91,199.9
Warren Fuels Liberty,Warren,DL,249.9
Warren Fuels Liberty,Warren,P98,227.9
Warren Fuels Liberty,Warren,U91,208.9
Werrington Depot (unmanned with payment terminal),WERRINGTON,DL,239.9
Werrington Depot (unmanned with payment terminal),WERRINGTON,P95,206.9
Werrington Depot (unmanned with payment terminal),WERRINGTON,U91,196.9
Werrington South,WERRINGTON,E10,189.9
Werrington South,WERRINGTON,P95,208.9
Werrington South,WERRINGTON,P98,217.9
Werrington South,WERRINGTON,U91,191.9
Westside Adamstown,Adamstown,DL,234.9
Westside Adamstown,Adamstown,P98,218.9
Westside Adamstown,Adamstown,U91,188.9
Westside Narrabri,NARRABRI,DL,229.9
Westside Narrabri,NARRABRI,E10,189.9
Westside Narrabri,NARRABRI,P98,219.9
Westside Narrabri,NARRABRI,U91,191.9
Westside Toukley,TOUKLEY,DL,241.8
Westside Toukley,TOUKLEY,E10,195.9
Westside Toukley,TOUKLEY,P95,215.4
Westside Toukley,TOUKLEY,P98,224.9
Westside Toukley,TOUKLEY,U91,197.9
Whiporie General Store,WHIPORIE,DL,235.9
Whiporie General Store,WHIPORIE,U91,208.9
Willawarrin General Store and Post Office,WILLAWARRIN,DL,245.9
Willawarrin General Store and Post Office,WILLAWARRIN,P95,225.9
Woodham Petroleum Barringun (Diesel stop),BARRINGUN,DL,249.9
Woodham Petroleum Burren Junction,BURREN JUNCTION,DL,239.9
Woodham Petroleum Byrock,BYROCK,DL,243.9
Woodham Petroleum Carinda,CARINDA,DL,244.9
Woodham Petroleum Carinda,CARINDA,U91,211.9
Woodham Petroleum Collarenebri,COLLARENEBRI,DL,246.9
Woodham Petroleum Collarenebri,COLLARENEBRI,U91,213.9
Woodham Petroleum Come by Chance,COME BY CHANCE,DL,244.9
Woodham Petroleum Coonamble,COONAMBLE,DL,239.9
Woodham Petroleum Gilgandra (Unmanned),GILGANDRA,DL,239.9
Woodham Petroleum Gilgandra (Unmanned),GILGANDRA,P95,223.9
Woodham Petroleum Gilgandra (Unmanned),GILGANDRA,U91,199.9
Woodham Petroleum Girilambone,GIRILAMBONE,DL,248.9
Woodham Petroleum Hermidale,HERMIDALE,DL,242.9
Woodham Petroleum Hermidale,HERMIDALE,P95,225.9
Woodham Petroleum Hexham,HEXHAM,DL,236.9
Woodham Petroleum Hillston,HILLSTON,DL,243.9
Woodham Petroleum Narrabri,Narrabri,DL,236.9
Woodham Petroleum Narrabri,Narrabri,P95,218.9
Woodham Petroleum Narrabri,Narrabri,U91,187.9
Woodham Petroleum Nyngan,NYNGAN,DL,239.9
Woodham Petroleum Orange,ORANGE,DL,233.9
Woodham Petroleum Orange,ORANGE,P95,204.9
Woodham Petroleum Orange,ORANGE,U91,196.9
Woodham Petroleum Walgett,Walgett,DL,244.9
Woodham Petroleum Walgett,Walgett,P98,221.9
Woodham Petroleum Walgett,Walgett,U91,211.9
Woodhams Brewarrina,BREWARRINA,DL,248.9
Woolomin General Store,WOOLOMIN,DL,248.9
Woolomin General Store,WOOLOMIN,P95,225.9
Xpress fuels,CAMPSIE,DL,230.9
Xpress fuels,CAMPSIE,E10,183.9
Xpress fuels,CAMPSIE,P95,202.9
Xpress fuels,CAMPSIE,U91,185.9
YOGI'S PLACE SERVICE STATION,Quirindi,DL,233.5
YOGI'S PLACE SERVICE STATION,Quirindi,P98,191.5
YOGI'S PLACE SERVICE STATION,Quirindi,U91,195.5
Yass Valley Servo,YASS,DL,239.9
Yass Valley Servo,YASS,P98,220.9
Yass Valley Servo,YASS,U91,199.9
Your Fuel,BIRMINGHAM GARDENS,P98,215.9
Your Fuel,BIRMINGHAM GARDENS,U91,188.9
Your Fuel Coniston,Coniston,DL,234.9
Your Fuel Coniston,Coniston,P98,216.9
Your Fuel Coniston,Coniston,U91,194.9
Your Local Independent Servo,Laurieton,DL,228.9
Your Local Independent Servo,Laurieton,P95,204.9
Your Local Independent Servo,Laurieton,P98,214.9
Your Local Independent Servo,Laurieton,U91,190.9
Yourfuel Batlow,BATLOW,DL,239.9
Yourfuel Batlow,BATLOW,P98,224.9
Yourfuel Batlow,BATLOW,U91,198.9
norco rural bowraville,Bowraville,DL,247
norco rural bowraville,Bowraville,P95,216
norco rural bowraville,Bowraville,U91,202
shell cromer,CROMER,DL,238.9
shell cromer,CROMER,E10,183.9
shell cromer,CROMER,P98,207.9
shell cromer,CROMER,U91,185.9
shell long jetty,LONG JETTY,DL,249.9
shell long jetty,LONG JETTY,E10,209.9
shell long jetty,LONG JETTY,P98,229.9
shell long jetty,LONG JETTY,U91,211.9
