NATIONAL GEOCHEMICAL SURVEY OF AUSTRALIA: THE MERCURY CONCENTRATIONS DATASET,,,,,,,,,,
CITE AS: Schneider; L.; Taylor; J.R.; Caritat; P. de 2025. National Geochemical Survey of Australia: The Mercury Concentrations Dataset. Geoscience Australia Dataset; Canberra. https://pid.geoscience.gov.au/dataset/ga/150328,,,,,,,,,,
NOTES: NGSA SITEIDs were numbered from 2007190001 to 2007191600 then randomly allocated to individual States or the Northern Territory. As some SITEIDs were reserved for insertion of QA/QC samples and only 86% of targeted sites were sampled gaps occur in the list of SITEIDs (e.g. no data for SITEID = 2007190006),,,,,,,,,,
Geochemical data consist of total Hg concentrations. For more Methods details see Schneider et al. (2026) @ https://doi.org/10.1021/acs.est.5c11189,,,,,,,,,,
Extraction: Total Hg measured by direct analysis (no digestion) on approximately 100 mg of sample,,,,,,,,,,
Analysis: Milestone tri-cell direct mercury analyser (tri-cell DMA-80) reported in ng/g (= parts per billion; ppb) on dry weight basis with a Limit of Detection of 0.01 ng Hg,,,,,,,,,,
Additional geochemical data from the National Geochemical Survey of Australia available from http://dx.doi.org/10.11636/Record.2011.020; additional field site information available from http://pid.geoscience.gov.au/dataset/ga/70478,,,,,,,,,,
© Commonwealth of Australia (Geoscience Australia) 2025. This material is released under the Creative Commons Attribution 4.0 Australia Licence http://creativecommons.org/licenses/by/4.0/,,,,,,,,,,
,,,,,,,,,,
Last Updated: 31 March 2025,,,,,,,,,,
,,,,,,,,,,
SITEID,DATE_SAMPLED,LATITUDE_GDA94,LONGITUDE_GDA94,STATE,DUPLICATE_CODE,DUPLICATE_SITEID,SAMPLEID,GRAIN_SIZE,DEPTH,Hg_DMA_ng/g_0.01
2007190001,8/09/2008,-12.6551,142.2717,QLD, ,,2007190001001 Fine,<75 µm,TOS,21.96
2007190001,8/09/2008,-12.6551,142.2717,QLD, ,,2007190001002 Fine,<75 µm,BOS,15.89
2007190002,8/09/2008,-13.1195,141.9851,QLD, ,,2007190002002 Fine,<75 µm,BOS,12
2007190003,4/02/2008,-22.7017,114.8976,WA,Duplicate 1,2007190213,2007190003001 Fine,<75 µm,TOS,11.12
2007190003,4/02/2008,-22.7017,114.8976,WA,Duplicate 1,2007190213,2007190003002 Fine,<75 µm,BOS,6.36
2007190004,5/03/2008,-22.7363,116.122,WA, ,,2007190004001 Fine,<75 µm,TOS,21.35
2007190004,5/03/2008,-22.7363,116.122,WA, ,,2007190004002 Fine,<75 µm,BOS,11.33
2007190005,29/08/2007,-27.8225,153.0022,QLD,Duplicate 1,2007191059,2007190005001 Fine,<75 µm,TOS,17.12
2007190005,29/08/2007,-27.8225,153.0022,QLD,Duplicate 1,2007191059,2007190005002 Fine,<75 µm,BOS,15.92
2007190007,5/10/2008,-24.1167,118.3824,WA, ,,2007190007001 Fine,<75 µm,TOS,11.58
2007190007,5/10/2008,-24.1167,118.3824,WA, ,,2007190007002 Fine,<75 µm,BOS,15.03
2007190009,2/04/2008,-29.5469,148.5809,NSW, ,,2007190009001 Fine,<75 µm,TOS,15.31
2007190009,2/04/2008,-29.5469,148.5809,NSW, ,,2007190009002 Fine,<75 µm,BOS,5.9
2007190010,4/10/2008,-17.1653,131.413,NT, ,,2007190010001 Fine,<75 µm,TOS,5.32
2007190010,4/10/2008,-17.1653,131.413,NT, ,,2007190010002 Fine,<75 µm,BOS,6.92
2007190011,31/10/2007,-28.3459,146.8424,QLD, ,,2007190011001 Fine,<75 µm,TOS,14.87
2007190011,31/10/2007,-28.3459,146.8424,QLD, ,,2007190011002 Fine,<75 µm,BOS,13.62
2007190012,31/03/2008,-22.9801,145.2473,QLD, ,,2007190012001 Fine,<75 µm,TOS,11.35
2007190012,31/03/2008,-22.9801,145.2473,QLD, ,,2007190012002 Fine,<75 µm,BOS,7.28
2007190013,5/07/2008,-25.8488,135.2452,NT, ,,2007190013001 Fine,<75 µm,TOS,10.88
2007190013,5/07/2008,-25.8488,135.2452,NT, ,,2007190013002 Fine,<75 µm,BOS,11.36
2007190014,22/10/2007,-35.7518,143.6603,VIC, ,,2007190014001 Fine,<75 µm,TOS,25.92
2007190014,22/10/2007,-35.7518,143.6603,VIC, ,,2007190014002 Fine,<75 µm,BOS,14.71
2007190015,25/10/2007,-23.5343,149.7069,QLD, ,,2007190015001 Fine,<75 µm,TOS,28.82
2007190015,25/10/2007,-23.5343,149.7069,QLD, ,,2007190015002 Fine,<75 µm,BOS,23.89
2007190016,7/03/2007,-30.8569,119.9266,WA, ,,2007190016001 Fine,<75 µm,TOS,3.45
2007190016,7/03/2007,-30.8569,119.9266,WA, ,,2007190016002 Fine,<75 µm,BOS,2.36
2007190017,6/07/2008,-20.7195,120.9245,WA, ,,2007190017001 Fine,<75 µm,TOS,13.51
2007190017,6/07/2008,-20.7195,120.9245,WA, ,,2007190017002 Fine,<75 µm,BOS,7.94
2007190018,12/06/2007,-30.9634,118.7959,WA, ,,2007190018001 Fine,<75 µm,TOS,16.97
2007190018,12/06/2007,-30.9634,118.7959,WA, ,,2007190018002 Fine,<75 µm,BOS,23.07
2007190019,30/11/2007,-34.876,150.4985,NSW, ,,2007190019001 Fine,<75 µm,TOS,33.97
2007190019,30/11/2007,-34.876,150.4985,NSW, ,,2007190019002 Fine,<75 µm,BOS,21.66
2007190021,6/08/2008,-27.641,142.781,QLD, ,,2007190021001 Fine,<75 µm,TOS,14.63
2007190021,6/08/2008,-27.641,142.781,QLD, ,,2007190021002 Fine,<75 µm,BOS,2.82
2007190022,2/05/2008,-29.1282,149.0005,NSW, ,,2007190022001 Fine,<75 µm,TOS,10.63
2007190022,2/05/2008,-29.1282,149.0005,NSW, ,,2007190022002 Fine,<75 µm,BOS,8.14
2007190023,4/03/2008,-22.874,138.7608,QLD, ,,2007190023001 Fine,<75 µm,TOS,7.88
2007190023,4/03/2008,-22.874,138.7608,QLD, ,,2007190023002 Fine,<75 µm,BOS,3.94
2007190024,13/06/2008,-16.8116,122.8996,WA, ,,2007190024001 Fine,<75 µm,TOS,2.52
2007190024,13/06/2008,-16.8116,122.8996,WA, ,,2007190024002 Fine,<75 µm,BOS,5.3
2007190025,19/10/2007,-22.3121,149.4741,QLD, ,,2007190025001 Fine,<75 µm,TOS,11.72
2007190025,19/10/2007,-22.3121,149.4741,QLD, ,,2007190025002 Fine,<75 µm,BOS,8.12
2007190028,22/01/2008,-31.8126,123.8542,WA, ,,2007190028001 Fine,<75 µm,TOS,40.34
2007190028,22/01/2008,-31.8126,123.8542,WA, ,,2007190028002 Fine,<75 µm,BOS,30.47
2007190029,29/01/2008,-31.1569,125.6804,WA, ,,2007190029001 Fine,<75 µm,TOS,24.07
2007190029,29/01/2008,-31.1569,125.6804,WA, ,,2007190029002 Fine,<75 µm,BOS,23.08
2007190031,15/04/2008,-30.1907,147.7138,NSW, ,,2007190031001 Fine,<75 µm,TOS,7.44
2007190031,15/04/2008,-30.1907,147.7138,NSW, ,,2007190031002 Fine,<75 µm,BOS,6.05
2007190032,10/05/2007,-38.0882,144.2791,VIC,Duplicate 1,2007190632,2007190032001 Fine,<75 µm,TOS,183.08
2007190032,10/05/2007,-38.0882,144.2791,VIC,Duplicate 1,2007190632,2007190032002 Fine,<75 µm,BOS,36.03
2007190033,4/02/2009,-24.997,131.4607,NT, ,,2007190033001 Fine,<75 µm,TOS,15.38
2007190033,4/02/2009,-24.997,131.4607,NT, ,,2007190033002 Fine,<75 µm,BOS,4.38
2007190034,5/10/2008,-24.1443,118.4823,WA, ,,2007190034001 Fine,<75 µm,TOS,20.42
2007190035,8/07/2007,-20.402,147.3506,QLD,Duplicate 1,2007190876,2007190035001 Fine,<75 µm,TOS,9.21
2007190035,8/07/2007,-20.402,147.3506,QLD,Duplicate 1,2007190876,2007190035002 Fine,<75 µm,BOS,9.4
2007190036,31/05/2008,-26.3152,143.1686,QLD, ,,2007190036001 Fine,<75 µm,TOS,11.79
2007190036,31/05/2008,-26.3152,143.1686,QLD, ,,2007190036002 Fine,<75 µm,BOS,9.83
2007190038,10/07/2007,-19.8299,135.394,NT, ,,2007190038001 Fine,<75 µm,TOS,16.46
2007190038,10/07/2007,-19.8299,135.394,NT, ,,2007190038002 Fine,<75 µm,BOS,14.2
2007190039,16/11/2007,-27.533,115.2171,WA,Duplicate 1,2007190984,2007190039001 Fine,<75 µm,TOS,11.74
2007190039,16/11/2007,-27.533,115.2171,WA,Duplicate 1,2007190984,2007190039002 Fine,<75 µm,BOS,12.56
2007190041,10/01/2007,-20.6387,142.6312,QLD, ,,2007190041001 Fine,<75 µm,TOS,15.29
2007190041,10/01/2007,-20.6387,142.6312,QLD, ,,2007190041002 Fine,<75 µm,BOS,8.19
2007190042,3/03/2008,-38.0123,143.6445,VIC, ,,2007190042001 Fine,<75 µm,TOS,57.36
2007190042,3/03/2008,-38.0123,143.6445,VIC, ,,2007190042002 Fine,<75 µm,BOS,32.87
2007190043,24/01/2008,-31.6369,124.9322,WA, ,,2007190043001 Fine,<75 µm,TOS,33.49
2007190043,24/01/2008,-31.6369,124.9322,WA, ,,2007190043002 Fine,<75 µm,BOS,45.21
2007190044,4/04/2008,-23.3485,141.51,QLD, ,,2007190044001 Fine,<75 µm,TOS,4.96
2007190044,4/04/2008,-23.3485,141.51,QLD, ,,2007190044002 Fine,<75 µm,BOS,6.32
2007190048,5/09/2008,-21.7283,117.2566,WA, ,,2007190048001 Fine,<75 µm,TOS,31.31
2007190048,5/09/2008,-21.7283,117.2566,WA, ,,2007190048002 Fine,<75 µm,BOS,24.88
2007190050,4/05/2008,-20.5204,118.4963,WA,Duplicate 1,2007191481,2007190050001 Fine,<75 µm,TOS,11.95
2007190050,4/05/2008,-20.5204,118.4963,WA,Duplicate 1,2007191481,2007190050002 Fine,<75 µm,BOS,10.82
2007190051,11/02/2007,-27.0168,149.6649,QLD, ,,2007190051001 Fine,<75 µm,TOS,15.5
2007190051,11/02/2007,-27.0168,149.6649,QLD, ,,2007190051002 Fine,<75 µm,BOS,10.64
2007190052,19/02/2008,-34.0724,119.5498,WA, ,,2007190052001 Fine,<75 µm,TOS,27.34
2007190052,19/02/2008,-34.0724,119.5498,WA, ,,2007190052002 Fine,<75 µm,BOS,9.88
2007190053,9/04/2007,-33.6715,148.5422,NSW, ,,2007190053001 Fine,<75 µm,TOS,22.88
2007190053,9/04/2007,-33.6715,148.5422,NSW, ,,2007190053002 Fine,<75 µm,BOS,22.02
2007190054,7/03/2008,-33.3062,139.7598,SA, ,,2007190054001 Fine,<75 µm,TOS,21.52
2007190054,7/03/2008,-33.3062,139.7598,SA, ,,2007190054002 Fine,<75 µm,BOS,24.03
2007190055,20/09/2007,-14.6521,132.018,NT, ,,2007190055001 Fine,<75 µm,TOS,16.78
2007190055,20/09/2007,-14.6521,132.018,NT, ,,2007190055002 Fine,<75 µm,BOS,8.98
2007190056,24/10/2007,-35.9834,144.9326,VIC, ,,2007190056001 Fine,<75 µm,TOS,37.26
2007190056,24/10/2007,-35.9834,144.9326,VIC, ,,2007190056002 Fine,<75 µm,BOS,24.33
2007190057,11/08/2007,-31.3628,143.5746,NSW, ,,2007190057001 Fine,<75 µm,TOS,7.59
2007190057,11/08/2007,-31.3628,143.5746,NSW, ,,2007190057002 Fine,<75 µm,BOS,5.1
2007190058,17/01/2008,-34.9353,117.4727,WA, ,,2007190058001 Fine,<75 µm,TOS,10.07
2007190058,17/01/2008,-34.9353,117.4727,WA, ,,2007190058002 Fine,<75 µm,BOS,2.21
2007190059,14/07/2008,-30.9478,136.0354,SA, ,,2007190059001 Fine,<75 µm,TOS,22.66
2007190059,14/07/2008,-30.9478,136.0354,SA, ,,2007190059002 Fine,<75 µm,BOS,30.56
2007190062,4/03/2008,-32.0996,144.2191,NSW, ,,2007190062001 Fine,<75 µm,TOS,17.09
2007190062,4/03/2008,-32.0996,144.2191,NSW, ,,2007190062002 Fine,<75 µm,BOS,17.63
2007190063,25/07/2008,-19.7679,129.3222,NT, ,,2007190063001 Fine,<75 µm,TOS,32.99
2007190063,25/07/2008,-19.7679,129.3222,NT, ,,2007190063002 Fine,<75 µm,BOS,28.26
2007190064,4/02/2008,-37.9818,147.4098,VIC, ,,2007190064001 Fine,<75 µm,TOS,18.53
2007190064,4/02/2008,-37.9818,147.4098,VIC, ,,2007190064002 Fine,<75 µm,BOS,9.74
2007190065,18/09/2007,-19.2409,139.96,QLD, ,,2007190065001 Fine,<75 µm,TOS,14.11
2007190065,18/09/2007,-19.2409,139.96,QLD, ,,2007190065002 Fine,<75 µm,BOS,11.12
2007190066,6/09/2008,-20.3197,119.2589,WA, ,,2007190066001 Fine,<75 µm,TOS,16.95
2007190066,6/09/2008,-20.3197,119.2589,WA, ,,2007190066002 Fine,<75 µm,BOS,14.98
2007190067,12/09/2007,-31.2341,121.962,WA,Duplicate 1,2007191121,2007190067001 Fine,<75 µm,TOS,13.82
2007190067,12/09/2007,-31.2341,121.962,WA,Duplicate 1,2007191121,2007190067002 Fine,<75 µm,BOS,18.45
2007190068,9/04/2007,-33.4863,148.2703,NSW, ,,2007190068001 Fine,<75 µm,TOS,16.04
2007190068,9/04/2007,-33.4863,148.2703,NSW, ,,2007190068002 Fine,<75 µm,BOS,26.65
2007190069,16/10/2007,-21.444,145.8212,QLD, ,,2007190069001 Fine,<75 µm,TOS,16.2
2007190069,16/10/2007,-21.444,145.8212,QLD, ,,2007190069002 Fine,<75 µm,BOS,19.65
2007190070,8/09/2009,-26.7597,137.5204,SA, ,,2007190070001 Fine,<75 µm,TOS,2.45
2007190070,8/09/2009,-26.7597,137.5204,SA, ,,2007190070002 Fine,<75 µm,BOS,1.31
2007190071,12/04/2007,-32.0515,118.1664,WA,Duplicate 1,2007190289,2007190071001 Fine,<75 µm,TOS,8.1
2007190071,12/04/2007,-32.0515,118.1664,WA,Duplicate 1,2007190289,2007190071002 Fine,<75 µm,BOS,15.08
2007190072,9/08/2009,-27.7109,137.6583,SA, ,,2007190072001 Fine,<75 µm,TOS,6.67
2007190072,9/08/2009,-27.7109,137.6583,SA, ,,2007190072002 Fine,<75 µm,BOS,5.7
2007190073,12/11/2007,-32.5727,118.4508,WA, ,,2007190073001 Fine,<75 µm,TOS,18.78
2007190073,12/11/2007,-32.5727,118.4508,WA, ,,2007190073002 Fine,<75 µm,BOS,13.73
2007190074,9/12/2009,-26.7486,134.4646,SA,Duplicate 1,2007190389,2007190074001 Fine,<75 µm,TOS,14.22
2007190074,9/12/2009,-26.7486,134.4646,SA,Duplicate 1,2007190389,2007190074002 Fine,<75 µm,BOS,11.69
2007190075,5/09/2008,-23.7772,117.8137,WA, ,,2007190075001 Fine,<75 µm,TOS,9.85
2007190075,5/09/2008,-23.7772,117.8137,WA, ,,2007190075002 Fine,<75 µm,BOS,11.08
2007190076,5/06/2008,-21.771,115.4063,WA, ,,2007190076001 Fine,<75 µm,TOS,20.95
2007190076,5/06/2008,-21.771,115.4063,WA, ,,2007190076002 Fine,<75 µm,BOS,5.45
2007190077,5/12/2008,-29.7312,149.3184,NSW, ,,2007190077001 Fine,<75 µm,TOS,11.38
2007190077,5/12/2008,-29.7312,149.3184,NSW, ,,2007190077002 Fine,<75 µm,BOS,8.35
2007190078,24/01/2008,-33.5409,144.3757,NSW, ,,2007190078001 Fine,<75 µm,TOS,12.49
2007190078,24/01/2008,-33.5409,144.3757,NSW, ,,2007190078002 Fine,<75 µm,BOS,10.46
2007190079,24/05/2008,-24.504,139.5956,QLD, ,,2007190079001 Fine,<75 µm,TOS,10.98
2007190079,24/05/2008,-24.504,139.5956,QLD, ,,2007190079002 Fine,<75 µm,BOS,8.53
2007190081,26/05/2008,-21.1095,134.4924,NT, ,,2007190081001 Fine,<75 µm,TOS,17.13
2007190081,26/05/2008,-21.1095,134.4924,NT, ,,2007190081002 Fine,<75 µm,BOS,16.36
2007190082,18/06/2009,-31.4679,129.313,SA, ,,2007190082001 Fine,<75 µm,TOS,16.77
2007190082,18/06/2009,-31.4679,129.313,SA, ,,2007190082002 Fine,<75 µm,BOS,10.32
2007190083,14/04/2008,-30.2768,147.5613,NSW, ,,2007190083001 Fine,<75 µm,TOS,12.86
2007190083,14/04/2008,-30.2768,147.5613,NSW, ,,2007190083002 Fine,<75 µm,BOS,7.73
2007190084,5/11/2008,-23.9438,137.2762,NT, ,,2007190084001 Fine,<75 µm,TOS,4.34
2007190084,5/11/2008,-23.9438,137.2762,NT, ,,2007190084002 Fine,<75 µm,BOS,5.73
2007190086,14/01/2008,-32.7609,115.906,WA, ,,2007190086001 Fine,<75 µm,TOS,35.48
2007190086,14/01/2008,-32.7609,115.906,WA, ,,2007190086002 Fine,<75 µm,BOS,30.08
2007190087,8/08/2007,-20.5724,148.6051,QLD, ,,2007190087001 Fine,<75 µm,TOS,20.28
2007190087,8/08/2007,-20.5724,148.6051,QLD, ,,2007190087002 Fine,<75 µm,BOS,13.94
2007190089,18/10/2007,-22.422,148.6949,QLD, ,,2007190089001 Fine,<75 µm,TOS,19.42
2007190089,18/10/2007,-22.422,148.6949,QLD, ,,2007190089002 Fine,<75 µm,BOS,14.19
2007190090,18/10/2007,-35.4773,141.9897,VIC, ,,2007190090001 Fine,<75 µm,TOS,33.99
2007190090,18/10/2007,-35.4773,141.9897,VIC, ,,2007190090002 Fine,<75 µm,BOS,12.26
2007190091,20/05/2008,-25.8903,147.8174,QLD,Duplicate 1,2007191053,2007190091001 Fine,<75 µm,TOS,13.55
2007190091,20/05/2008,-25.8903,147.8174,QLD,Duplicate 1,2007191053,2007190091002 Fine,<75 µm,BOS,12.78
2007190092,25/07/2007,-25.6875,150.9716,QLD, ,,2007190092001 Fine,<75 µm,TOS,24.79
2007190092,25/07/2007,-25.6875,150.9716,QLD, ,,2007190092002 Fine,<75 µm,BOS,19.38
2007190093,17/10/2007,-35.3891,143.072,VIC, ,,2007190093001 Fine,<75 µm,TOS,24.9
2007190093,17/10/2007,-35.3891,143.072,VIC, ,,2007190093002 Fine,<75 µm,BOS,17.26
2007190094,5/07/2008,-25.7027,135.7782,NT, ,,2007190094001 Fine,<75 µm,TOS,5.62
2007190094,5/07/2008,-25.7027,135.7782,NT, ,,2007190094002 Fine,<75 µm,BOS,8.54
2007190095,9/07/2009,-28.8014,133.5324,SA, ,,2007190095001 Fine,<75 µm,TOS,39.38
2007190095,9/07/2009,-28.8014,133.5324,SA, ,,2007190095002 Fine,<75 µm,BOS,47.54
2007190096,24/05/2008,-17.0445,134.0173,NT, ,,2007190096001 Fine,<75 µm,TOS,9.39
2007190096,24/05/2008,-17.0445,134.0173,NT, ,,2007190096002 Fine,<75 µm,BOS,6.28
2007190097,28/03/2008,-28.7457,124.032,WA, ,,2007190097002 Fine,<75 µm,BOS,57.44
2007190098,8/11/2008,-27.6871,136.8315,SA, ,,2007190098001 Fine,<75 µm,TOS,4.45
2007190098,8/11/2008,-27.6871,136.8315,SA, ,,2007190098002 Fine,<75 µm,BOS,2.82
2007190099,21/09/2007,-12.7712,130.7451,NT, ,,2007190099001 Fine,<75 µm,TOS,32.99
2007190099,21/09/2007,-12.7712,130.7451,NT, ,,2007190099002 Fine,<75 µm,BOS,22.39
2007190101,7/06/2007,-31.6287,115.7298,WA, ,,2007190101001 Fine,<75 µm,TOS,84.7
2007190103,22/09/2007,-17.8568,141.1343,QLD, ,,2007190103002 Fine,<75 µm,BOS,16.32
2007190104,21/06/2009,-31.2069,131.45,SA, ,,2007190104001 Fine,<75 µm,TOS,53.23
2007190104,21/06/2009,-31.2069,131.45,SA, ,,2007190104002 Fine,<75 µm,BOS,41.01
2007190105,11/01/2007,-27.6357,148.7402,QLD, ,,2007190105001 Fine,<75 µm,TOS,40.94
2007190105,11/01/2007,-27.6357,148.7402,QLD, ,,2007190105002 Fine,<75 µm,BOS,7.26
2007190106,31/03/2008,-31.4903,142.1858,NSW, ,,2007190106001 Fine,<75 µm,TOS,21.61
2007190106,31/03/2008,-31.4903,142.1858,NSW, ,,2007190106002 Fine,<75 µm,BOS,40.97
2007190107,11/05/2009,-30.6934,134.2807,SA,Duplicate 1,2007190913,2007190107001 Fine,<75 µm,TOS,19.27
2007190107,11/05/2009,-30.6934,134.2807,SA,Duplicate 1,2007190913,2007190107002 Fine,<75 µm,BOS,16.32
2007190108,6/08/2008,-28.6863,143.2471,QLD, ,,2007190108001 Fine,<75 µm,TOS,7.85
2007190108,6/08/2008,-28.6863,143.2471,QLD, ,,2007190108002 Fine,<75 µm,BOS,9.29
2007190110,4/02/2008,-37.7193,148.4774,VIC,Duplicate 1,2007191182,2007190110001 Fine,<75 µm,TOS,33.65
2007190110,4/02/2008,-37.7193,148.4774,VIC,Duplicate 1,2007191182,2007190110002 Fine,<75 µm,BOS,29.12
2007190111,6/05/2008,-26.9226,142.0858,QLD, ,,2007190111001 Fine,<75 µm,TOS,18.27
2007190111,6/05/2008,-26.9226,142.0858,QLD, ,,2007190111002 Fine,<75 µm,BOS,7.75
2007190112,3/11/2008,-33.1477,149.5039,NSW, ,,2007190112002 Fine,<75 µm,BOS,40.37
2007190113,10/07/2007,-19.8141,146.0284,QLD, ,,2007190113001 Fine,<75 µm,TOS,12.23
2007190113,10/07/2007,-19.8141,146.0284,QLD, ,,2007190113002 Fine,<75 µm,BOS,21.27
2007190114,24/07/2007,-25.6866,151.7798,QLD,Duplicate 1,2007191045,2007190114001 Fine,<75 µm,TOS,23.88
2007190114,24/07/2007,-25.6866,151.7798,QLD,Duplicate 1,2007191045,2007190114002 Fine,<75 µm,BOS,18
2007190115,18/05/2009,-31.7149,138.2156,SA, ,,2007190115001 Fine,<75 µm,TOS,46.97
2007190115,18/05/2009,-31.7149,138.2156,SA, ,,2007190115002 Fine,<75 µm,BOS,26.36
2007190116,17/07/2008,-16.2696,137.088,NT, ,,2007190116002 Fine,<75 µm,BOS,22.32
2007190117,4/05/2008,-23.6609,139.8748,QLD, ,,2007190117001 Fine,<75 µm,TOS,7.52
2007190117,4/05/2008,-23.6609,139.8748,QLD, ,,2007190117002 Fine,<75 µm,BOS,7.68
2007190118,19/09/2007,-12.9586,132.383,NT,Duplicate 1,2007191552,2007190118001 Fine,<75 µm,TOS,17.16
2007190118,19/09/2007,-12.9586,132.383,NT,Duplicate 1,2007191552,2007190118002 Fine,<75 µm,BOS,11.74
2007190119,25/07/2008,-20.5315,131.0648,NT, ,,2007190119001 Fine,<75 µm,TOS,10.59
2007190119,25/07/2008,-20.5315,131.0648,NT, ,,2007190119002 Fine,<75 µm,BOS,6.4
2007190121,9/06/2009,-29.0518,133.2902,SA,Duplicate 1,2007191545,2007190121001 Fine,<75 µm,TOS,26.76
2007190121,9/06/2009,-29.0518,133.2902,SA,Duplicate 1,2007191545,2007190121002 Fine,<75 µm,BOS,45.62
2007190122,24/01/2008,-33.075,145.5889,NSW, ,,2007190122001 Fine,<75 µm,TOS,31.19
2007190122,24/01/2008,-33.075,145.5889,NSW, ,,2007190122002 Fine,<75 µm,BOS,28.2
2007190123,30/07/2008,-21.2931,132.7696,NT, ,,2007190123002 Fine,<75 µm,BOS,21.24
2007190124,17/04/2008,-37.1744,145.5691,VIC, ,,2007190124001 Fine,<75 µm,TOS,74.16
2007190124,17/04/2008,-37.1744,145.5691,VIC, ,,2007190124002 Fine,<75 µm,BOS,35.81
2007190125,18/09/2007,-20.4808,140.5896,QLD,Duplicate 1,2007191532,2007190125001 Fine,<75 µm,TOS,11.49
2007190125,18/09/2007,-20.4808,140.5896,QLD,Duplicate 1,2007191532,2007190125002 Fine,<75 µm,BOS,5.78
2007190126,16/10/2007,-25.6463,149.7918,QLD, ,,2007190126001 Fine,<75 µm,TOS,35.86
2007190126,16/10/2007,-25.6463,149.7918,QLD, ,,2007190126002 Fine,<75 µm,BOS,24.94
2007190127,14/05/2008,-36.2785,140.8132,SA, ,,2007190127001 Fine,<75 µm,TOS,15.72
2007190127,14/05/2008,-36.2785,140.8132,SA, ,,2007190127002 Fine,<75 µm,BOS,9.82
2007190128,4/03/2008,-32.5397,144.7951,NSW, ,,2007190128001 Fine,<75 µm,TOS,23.64
2007190128,4/03/2008,-32.5397,144.7951,NSW, ,,2007190128002 Fine,<75 µm,BOS,23.69
2007190129,26/01/2008,-31.8137,126.5585,WA, ,,2007190129001 Fine,<75 µm,TOS,28.9
2007190129,26/01/2008,-31.8137,126.5585,WA, ,,2007190129002 Fine,<75 µm,BOS,13.64
2007190130,26/03/2008,-28.875,122.1138,WA, ,,2007190130001 Fine,<75 µm,TOS,14.05
2007190130,26/03/2008,-28.875,122.1138,WA, ,,2007190130002 Fine,<75 µm,BOS,3.8
2007190131,5/02/2009,-32.669,134.3047,SA, ,,2007190131001 Fine,<75 µm,TOS,29.03
2007190131,5/02/2009,-32.669,134.3047,SA, ,,2007190131002 Fine,<75 µm,BOS,33.77
2007190132,5/10/2008,-24.9854,137.6081,NT, ,,2007190132001 Fine,<75 µm,TOS,8.11
2007190132,5/10/2008,-24.9854,137.6081,NT, ,,2007190132002 Fine,<75 µm,BOS,6.63
2007190134,21/05/2009,-30.1662,137.7499,SA, ,,2007190134001 Fine,<75 µm,TOS,19.98
2007190134,21/05/2009,-30.1662,137.7499,SA, ,,2007190134002 Fine,<75 µm,BOS,27.68
2007190135,5/08/2008,-22.1038,118.284,WA, ,,2007190135001 Fine,<75 µm,TOS,27.8
2007190135,5/08/2008,-22.1038,118.284,WA, ,,2007190135002 Fine,<75 µm,BOS,15.76
2007190136,2/07/2008,-41.504,147.0589,TAS, ,,2007190136001 Fine,<75 µm,TOS,38.76
2007190136,2/07/2008,-41.504,147.0589,TAS, ,,2007190136002 Fine,<75 µm,BOS,45.11
2007190137,29/07/2008,-20.1402,132.3594,NT, ,,2007190137001 Fine,<75 µm,TOS,22.16
2007190137,29/07/2008,-20.1402,132.3594,NT, ,,2007190137002 Fine,<75 µm,BOS,26.13
2007190138,10/11/2007,-21.0016,146.4245,QLD, ,,2007190138001 Fine,<75 µm,TOS,10.46
2007190138,10/11/2007,-21.0016,146.4245,QLD, ,,2007190138002 Fine,<75 µm,BOS,5.8
2007190139,29/02/2008,-26.6784,122.9053,WA, ,,2007190139001 Fine,<75 µm,TOS,6.42
2007190139,29/02/2008,-26.6784,122.9053,WA, ,,2007190139002 Fine,<75 µm,BOS,3.66
2007190141,28/03/2008,-28.9365,123.2715,WA, ,,2007190141001 Fine,<75 µm,TOS,27.73
2007190141,28/03/2008,-28.9365,123.2715,WA, ,,2007190141002 Fine,<75 µm,BOS,30.28
2007190142,13/12/2007,-31.6128,122.4467,WA, ,,2007190142001 Fine,<75 µm,TOS,23.98
2007190142,13/12/2007,-31.6128,122.4467,WA, ,,2007190142002 Fine,<75 µm,BOS,30.35
2007190144,24/07/2007,-25.5175,152.6445,QLD, ,,2007190144001 Fine,<75 µm,TOS,259
2007190144,24/07/2007,-25.5175,152.6445,QLD, ,,2007190144002 Fine,<75 µm,BOS,85.58
2007190145,20/06/2009,-31.2472,130.8978,SA,Duplicate 1,2007191105,2007190145001 Fine,<75 µm,TOS,29.22
2007190145,20/06/2009,-31.2472,130.8978,SA,Duplicate 1,2007191105,2007190145002 Fine,<75 µm,BOS,20.6
2007190146,6/01/2008,-22.851,129.2329,NT, ,,2007190146001 Fine,<75 µm,TOS,6.81
2007190146,6/01/2008,-22.851,129.2329,NT, ,,2007190146002 Fine,<75 µm,BOS,5.72
2007190147,28/02/2008,-26.0518,121.9344,WA, ,,2007190147001 Fine,<75 µm,TOS,19.31
2007190147,28/02/2008,-26.0518,121.9344,WA, ,,2007190147002 Fine,<75 µm,BOS,7.92
2007190148,28/05/2008,-30.3125,141.0653,NSW, ,,2007190148001 Fine,<75 µm,TOS,7.28
2007190148,28/05/2008,-30.3125,141.0653,NSW, ,,2007190148002 Fine,<75 µm,BOS,5.26
2007190149,20/12/2007,-35.1639,143.6998,NSW, ,,2007190149001 Fine,<75 µm,TOS,10.56
2007190149,20/12/2007,-35.1639,143.6998,NSW, ,,2007190149002 Fine,<75 µm,BOS,8.93
2007190150,16/05/2008,-21.8341,135.5159,NT, ,,2007190150001 Fine,<75 µm,TOS,10.42
2007190150,16/05/2008,-21.8341,135.5159,NT, ,,2007190150002 Fine,<75 µm,BOS,7.34
2007190151,28/02/2008,-26.4977,121.6282,WA, ,,2007190151001 Fine,<75 µm,TOS,27.61
2007190151,28/02/2008,-26.4977,121.6282,WA, ,,2007190151002 Fine,<75 µm,BOS,8.1
2007190152,29/01/2008,-30.8382,126.2394,WA, ,,2007190152001 Fine,<75 µm,TOS,40.54
2007190152,29/01/2008,-30.8382,126.2394,WA, ,,2007190152002 Fine,<75 µm,BOS,19.39
2007190153,15/12/2007,-33.7314,121.9907,WA, ,,2007190153001 Fine,<75 µm,TOS,14.23
2007190153,15/12/2007,-33.7314,121.9907,WA, ,,2007190153002 Fine,<75 µm,BOS,12.32
2007190154,8/09/2008,-12.4952,141.8922,QLD,Duplicate 1,2007190568,2007190154001 Fine,<75 µm,TOS,91.05
2007190154,8/09/2008,-12.4952,141.8922,QLD,Duplicate 1,2007190568,2007190154002 Fine,<75 µm,BOS,105.42
2007190155,23/05/2008,-24.9771,138.7357,QLD,Duplicate 1,2007191031,2007190155001 Fine,<75 µm,TOS,18.35
2007190155,23/05/2008,-24.9771,138.7357,QLD,Duplicate 1,2007191031,2007190155002 Fine,<75 µm,BOS,8.88
2007190156,27/05/2008,-30.2352,142.4503,NSW, ,,2007190156001 Fine,<75 µm,TOS,11.73
2007190156,27/05/2008,-30.2352,142.4503,NSW, ,,2007190156002 Fine,<75 µm,BOS,12.37
2007190158,22/05/2008,-18.2815,134.2266,NT, ,,2007190158001 Fine,<75 µm,TOS,8.31
2007190158,22/05/2008,-18.2815,134.2266,NT, ,,2007190158002 Fine,<75 µm,BOS,5.78
2007190159,19/06/2009,-30.6589,130.0314,SA, ,,2007190159001 Fine,<75 µm,TOS,27.82
2007190159,19/06/2009,-30.6589,130.0314,SA, ,,2007190159002 Fine,<75 µm,BOS,41.67
2007190161,26/03/2008,-29.3572,121.8765,WA,Duplicate 1,2007191413,2007190161001 Fine,<75 µm,TOS,8.23
2007190161,26/03/2008,-29.3572,121.8765,WA,Duplicate 1,2007191413,2007190161002 Fine,<75 µm,BOS,5.82
2007190162,18/10/2007,-35.1156,141.5534,VIC, ,,2007190162001 Fine,<75 µm,TOS,15.14
2007190162,18/10/2007,-35.1156,141.5534,VIC, ,,2007190162002 Fine,<75 µm,BOS,4.67
2007190163,15/01/2008,-32.9117,115.8234,WA, ,,2007190163001 Fine,<75 µm,TOS,41.37
2007190164,26/09/2009,-31.9102,135.2598,SA, ,,2007190164001 Fine,<75 µm,TOS,52.17
2007190165,17/04/2008,-25.2261,131.7118,NT, ,,2007190165001 Fine,<75 µm,TOS,7.16
2007190165,17/04/2008,-25.2261,131.7118,NT, ,,2007190165002 Fine,<75 µm,BOS,11.28
2007190166,27/03/2008,-29.5292,123.1426,WA, ,,2007190166001 Fine,<75 µm,TOS,2.63
2007190166,27/03/2008,-29.5292,123.1426,WA, ,,2007190166002 Fine,<75 µm,BOS,0.95
2007190167,28/02/2008,-25.0138,118.2705,WA, ,,2007190167001 Fine,<75 µm,TOS,21.6
2007190167,28/02/2008,-25.0138,118.2705,WA, ,,2007190167002 Fine,<75 µm,BOS,12.11
2007190168,22/02/2008,-33.9792,147.5618,NSW, ,,2007190168001 Fine,<75 µm,TOS,11.82
2007190168,22/02/2008,-33.9792,147.5618,NSW, ,,2007190168002 Fine,<75 µm,BOS,7.44
2007190169,13/08/2009,-12.9273,135.0381,NT, ,,2007190169001 Fine,<75 µm,TOS,20.92
2007190169,13/08/2009,-12.9273,135.0381,NT, ,,2007190169002 Fine,<75 µm,BOS,10.71
2007190170,15/08/2008,-13.6279,141.7009,QLD, ,,2007190170001 Fine,<75 µm,TOS,18.6
2007190170,15/08/2008,-13.6279,141.7009,QLD, ,,2007190170002 Fine,<75 µm,BOS,5.21
2007190172,16/10/2007,-36.1532,141.9985,VIC, ,,2007190172001 Fine,<75 µm,TOS,23.76
2007190172,16/10/2007,-36.1532,141.9985,VIC, ,,2007190172002 Fine,<75 µm,BOS,4.41
2007190174,26/03/2009,-35.777,140.4609,SA, ,,2007190174002 Fine,<75 µm,BOS,18.63
2007190177,16/08/2009,-14.0074,134.4374,NT, ,,2007190177001 Fine,<75 µm,TOS,19.61
2007190177,16/08/2009,-14.0074,134.4374,NT, ,,2007190177002 Fine,<75 µm,BOS,11.14
2007190178,4/09/2008,-16.4287,130.934,NT, ,,2007190178001 Fine,<75 µm,TOS,10.03
2007190178,4/09/2008,-16.4287,130.934,NT, ,,2007190178002 Fine,<75 µm,BOS,6.5
2007190179,9/09/2009,-27.0123,136.8879,SA, ,,2007190179001 Fine,<75 µm,TOS,3.95
2007190179,9/09/2009,-27.0123,136.8879,SA, ,,2007190179002 Fine,<75 µm,BOS,9.89
2007190181,2/03/2008,-30.1478,148.3915,NSW,Duplicate 1,2007191396,2007190181001 Fine,<75 µm,TOS,24.02
2007190181,2/03/2008,-30.1478,148.3915,NSW,Duplicate 1,2007191396,2007190181002 Fine,<75 µm,BOS,7.66
2007190182,18/12/2007,-35.0312,147.1067,NSW, ,,2007190182001 Fine,<75 µm,TOS,34.03
2007190182,18/12/2007,-35.0312,147.1067,NSW, ,,2007190182002 Fine,<75 µm,BOS,11.39
2007190183,18/04/2008,-25.2963,133.1004,NT,Duplicate 1,2007190471,2007190183001 Fine,<75 µm,TOS,4.18
2007190183,18/04/2008,-25.2963,133.1004,NT,Duplicate 1,2007190471,2007190183002 Fine,<75 µm,BOS,4.59
2007190184,4/03/2009,-24.472,130.283,NT, ,,2007190184001 Fine,<75 µm,TOS,10.6
2007190184,4/03/2009,-24.472,130.283,NT, ,,2007190184002 Fine,<75 µm,BOS,3.46
2007190185,5/03/2008,-22.9134,116.2835,WA,Duplicate 1,2007191253,2007190185001 Fine,<75 µm,TOS,13.99
2007190185,5/03/2008,-22.9134,116.2835,WA,Duplicate 1,2007191253,2007190185002 Fine,<75 µm,BOS,10.35
2007190187,21/07/2009,-31.8119,133.8616,SA, ,,2007190187001 Fine,<75 µm,TOS,39.95
2007190187,21/07/2009,-31.8119,133.8616,SA, ,,2007190187002 Fine,<75 µm,BOS,28.75
2007190188,8/12/2008,-28.4285,136.8471,SA, ,,2007190188001 Fine,<75 µm,TOS,6.96
2007190188,8/12/2008,-28.4285,136.8471,SA, ,,2007190188002 Fine,<75 µm,BOS,8.73
2007190189,20/02/2008,-34.089,141.9154,NSW,Duplicate 1,2007191542,2007190189001 Fine,<75 µm,TOS,9.43
2007190189,20/02/2008,-34.089,141.9154,NSW,Duplicate 1,2007191542,2007190189002 Fine,<75 µm,BOS,12.53
2007190190,24/02/2008,-25.6406,119.8766,WA, ,,2007190190001 Fine,<75 µm,TOS,5.89
2007190190,24/02/2008,-25.6406,119.8766,WA, ,,2007190190002 Fine,<75 µm,BOS,6.8
2007190192,13/03/2008,-32.5643,151.0905,NSW, ,,2007190192001 Fine,<75 µm,TOS,25.21
2007190192,13/03/2008,-32.5643,151.0905,NSW, ,,2007190192002 Fine,<75 µm,BOS,19.3
2007190193,19/12/2007,-35.3465,145.5362,NSW,Duplicate 1,2007190788,2007190193001 Fine,<75 µm,TOS,75.06
2007190193,19/12/2007,-35.3465,145.5362,NSW,Duplicate 1,2007190788,2007190193002 Fine,<75 µm,BOS,10.28
2007190194,11/06/2007,-31.5759,147.1768,NSW,Duplicate 1,2007190704,2007190194001 Fine,<75 µm,TOS,24.37
2007190194,11/06/2007,-31.5759,147.1768,NSW,Duplicate 1,2007190704,2007190194002 Fine,<75 µm,BOS,15.91
2007190195,11/04/2009,-31.797,134.6169,SA, ,,2007190195002 Fine,<75 µm,BOS,30.76
2007190196,25/01/2008,-33.1768,144.5708,NSW, ,,2007190196002 Fine,<75 µm,BOS,5.88
2007190197,15/06/2008,-17.0774,124.0679,WA,Duplicate 1,2007190962,2007190197001 Fine,<75 µm,TOS,10.47
2007190197,15/06/2008,-17.0774,124.0679,WA,Duplicate 1,2007190962,2007190197002 Fine,<75 µm,BOS,12.2
2007190198,27/05/2008,-25.4652,140.886,QLD, ,,2007190198001 Fine,<75 µm,TOS,8.21
2007190198,27/05/2008,-25.4652,140.886,QLD, ,,2007190198002 Fine,<75 µm,BOS,5.64
2007190202,11/01/2007,-27.4679,147.3002,QLD, ,,2007190202001 Fine,<75 µm,TOS,17.24
2007190202,11/01/2007,-27.4679,147.3002,QLD, ,,2007190202002 Fine,<75 µm,BOS,15.2
2007190203,29/04/2008,-27.4302,116.8246,WA, ,,2007190203001 Fine,<75 µm,TOS,12.95
2007190203,29/04/2008,-27.4302,116.8246,WA, ,,2007190203002 Fine,<75 µm,BOS,21.58
2007190204,29/07/2008,-19.9721,133.6034,NT, ,,2007190204001 Fine,<75 µm,TOS,13.35
2007190204,29/07/2008,-19.9721,133.6034,NT, ,,2007190204002 Fine,<75 µm,BOS,10.92
2007190205,10/02/2007,-20.8043,143.5416,QLD, ,,2007190205001 Fine,<75 µm,TOS,12.82
2007190205,10/02/2007,-20.8043,143.5416,QLD, ,,2007190205002 Fine,<75 µm,BOS,10.94
2007190206,6/08/2008,-20.8551,119.7656,WA, ,,2007190206001 Fine,<75 µm,TOS,15.77
2007190206,6/08/2008,-20.8551,119.7656,WA, ,,2007190206002 Fine,<75 µm,BOS,8.07
2007190207,12/11/2007,-32.9995,118.5549,WA, ,,2007190207001 Fine,<75 µm,TOS,17.19
2007190207,12/11/2007,-32.9995,118.5549,WA, ,,2007190207002 Fine,<75 µm,BOS,10.4
2007190208,27/10/2007,-24.1356,151.6922,QLD,Duplicate 1,2007191593,2007190208001 Fine,<75 µm,TOS,8.42
2007190208,27/10/2007,-24.1356,151.6922,QLD,Duplicate 1,2007191593,2007190208002 Fine,<75 µm,BOS,9.96
2007190209,18/05/2008,-20.042,137.0153,NT,Duplicate 1,2007191254,2007190209001 Fine,<75 µm,TOS,10.79
2007190209,18/05/2008,-20.042,137.0153,NT,Duplicate 1,2007191254,2007190209002 Fine,<75 µm,BOS,7.47
2007190211,19/09/2007,-17.7658,139.56,QLD, ,,2007190211001 Fine,<75 µm,TOS,4.88
2007190211,19/09/2007,-17.7658,139.56,QLD, ,,2007190211002 Fine,<75 µm,BOS,4.16
2007190212,4/01/2009,-23.5789,131.1365,NT,Duplicate 1,2007190747,2007190212001 Fine,<75 µm,TOS,23.75
2007190212,4/01/2009,-23.5789,131.1365,NT,Duplicate 1,2007190747,2007190212002 Fine,<75 µm,BOS,18.85
2007190213,4/02/2008,-22.7004,114.8981,WA,Duplicate 2,2007190003,2007190213001 Fine,<75 µm,TOS,9.64
2007190213,4/02/2008,-22.7004,114.8981,WA,Duplicate 2,2007190003,2007190213002 Fine,<75 µm,BOS,6.68
2007190214,30/04/2008,-30.023,145.3978,NSW, ,,2007190214001 Fine,<75 µm,TOS,11.54
2007190214,30/04/2008,-30.023,145.3978,NSW, ,,2007190214002 Fine,<75 µm,BOS,12.89
2007190215,5/09/2008,-25.3946,135.3772,NT, ,,2007190215001 Fine,<75 µm,TOS,8.67
2007190215,5/09/2008,-25.3946,135.3772,NT, ,,2007190215002 Fine,<75 µm,BOS,5.35
2007190216,30/09/2009,-31.4555,137.3559,SA, ,,2007190216001 Fine,<75 µm,TOS,13.7
2007190216,30/09/2009,-31.4555,137.3559,SA, ,,2007190216002 Fine,<75 µm,BOS,6.77
2007190217,28/05/2008,-24.4484,142.0551,QLD, ,,2007190217001 Fine,<75 µm,TOS,14.85
2007190217,28/05/2008,-24.4484,142.0551,QLD, ,,2007190217002 Fine,<75 µm,BOS,22.09
2007190218,4/04/2008,-28.3466,125.3904,WA,Duplicate 1,2007191348,2007190218001 Fine,<75 µm,TOS,10.68
2007190218,4/04/2008,-28.3466,125.3904,WA,Duplicate 1,2007191348,2007190218002 Fine,<75 µm,BOS,23.42
2007190219,6/04/2008,-25.9644,141.623,QLD, ,,2007190219001 Fine,<75 µm,TOS,10.04
2007190219,6/04/2008,-25.9644,141.623,QLD, ,,2007190219002 Fine,<75 µm,BOS,15.87
2007190221,8/05/2009,-14.2767,130.0637,NT, ,,2007190221001 Fine,<75 µm,TOS,34.58
2007190221,8/05/2009,-14.2767,130.0637,NT, ,,2007190221002 Fine,<75 µm,BOS,20.2
2007190222,12/03/2007,-31.4629,116.7211,WA, ,,2007190222001 Fine,<75 µm,TOS,10.04
2007190222,12/03/2007,-31.4629,116.7211,WA, ,,2007190222002 Fine,<75 µm,BOS,6.3
2007190223,8/11/2009,-27.693,138.2812,SA, ,,2007190223001 Fine,<75 µm,TOS,8.39
2007190223,8/11/2009,-27.693,138.2812,SA, ,,2007190223002 Fine,<75 µm,BOS,2.72
2007190224,22/11/2008,-33.9046,136.5596,SA, ,,2007190224001 Fine,<75 µm,TOS,25.94
2007190224,22/11/2008,-33.9046,136.5596,SA, ,,2007190224002 Fine,<75 µm,BOS,68.21
2007190225,29/10/2008,-27.9889,143.837,QLD, ,,2007190225001 Fine,<75 µm,TOS,11.46
2007190225,29/10/2008,-27.9889,143.837,QLD, ,,2007190225002 Fine,<75 µm,BOS,9.58
2007190226,2/04/2008,-29.6545,148.5844,NSW, ,,2007190226001 Fine,<75 µm,TOS,8.15
2007190226,2/04/2008,-29.6545,148.5844,NSW, ,,2007190226002 Fine,<75 µm,BOS,6.99
2007190227,6/07/2008,-28.6086,142.5779,QLD, ,,2007190227001 Fine,<75 µm,TOS,10.95
2007190227,6/07/2008,-28.6086,142.5779,QLD, ,,2007190227002 Fine,<75 µm,BOS,15.45
2007190228,17/07/2007,-32.9836,138.0154,SA, ,,2007190228001 Fine,<75 µm,TOS,23.81
2007190228,17/07/2007,-32.9836,138.0154,SA, ,,2007190228002 Fine,<75 µm,BOS,34.54
2007190229,7/03/2007,-31.2279,119.6805,WA, ,,2007190229001 Fine,<75 µm,TOS,5.23
2007190229,7/03/2007,-31.2279,119.6805,WA, ,,2007190229002 Fine,<75 µm,BOS,1.28
2007190230,22/02/2008,-28.2882,118.3183,WA, ,,2007190230001 Fine,<75 µm,TOS,32.62
2007190230,22/02/2008,-28.2882,118.3183,WA, ,,2007190230002 Fine,<75 µm,BOS,29.76
2007190231,17/11/2007,-28.3554,116.6591,WA, ,,2007190231001 Fine,<75 µm,TOS,4.45
2007190231,17/11/2007,-28.3554,116.6591,WA, ,,2007190231002 Fine,<75 µm,BOS,7.82
2007190232,23/10/2007,-36.1712,144.7471,VIC, ,,2007190232001 Fine,<75 µm,TOS,30.65
2007190232,23/10/2007,-36.1712,144.7471,VIC, ,,2007190232002 Fine,<75 µm,BOS,36.67
2007190233,15/05/2008,-22.2404,137.1125,NT, ,,2007190233001 Fine,<75 µm,TOS,12.39
2007190233,15/05/2008,-22.2404,137.1125,NT, ,,2007190233002 Fine,<75 µm,BOS,7.31
2007190234,26/10/2007,-28.0505,150.1469,QLD, ,,2007190234001 Fine,<75 µm,TOS,11.63
2007190234,26/10/2007,-28.0505,150.1469,QLD, ,,2007190234002 Fine,<75 µm,BOS,9.38
2007190235,3/01/2008,-24.7004,115.309,WA, ,,2007190235001 Fine,<75 µm,TOS,16.8
2007190235,3/01/2008,-24.7004,115.309,WA, ,,2007190235002 Fine,<75 µm,BOS,15.7
2007190237,14/10/2007,-24.0527,147.7664,QLD, ,,2007190237001 Fine,<75 µm,TOS,16.46
2007190237,14/10/2007,-24.0527,147.7664,QLD, ,,2007190237002 Fine,<75 µm,BOS,27.8
2007190238,4/01/2008,-27.2707,122.9383,WA, ,,2007190238001 Fine,<75 µm,TOS,7.06
2007190238,4/01/2008,-27.2707,122.9383,WA, ,,2007190238002 Fine,<75 µm,BOS,8.04
2007190239,30/07/2008,-20.7317,133.4897,NT, ,,2007190239001 Fine,<75 µm,TOS,21.34
2007190241,3/12/2008,-32.3995,150.3716,NSW,Duplicate 1,2007190978,2007190241001 Fine,<75 µm,TOS,17.45
2007190241,3/12/2008,-32.3995,150.3716,NSW,Duplicate 1,2007190978,2007190241002 Fine,<75 µm,BOS,14.02
2007190242,19/04/2008,-24.8289,134.1901,NT, ,,2007190242001 Fine,<75 µm,TOS,2.73
2007190242,19/04/2008,-24.8289,134.1901,NT, ,,2007190242002 Fine,<75 µm,BOS,7.47
2007190243,19/02/2008,-34.0558,141.7953,NSW, ,,2007190243001 Fine,<75 µm,TOS,10.23
2007190243,19/02/2008,-34.0558,141.7953,NSW, ,,2007190243002 Fine,<75 µm,BOS,12.51
2007190244,3/06/2008,-28.6164,119.0561,WA, ,,2007190244001 Fine,<75 µm,TOS,21.55
2007190244,3/06/2008,-28.6164,119.0561,WA, ,,2007190244002 Fine,<75 µm,BOS,18.72
2007190245,28/03/2008,-28.7293,123.8622,WA, ,,2007190245001 Fine,<75 µm,TOS,24.55
2007190245,28/03/2008,-28.7293,123.8622,WA, ,,2007190245002 Fine,<75 µm,BOS,22.5
2007190246,17/07/2008,-16.0825,136.3183,NT, ,,2007190246001 Fine,<75 µm,TOS,9.62
2007190246,17/07/2008,-16.0825,136.3183,NT, ,,2007190246002 Fine,<75 µm,BOS,6.37
2007190248,26/10/2008,-28.0636,139.2786,SA,Duplicate 1,2007191198,2007190248001 Fine,<75 µm,TOS,5.33
2007190249,21/02/2008,-29.9187,121.3594,WA, ,,2007190249001 Fine,<75 µm,TOS,13.15
2007190249,21/02/2008,-29.9187,121.3594,WA, ,,2007190249002 Fine,<75 µm,BOS,33.86
2007190251,26/09/2009,-31.6779,135.386,SA, ,,2007190251002 Fine,<75 µm,BOS,2.24
2007190252,8/06/2008,-14.6245,144.2471,QLD, ,,2007190252001 Fine,<75 µm,TOS,26.47
2007190252,8/06/2008,-14.6245,144.2471,QLD, ,,2007190252002 Fine,<75 µm,BOS,10.89
2007190253,27/09/2008,-30.8376,140.6597,SA, ,,2007190253001 Fine,<75 µm,TOS,11.67
2007190253,27/09/2008,-30.8376,140.6597,SA, ,,2007190253002 Fine,<75 µm,BOS,15.02
2007190256,8/12/2008,-28.1337,136.7866,SA,Duplicate 1,2007190875,2007190256001 Fine,<75 µm,TOS,6.2
2007190256,8/12/2008,-28.1337,136.7866,SA,Duplicate 1,2007190875,2007190256002 Fine,<75 µm,BOS,5.1
2007190257,16/10/2007,-35.8178,142.4117,VIC, ,,2007190257001 Fine,<75 µm,TOS,20.2
2007190257,16/10/2007,-35.8178,142.4117,VIC, ,,2007190257002 Fine,<75 µm,BOS,17.39
2007190258,2/07/2008,-29.2165,152.5645,NSW,Duplicate 1,2007191176,2007190258001 Fine,<75 µm,TOS,30.07
2007190258,2/07/2008,-29.2165,152.5645,NSW,Duplicate 1,2007191176,2007190258002 Fine,<75 µm,BOS,31.79
2007190259,9/06/2007,-33.3491,145.882,NSW, ,,2007190259001 Fine,<75 µm,TOS,12.31
2007190259,9/06/2007,-33.3491,145.882,NSW, ,,2007190259002 Fine,<75 µm,BOS,26.81
2007190261,10/06/2007,-18.5404,144.1146,QLD, ,,2007190261001 Fine,<75 µm,TOS,12.07
2007190261,10/06/2007,-18.5404,144.1146,QLD, ,,2007190261002 Fine,<75 µm,BOS,11.55
2007190263,4/02/2008,-32.4377,142.5283,NSW, ,,2007190263001 Fine,<75 µm,TOS,8.49
2007190263,4/02/2008,-32.4377,142.5283,NSW, ,,2007190263002 Fine,<75 µm,BOS,5.06
2007190264,10/12/2007,-20.9932,146.2946,QLD, ,,2007190264001 Fine,<75 µm,TOS,9.92
2007190264,10/12/2007,-20.9932,146.2946,QLD, ,,2007190264002 Fine,<75 µm,BOS,9.48
2007190265,10/09/2007,-19.641,136.0504,NT, ,,2007190265001 Fine,<75 µm,TOS,11.08
2007190265,10/09/2007,-19.641,136.0504,NT, ,,2007190265002 Fine,<75 µm,BOS,7.98
2007190266,17/07/2008,-29.1721,136.3256,SA,Duplicate 1,2007191458,2007190266001 Fine,<75 µm,TOS,6.62
2007190267,4/04/2008,-20.9514,117.4412,WA, ,,2007190267001 Fine,<75 µm,TOS,26.65
2007190267,4/04/2008,-20.9514,117.4412,WA, ,,2007190267002 Fine,<75 µm,BOS,14.38
2007190268,19/12/2007,-35.3487,146.2836,NSW, ,,2007190268001 Fine,<75 µm,TOS,17.01
2007190269,30/05/2008,-22.8591,131.5524,NT, ,,2007190269001 Fine,<75 µm,TOS,28.9
2007190269,30/05/2008,-22.8591,131.5524,NT, ,,2007190269002 Fine,<75 µm,BOS,21.81
2007190271,27/05/2008,-29.3302,142.5206,NSW, ,,2007190271001 Fine,<75 µm,TOS,12.03
2007190271,27/05/2008,-29.3302,142.5206,NSW, ,,2007190271002 Fine,<75 µm,BOS,5.02
2007190272,19/05/2009,-30.8484,138.1672,SA, ,,2007190272001 Fine,<75 µm,TOS,14.45
2007190272,19/05/2009,-30.8484,138.1672,SA, ,,2007190272002 Fine,<75 µm,BOS,3.56
2007190273,29/05/2008,-25.1788,143.2605,QLD, ,,2007190273001 Fine,<75 µm,TOS,11.33
2007190275,12/06/2007,-30.312,119.0205,WA, ,,2007190275002 Fine,<75 µm,BOS,15.31
2007190276,30/04/2008,-29.6406,145.2503,NSW, ,,2007190276001 Fine,<75 µm,TOS,15.41
2007190276,30/04/2008,-29.6406,145.2503,NSW, ,,2007190276002 Fine,<75 µm,BOS,6.99
2007190278,2/05/2008,-29.4583,150.0853,NSW, ,,2007190278001 Fine,<75 µm,TOS,18.48
2007190278,2/05/2008,-29.4583,150.0853,NSW, ,,2007190278002 Fine,<75 µm,BOS,13.83
2007190279,18/12/2007,-35.1245,147.5432,NSW, ,,2007190279001 Fine,<75 µm,TOS,16.19
2007190279,18/12/2007,-35.1245,147.5432,NSW, ,,2007190279002 Fine,<75 µm,BOS,16.99
2007190281,30/03/2008,-23.8917,113.9952,WA, ,,2007190281001 Fine,<75 µm,TOS,11.76
2007190282,3/01/2008,-24.1068,116.455,WA, ,,2007190282001 Fine,<75 µm,TOS,18.99
2007190282,3/01/2008,-24.1068,116.455,WA, ,,2007190282002 Fine,<75 µm,BOS,17.93
2007190283,4/02/2009,-24.5338,131.2238,NT, ,,2007190283001 Fine,<75 µm,TOS,30.49
2007190283,4/02/2009,-24.5338,131.2238,NT, ,,2007190283002 Fine,<75 µm,BOS,38.23
2007190286,14/04/2008,-30.4583,147.6841,NSW, ,,2007190286001 Fine,<75 µm,TOS,288.83
2007190286,14/04/2008,-30.4583,147.6841,NSW, ,,2007190286002 Fine,<75 µm,BOS,71.71
2007190287,18/11/2007,-29.5506,115.8131,WA, ,,2007190287001 Fine,<75 µm,TOS,8.57
2007190287,18/11/2007,-29.5506,115.8131,WA, ,,2007190287002 Fine,<75 µm,BOS,8.01
2007190288,7/12/2008,-14.94,132.4177,NT, ,,2007190288001 Fine,<75 µm,TOS,12.72
2007190288,7/12/2008,-14.94,132.4177,NT, ,,2007190288002 Fine,<75 µm,BOS,7.68
2007190289,12/04/2007,-32.0513,118.1665,WA,Duplicate 2,2007190071,2007190289001 Fine,<75 µm,TOS,13.45
2007190290,23/05/2008,-17.6576,133.5424,NT, ,,2007190290001 Fine,<75 µm,TOS,10.31
2007190290,23/05/2008,-17.6576,133.5424,NT, ,,2007190290002 Fine,<75 µm,BOS,5.58
2007190291,17/08/2009,-14.0533,135.8666,NT, ,,2007190291001 Fine,<75 µm,TOS,5.74
2007190291,17/08/2009,-14.0533,135.8666,NT, ,,2007190291002 Fine,<75 µm,BOS,5.39
2007190292,27/02/2008,-25.2228,118.9882,WA, ,,2007190292002 Fine,<75 µm,BOS,44.91
2007190294,9/08/2009,-26.9311,133.8295,SA, ,,2007190294001 Fine,<75 µm,TOS,16.03
2007190294,9/08/2009,-26.9311,133.8295,SA, ,,2007190294002 Fine,<75 µm,BOS,7.21
2007190296,29/07/2008,-19.9216,132.5965,NT,Duplicate 1,2007190758,2007190296001 Fine,<75 µm,TOS,14.17
2007190298,25/05/2008,-25.0562,140.1791,QLD, ,,2007190298001 Fine,<75 µm,TOS,9.12
2007190301,16/08/2009,-14.6808,134.5749,NT, ,,2007190301001 Fine,<75 µm,TOS,9.47
2007190301,16/08/2009,-14.6808,134.5749,NT, ,,2007190301002 Fine,<75 µm,BOS,6.94
2007190302,19/02/2008,-33.8883,119.8638,WA, ,,2007190302001 Fine,<75 µm,TOS,10.34
2007190302,19/02/2008,-33.8883,119.8638,WA, ,,2007190302002 Fine,<75 µm,BOS,11.65
2007190303,24/10/2007,-23.6526,151.0544,QLD, ,,2007190303001 Fine,<75 µm,TOS,21.32
2007190303,24/10/2007,-23.6526,151.0544,QLD, ,,2007190303002 Fine,<75 µm,BOS,15.23
2007190304,16/11/2007,-27.3553,115.9009,WA, ,,2007190304001 Fine,<75 µm,TOS,18.35
2007190305,4/03/2008,-21.2912,116.1483,WA, ,,2007190305001 Fine,<75 µm,TOS,20.55
2007190305,4/03/2008,-21.2912,116.1483,WA, ,,2007190305002 Fine,<75 µm,BOS,16.73
2007190307,10/05/2007,-16.4337,143.8043,QLD, ,,2007190307001 Fine,<75 µm,TOS,20.6
2007190307,10/05/2007,-16.4337,143.8043,QLD, ,,2007190307002 Fine,<75 µm,BOS,14.49
2007190308,10/07/2007,-19.4783,135.2878,NT, ,,2007190308001 Fine,<75 µm,TOS,26.39
2007190308,10/07/2007,-19.4783,135.2878,NT, ,,2007190308002 Fine,<75 µm,BOS,19.45
2007190309,5/07/2008,-23.3762,117.0388,WA, ,,2007190309001 Fine,<75 µm,TOS,12.92
2007190309,5/07/2008,-23.3762,117.0388,WA, ,,2007190309002 Fine,<75 µm,BOS,10.97
2007190310,6/10/2008,-20.204,121.3139,WA, ,,2007190310001 Fine,<75 µm,TOS,8.72
2007190310,6/10/2008,-20.204,121.3139,WA, ,,2007190310002 Fine,<75 µm,BOS,9.34
2007190311,13/11/2007,-30.5386,115.2264,WA,Duplicate 1,2007191259,2007190311001 Fine,<75 µm,TOS,22.67
2007190312,27/05/2008,-25.6009,142.7897,QLD, ,,2007190312001 Fine,<75 µm,TOS,15.37
2007190313,13/07/2008,-13.8248,130.7263,NT, ,,2007190313001 Fine,<75 µm,TOS,14.41
2007190315,6/09/2008,-20.3261,119.3061,WA, ,,2007190315001 Fine,<75 µm,TOS,11.03
2007190315,6/09/2008,-20.3261,119.3061,WA, ,,2007190315002 Fine,<75 µm,BOS,12.29
2007190316,14/11/2007,-28.8365,114.8258,WA, ,,2007190316001 Fine,<75 µm,TOS,18.12
2007190317,14/06/2008,-17.3729,124.0278,WA, ,,2007190317001 Fine,<75 µm,TOS,6.35
2007190317,14/06/2008,-17.3729,124.0278,WA, ,,2007190317002 Fine,<75 µm,BOS,4.82
2007190318,8/06/2008,-15.1562,144.343,QLD, ,,2007190318001 Fine,<75 µm,TOS,14.29
2007190318,8/06/2008,-15.1562,144.343,QLD, ,,2007190318002 Fine,<75 µm,BOS,13.66
2007190319,2/05/2008,-42.4472,145.5385,TAS, ,,2007190319001 Fine,<75 µm,TOS,26.69
2007190319,2/05/2008,-42.4472,145.5385,TAS, ,,2007190319002 Fine,<75 µm,BOS,28.19
2007190322,10/10/2007,-17.4075,143.7996,QLD, ,,2007190322001 Fine,<75 µm,TOS,10.41
2007190322,10/10/2007,-17.4075,143.7996,QLD, ,,2007190322002 Fine,<75 µm,BOS,9.33
2007190323,19/09/2007,-12.8,132.7344,NT, ,,2007190323001 Fine,<75 µm,TOS,22.83
2007190323,19/09/2007,-12.8,132.7344,NT, ,,2007190323002 Fine,<75 µm,BOS,18
2007190324,24/01/2008,-31.7374,124.4479,WA, ,,2007190324001 Fine,<75 µm,TOS,37.91
2007190324,24/01/2008,-31.7374,124.4479,WA, ,,2007190324002 Fine,<75 µm,BOS,39.04
2007190326,24/05/2009,-29.4488,137.7461,SA, ,,2007190326001 Fine,<75 µm,TOS,10.26
2007190326,24/05/2009,-29.4488,137.7461,SA, ,,2007190326002 Fine,<75 µm,BOS,5.7
2007190327,25/02/2008,-26.1269,118.2939,WA, ,,2007190327001 Fine,<75 µm,TOS,16.28
2007190327,25/02/2008,-26.1269,118.2939,WA, ,,2007190327002 Fine,<75 µm,BOS,12.8
2007190328,6/12/2008,-18.7158,121.9302,WA,Duplicate 1,2007191598,2007190328001 Fine,<75 µm,TOS,11.63
2007190328,6/12/2008,-18.7158,121.9302,WA,Duplicate 1,2007191598,2007190328002 Fine,<75 µm,BOS,10.89
2007190331,30/09/2008,-31.2245,139.6533,SA, ,,2007190331001 Fine,<75 µm,TOS,13.96
2007190331,30/09/2008,-31.2245,139.6533,SA, ,,2007190331002 Fine,<75 µm,BOS,13.26
2007190332,6/08/2008,-20.6666,117.9535,WA, ,,2007190332001 Fine,<75 µm,TOS,13.42
2007190332,6/08/2008,-20.6666,117.9535,WA, ,,2007190332002 Fine,<75 µm,BOS,13.86
2007190333,21/09/2007,-13.1527,130.5414,NT, ,,2007190333001 Fine,<75 µm,TOS,14.17
2007190333,21/09/2007,-13.1527,130.5414,NT, ,,2007190333002 Fine,<75 µm,BOS,11.8
2007190334,29/04/2008,-30.3131,145.619,NSW, ,,2007190334001 Fine,<75 µm,TOS,12.93
2007190334,29/04/2008,-30.3131,145.619,NSW, ,,2007190334002 Fine,<75 µm,BOS,7.87
2007190335,4/04/2008,-32.6919,145.157,NSW,Duplicate 1,2007190692,2007190335001 Fine,<75 µm,TOS,27.27
2007190335,4/04/2008,-32.6919,145.157,NSW,Duplicate 1,2007190692,2007190335002 Fine,<75 µm,BOS,27.5
2007190336,6/04/2008,-23.1731,120.0197,WA, ,,2007190336001 Fine,<75 µm,TOS,30.38
2007190336,6/04/2008,-23.1731,120.0197,WA, ,,2007190336002 Fine,<75 µm,BOS,39.56
2007190337,22/05/2008,-18.6619,134.8477,NT, ,,2007190337002 Fine,<75 µm,BOS,3.74
2007190338,24/10/2008,-27.0475,140.6795,SA, ,,2007190338002 Fine,<75 µm,BOS,5.04
2007190339,6/05/2008,-22.444,119.664,WA, ,,2007190339001 Fine,<75 µm,TOS,9.35
2007190339,6/05/2008,-22.444,119.664,WA, ,,2007190339002 Fine,<75 µm,BOS,11.66
2007190342,29/02/2008,-25.1472,116.9345,WA,Duplicate 1,2007190989,2007190342001 Fine,<75 µm,TOS,34.68
2007190342,29/02/2008,-25.1472,116.9345,WA,Duplicate 1,2007190989,2007190342002 Fine,<75 µm,BOS,14.89
2007190343,14/08/2008,-12.5553,143.1587,QLD, ,,2007190343001 Fine,<75 µm,TOS,26.8
2007190343,14/08/2008,-12.5553,143.1587,QLD, ,,2007190343002 Fine,<75 µm,BOS,14.88
2007190344,4/01/2008,-23.0337,141.7384,QLD, ,,2007190344001 Fine,<75 µm,TOS,7.52
2007190344,4/01/2008,-23.0337,141.7384,QLD, ,,2007190344002 Fine,<75 µm,BOS,6.7
2007190345,8/10/2009,-11.2978,132.3044,NT, ,,2007190345001 Fine,<75 µm,TOS,9.42
2007190345,8/10/2009,-11.2978,132.3044,NT, ,,2007190345002 Fine,<75 µm,BOS,14.53
2007190346,15/04/2008,-30.0768,147.5615,NSW, ,,2007190346001 Fine,<75 µm,TOS,16.54
2007190347,19/05/2008,-21.0631,137.9789,NT, ,,2007190347001 Fine,<75 µm,TOS,8.24
2007190347,19/05/2008,-21.0631,137.9789,NT, ,,2007190347002 Fine,<75 µm,BOS,6.89
2007190348,10/05/2007,-17.5933,143.186,QLD, ,,2007190348001 Fine,<75 µm,TOS,8.4
2007190348,10/05/2007,-17.5933,143.186,QLD, ,,2007190348002 Fine,<75 µm,BOS,8.82
2007190349,6/07/2008,-20.857,120.6887,WA,Duplicate 1,2007191436,2007190349001 Fine,<75 µm,TOS,20.57
2007190349,6/07/2008,-20.857,120.6887,WA,Duplicate 1,2007191436,2007190349002 Fine,<75 µm,BOS,23.31
2007190350,13/05/2008,-37.081,140.7937,SA, ,,2007190350001 Fine,<75 µm,TOS,24.79
2007190352,14/04/2008,-38.6978,145.8815,VIC,Duplicate 1,2007190611,2007190352001 Fine,<75 µm,TOS,99.33
2007190352,14/04/2008,-38.6978,145.8815,VIC,Duplicate 1,2007190611,2007190352002 Fine,<75 µm,BOS,57.32
2007190354,6/11/2008,-19.4493,121.5819,WA, ,,2007190354001 Fine,<75 µm,TOS,4.52
2007190354,6/11/2008,-19.4493,121.5819,WA, ,,2007190354002 Fine,<75 µm,BOS,5.45
2007190355,3/03/2008,-28.6927,120.9417,WA,Duplicate 1,2007191257,2007190355001 Fine,<75 µm,TOS,10.65
2007190355,3/03/2008,-28.6927,120.9417,WA,Duplicate 1,2007191257,2007190355002 Fine,<75 µm,BOS,8.81
2007190357,16/07/2008,-15.0452,135.21,NT,Duplicate 1,2007190856,2007190357001 Fine,<75 µm,TOS,4.68
2007190357,16/07/2008,-15.0452,135.21,NT,Duplicate 1,2007190856,2007190357002 Fine,<75 µm,BOS,6.24
2007190358,27/06/2008,-33.8599,150.349,NSW, ,,2007190358001 Fine,<75 µm,TOS,32.45
2007190358,27/06/2008,-33.8599,150.349,NSW, ,,2007190358002 Fine,<75 µm,BOS,26.49
2007190359,18/09/2007,-12.9099,131.6679,NT, ,,2007190359001 Fine,<75 µm,TOS,10.64
2007190359,18/09/2007,-12.9099,131.6679,NT, ,,2007190359002 Fine,<75 µm,BOS,8.43
2007190361,25/01/2008,-32.1672,125.3612,WA,Duplicate 1,2007191094,2007190361001 Fine,<75 µm,TOS,23.46
2007190361,25/01/2008,-32.1672,125.3612,WA,Duplicate 1,2007191094,2007190361002 Fine,<75 µm,BOS,13.27
2007190363,4/03/2009,-23.496,129.0363,NT, ,,2007190363001 Fine,<75 µm,TOS,10.41
2007190363,4/03/2009,-23.496,129.0363,NT, ,,2007190363002 Fine,<75 µm,BOS,4.4
2007190364,19/02/2008,-34.1701,142.9943,NSW, ,,2007190364001 Fine,<75 µm,TOS,18.43
2007190364,19/02/2008,-34.1701,142.9943,NSW, ,,2007190364002 Fine,<75 µm,BOS,9.09
2007190366,15/05/2008,-31.0619,152.801,NSW, ,,2007190366001 Fine,<75 µm,TOS,99.37
2007190366,15/05/2008,-31.0619,152.801,NSW, ,,2007190366002 Fine,<75 µm,BOS,102.3
2007190367,20/09/2007,-17.947,140.181,QLD, ,,2007190367001 Fine,<75 µm,TOS,10.28
2007190367,20/09/2007,-17.947,140.181,QLD, ,,2007190367002 Fine,<75 µm,BOS,8.75
2007190368,9/03/2007,-33.0199,149.2815,NSW, ,,2007190368001 Fine,<75 µm,TOS,22.69
2007190368,9/03/2007,-33.0199,149.2815,NSW, ,,2007190368002 Fine,<75 µm,BOS,136.46
2007190369,20/05/2008,-17.9824,137.9685,NT, ,,2007190369001 Fine,<75 µm,TOS,15.83
2007190369,20/05/2008,-17.9824,137.9685,NT, ,,2007190369002 Fine,<75 µm,BOS,14.86
2007190370,4/05/2008,-20.7054,118.2928,WA, ,,2007190370001 Fine,<75 µm,TOS,10.63
2007190370,4/05/2008,-20.7054,118.2928,WA, ,,2007190370002 Fine,<75 µm,BOS,8.16
2007190372,23/01/2008,-34.2069,144.625,NSW, ,,2007190372001 Fine,<75 µm,TOS,12.85
2007190372,23/01/2008,-34.2069,144.625,NSW, ,,2007190372002 Fine,<75 µm,BOS,6.89
2007190373,15/05/2008,-22.2831,137.9364,NT, ,,2007190373001 Fine,<75 µm,TOS,7.34
2007190373,15/05/2008,-22.2831,137.9364,NT, ,,2007190373002 Fine,<75 µm,BOS,11.07
2007190374,25/09/2007,-16.4852,141.7924,QLD, ,,2007190374001 Fine,<75 µm,TOS,11.01
2007190374,25/09/2007,-16.4852,141.7924,QLD, ,,2007190374002 Fine,<75 µm,BOS,4.3
2007190375,17/11/2007,-28.8937,116.3855,WA, ,,2007190375001 Fine,<75 µm,TOS,16.8
2007190375,17/11/2007,-28.8937,116.3855,WA, ,,2007190375002 Fine,<75 µm,BOS,20.04
2007190377,7/09/2008,-15.3595,130.2883,NT, ,,2007190377001 Fine,<75 µm,TOS,5.59
2007190377,7/09/2008,-15.3595,130.2883,NT, ,,2007190377002 Fine,<75 µm,BOS,5.72
2007190378,20/12/2007,-34.87,143.87,NSW, ,,2007190378001 Fine,<75 µm,TOS,11.4
2007190378,20/12/2007,-34.87,143.87,NSW, ,,2007190378002 Fine,<75 µm,BOS,18.7
2007190379,17/04/2008,-25.3949,132.5496,NT, ,,2007190379001 Fine,<75 µm,TOS,26.13
2007190379,17/04/2008,-25.3949,132.5496,NT, ,,2007190379002 Fine,<75 µm,BOS,21.39
2007190381,2/04/2008,-42.78,147.0877,TAS, ,,2007190381001 Fine,<75 µm,TOS,63.35
2007190381,2/04/2008,-42.78,147.0877,TAS, ,,2007190381002 Fine,<75 µm,BOS,57.38
2007190382,4/08/2008,-21.949,138.4578,QLD, ,,2007190382001 Fine,<75 µm,TOS,3.17
2007190382,4/08/2008,-21.949,138.4578,QLD, ,,2007190382002 Fine,<75 µm,BOS,4.17
2007190383,4/01/2008,-22.4011,145.129,QLD,Duplicate 1,2007191416,2007190383001 Fine,<75 µm,TOS,13.21
2007190383,4/01/2008,-22.4011,145.129,QLD,Duplicate 1,2007191416,2007190383002 Fine,<75 µm,BOS,13.7
2007190384,13/04/2008,-22.9377,132.823,NT, ,,2007190384001 Fine,<75 µm,TOS,16.15
2007190384,13/04/2008,-22.9377,132.823,NT, ,,2007190384002 Fine,<75 µm,BOS,22.62
2007190385,28/05/2008,-25.2378,143.7987,QLD, ,,2007190385001 Fine,<75 µm,TOS,10.04
2007190385,28/05/2008,-25.2378,143.7987,QLD, ,,2007190385002 Fine,<75 µm,BOS,10.25
2007190386,4/02/2008,-21.615,115.9246,WA, ,,2007190386001 Fine,<75 µm,TOS,28
2007190386,4/02/2008,-21.615,115.9246,WA, ,,2007190386002 Fine,<75 µm,BOS,13.48
2007190389,9/12/2009,-26.7625,134.5393,SA,Duplicate 2,2007190074,2007190389001 Fine,<75 µm,TOS,15.49
2007190389,9/12/2009,-26.7625,134.5393,SA,Duplicate 2,2007190074,2007190389002 Fine,<75 µm,BOS,11.03
2007190390,26/05/2008,-22.0194,133.9843,NT, ,,2007190390001 Fine,<75 µm,TOS,13.42
2007190390,26/05/2008,-22.0194,133.9843,NT, ,,2007190390002 Fine,<75 µm,BOS,14.8
2007190391,25/10/2008,-26.3032,139.3861,SA, ,,2007190391001 Fine,<75 µm,TOS,4.32
2007190391,25/10/2008,-26.3032,139.3861,SA, ,,2007190391002 Fine,<75 µm,BOS,3.99
2007190392,22/09/2007,-17.463,141.1887,QLD, ,,2007190392001 Fine,<75 µm,TOS,11.07
2007190392,22/09/2007,-17.463,141.1887,QLD, ,,2007190392002 Fine,<75 µm,BOS,9.84
2007190393,17/10/2007,-35.3967,143.649,VIC,Duplicate 1,2007191050,2007190393001 Fine,<75 µm,TOS,33.15
2007190393,17/10/2007,-35.3967,143.649,VIC,Duplicate 1,2007191050,2007190393002 Fine,<75 µm,BOS,10
2007190394,9/05/2007,-33.0336,146.6446,NSW, ,,2007190394001 Fine,<75 µm,TOS,26.57
2007190394,9/05/2007,-33.0336,146.6446,NSW, ,,2007190394002 Fine,<75 µm,BOS,27.88
2007190395,22/01/2008,-31.3524,123.6103,WA, ,,2007190395001 Fine,<75 µm,TOS,33.08
2007190395,22/01/2008,-31.3524,123.6103,WA, ,,2007190395002 Fine,<75 µm,BOS,44.43
2007190396,3/12/2008,-32.3173,150.7568,NSW, ,,2007190396001 Fine,<75 µm,TOS,14.73
2007190396,3/12/2008,-32.3173,150.7568,NSW, ,,2007190396002 Fine,<75 µm,BOS,8.95
2007190398,26/03/2008,-28.7493,122.1932,WA, ,,2007190398001 Fine,<75 µm,TOS,21.09
2007190398,26/03/2008,-28.7493,122.1932,WA, ,,2007190398002 Fine,<75 µm,BOS,12.39
2007190399,4/10/2008,-16.7679,131.2421,NT, ,,2007190399001 Fine,<75 µm,TOS,10.79
2007190399,4/10/2008,-16.7679,131.2421,NT, ,,2007190399002 Fine,<75 µm,BOS,9.02
2007190401,25/10/2007,-25.0221,150.1154,QLD, ,,2007190401001 Fine,<75 µm,TOS,18.79
2007190401,25/10/2007,-25.0221,150.1154,QLD, ,,2007190401002 Fine,<75 µm,BOS,14.06
2007190402,6/06/2008,-21.3427,119.3524,WA, ,,2007190402001 Fine,<75 µm,TOS,14.11
2007190402,6/06/2008,-21.3427,119.3524,WA, ,,2007190402002 Fine,<75 µm,BOS,13.74
2007190403,26/07/2007,-26.963,150.8659,QLD, ,,2007190403001 Fine,<75 µm,TOS,25.17
2007190403,26/07/2007,-26.963,150.8659,QLD, ,,2007190403002 Fine,<75 µm,BOS,9.67
2007190404,29/10/2007,-24.8073,152.1812,QLD, ,,2007190404001 Fine,<75 µm,TOS,9.98
2007190406,15/10/2007,-21.531,147.0484,QLD,Duplicate 2,2007190285,2007190406001 Fine,<75 µm,TOS,16.16
2007190406,15/10/2007,-21.531,147.0484,QLD,Duplicate 2,2007190285,2007190406002 Fine,<75 µm,BOS,17.93
2007190407,24/05/2008,-25.8965,138.852,QLD, ,,2007190407001 Fine,<75 µm,TOS,4.9
2007190407,24/05/2008,-25.8965,138.852,QLD, ,,2007190407002 Fine,<75 µm,BOS,3.46
2007190408,7/05/2007,-33.3153,115.8367,WA, ,,2007190408001 Fine,<75 µm,TOS,26.2
2007190408,7/05/2007,-33.3153,115.8367,WA, ,,2007190408002 Fine,<75 µm,BOS,15.34
2007190410,25/01/2008,-32.3271,124.8986,WA, ,,2007190410001 Fine,<75 µm,TOS,58.81
2007190410,25/01/2008,-32.3271,124.8986,WA, ,,2007190410002 Fine,<75 µm,BOS,31.26
2007190411,5/07/2008,-23.4654,117.5725,WA, ,,2007190411001 Fine,<75 µm,TOS,12.59
2007190411,5/07/2008,-23.4654,117.5725,WA, ,,2007190411002 Fine,<75 µm,BOS,15.9
2007190412,6/03/2008,-34.699,139.4938,SA, ,,2007190412001 Fine,<75 µm,TOS,34.68
2007190412,6/03/2008,-34.699,139.4938,SA, ,,2007190412002 Fine,<75 µm,BOS,18.79
2007190413,20/09/2007,-18.1646,139.1362,QLD, ,,2007190413001 Fine,<75 µm,TOS,10.33
2007190413,20/09/2007,-18.1646,139.1362,QLD, ,,2007190413002 Fine,<75 µm,BOS,6.16
2007190414,23/10/2007,-36.0375,144.3091,VIC,Duplicate 1,2007191386,2007190414001 Fine,<75 µm,TOS,14.23
2007190414,23/10/2007,-36.0375,144.3091,VIC,Duplicate 1,2007191386,2007190414002 Fine,<75 µm,BOS,12.34
2007190418,12/05/2007,-31.1398,118.4779,WA, ,,2007190418001 Fine,<75 µm,TOS,6.39
2007190418,12/05/2007,-31.1398,118.4779,WA, ,,2007190418002 Fine,<75 µm,BOS,4.14
2007190419,10/10/2007,-18.5773,136.116,NT,Duplicate 1,2007190974,2007190419001 Fine,<75 µm,TOS,10.92
2007190419,10/10/2007,-18.5773,136.116,NT,Duplicate 1,2007190974,2007190419002 Fine,<75 µm,BOS,7.87
2007190421,16/12/2007,-33.7718,119.9573,WA, ,,2007190421001 Fine,<75 µm,TOS,31.06
2007190421,16/12/2007,-33.7718,119.9573,WA, ,,2007190421002 Fine,<75 µm,BOS,11.27
2007190422,28/10/2008,-28.9758,144.4114,QLD, ,,2007190422001 Fine,<75 µm,TOS,12.4
2007190422,28/10/2008,-28.9758,144.4114,QLD, ,,2007190422002 Fine,<75 µm,BOS,14.58
2007190423,13/09/2008,-29.4139,139.5179,SA, ,,2007190423001 Fine,<75 µm,TOS,10.5
2007190423,13/09/2008,-29.4139,139.5179,SA, ,,2007190423002 Fine,<75 µm,BOS,5.53
2007190424,26/09/2008,-31.3918,140.7176,SA, ,,2007190424001 Fine,<75 µm,TOS,10.34
2007190424,26/09/2008,-31.3918,140.7176,SA, ,,2007190424002 Fine,<75 µm,BOS,6.54
2007190425,9/05/2007,-33.1569,147.4515,NSW,Duplicate 1,2007190768,2007190425001 Fine,<75 µm,TOS,25.61
2007190425,9/05/2007,-33.1569,147.4515,NSW,Duplicate 1,2007190768,2007190425002 Fine,<75 µm,BOS,4.81
2007190426,11/05/2007,-31.851,147.1322,NSW, ,,2007190426001 Fine,<75 µm,TOS,12.47
2007190426,11/05/2007,-31.851,147.1322,NSW, ,,2007190426002 Fine,<75 µm,BOS,11.28
2007190427,24/11/2008,-34.2188,135.5543,SA, ,,2007190427001 Fine,<75 µm,TOS,37.5
2007190428,16/05/2008,-21.1813,136.172,NT, ,,2007190428001 Fine,<75 µm,TOS,22.97
2007190428,16/05/2008,-21.1813,136.172,NT, ,,2007190428002 Fine,<75 µm,BOS,10.85
2007190429,13/03/2008,-33.3609,150.9468,NSW, ,,2007190429001 Fine,<75 µm,TOS,49.59
2007190429,13/03/2008,-33.3609,150.9468,NSW, ,,2007190429002 Fine,<75 µm,BOS,51.96
2007190430,8/09/2008,-28.0591,145.6832,QLD, ,,2007190430001 Fine,<75 µm,TOS,11.09
2007190430,8/09/2008,-28.0591,145.6832,QLD, ,,2007190430002 Fine,<75 µm,BOS,11.17
2007190431,28/05/2008,-30.5478,141.0262,NSW, ,,2007190431001 Fine,<75 µm,TOS,10.72
2007190431,28/05/2008,-30.5478,141.0262,NSW, ,,2007190431002 Fine,<75 µm,BOS,4.94
2007190432,22/02/2008,-26.559,120.0312,WA, ,,2007190432001 Fine,<75 µm,TOS,34.72
2007190432,22/02/2008,-26.559,120.0312,WA, ,,2007190432002 Fine,<75 µm,BOS,26.41
2007190433,8/06/2008,-15.2002,144.4336,QLD, ,,2007190433001 Fine,<75 µm,TOS,24.78
2007190433,8/06/2008,-15.2002,144.4336,QLD, ,,2007190433002 Fine,<75 µm,BOS,17.35
2007190434,12/12/2007,-32.3446,121.7056,WA,Duplicate 1,2007191027,2007190434001 Fine,<75 µm,TOS,52.14
2007190434,12/12/2007,-32.3446,121.7056,WA,Duplicate 1,2007191027,2007190434002 Fine,<75 µm,BOS,38.81
2007190435,18/10/2007,-22.9733,149.2411,QLD, ,,2007190435001 Fine,<75 µm,TOS,24.54
2007190435,18/10/2007,-22.9733,149.2411,QLD, ,,2007190435002 Fine,<75 µm,BOS,19.1
2007190436,15/12/2007,-33.7594,121.5597,WA, ,,2007190436001 Fine,<75 µm,TOS,10.71
2007190436,15/12/2007,-33.7594,121.5597,WA, ,,2007190436002 Fine,<75 µm,BOS,25.47
2007190437,5/08/2008,-23.6237,117.587,WA, ,,2007190437001 Fine,<75 µm,TOS,7.8
2007190437,5/08/2008,-23.6237,117.587,WA, ,,2007190437002 Fine,<75 µm,BOS,16.06
2007190438,10/08/2007,-16.8575,145.7147,QLD, ,,2007190438001 Fine,<75 µm,TOS,29.49
2007190438,10/08/2007,-16.8575,145.7147,QLD, ,,2007190438002 Fine,<75 µm,BOS,16.99
2007190439,16/07/2007,-34.528,138.4622,SA, ,,2007190439001 Fine,<75 µm,TOS,20.72
2007190439,16/07/2007,-34.528,138.4622,SA, ,,2007190439002 Fine,<75 µm,BOS,7.14
2007190441,19/05/2008,-20.4519,137.8378,NT, ,,2007190441001 Fine,<75 µm,TOS,10.67
2007190441,19/05/2008,-20.4519,137.8378,NT, ,,2007190441002 Fine,<75 µm,BOS,7.04
2007190442,5/10/2008,-25.768,137.2317,NT, ,,2007190442001 Fine,<75 µm,TOS,10.41
2007190442,5/10/2008,-25.768,137.2317,NT, ,,2007190442002 Fine,<75 µm,BOS,4.04
2007190444,3/11/2008,-32.4926,149.2693,NSW, ,,2007190444001 Fine,<75 µm,TOS,20.62
2007190444,3/11/2008,-32.4926,149.2693,NSW, ,,2007190444002 Fine,<75 µm,BOS,20.78
2007190445,27/09/2007,-20.6988,141.4926,QLD, ,,2007190445001 Fine,<75 µm,TOS,11.87
2007190445,27/09/2007,-20.6988,141.4926,QLD, ,,2007190445002 Fine,<75 µm,BOS,9.68
2007190446,8/08/2009,-26.3715,136.9148,SA, ,,2007190446001 Fine,<75 µm,TOS,28.11
2007190446,8/08/2009,-26.3715,136.9148,SA, ,,2007190446002 Fine,<75 µm,BOS,13.42
2007190447,6/08/2008,-27.5286,144.0852,QLD, ,,2007190447001 Fine,<75 µm,TOS,8.29
2007190447,6/08/2008,-27.5286,144.0852,QLD, ,,2007190447002 Fine,<75 µm,BOS,10.02
2007190448,30/05/2008,-22.9118,132.2717,NT, ,,2007190448001 Fine,<75 µm,TOS,7.44
2007190448,30/05/2008,-22.9118,132.2717,NT, ,,2007190448002 Fine,<75 µm,BOS,5.67
2007190450,23/01/2008,-32.1126,123.7398,WA, ,,2007190450001 Fine,<75 µm,TOS,44.99
2007190450,23/01/2008,-32.1126,123.7398,WA, ,,2007190450002 Fine,<75 µm,BOS,25.12
2007190451,27/05/2008,-25.6814,142.1746,QLD, ,,2007190451001 Fine,<75 µm,TOS,6.9
2007190451,27/05/2008,-25.6814,142.1746,QLD, ,,2007190451002 Fine,<75 µm,BOS,8.14
2007190452,28/11/2007,-36.5163,150.031,NSW, ,,2007190452001 Fine,<75 µm,TOS,23.31
2007190452,28/11/2007,-36.5163,150.031,NSW, ,,2007190452002 Fine,<75 µm,BOS,24.18
2007190453,10/05/2007,-16.9931,144.3018,QLD, ,,2007190453001 Fine,<75 µm,TOS,18.8
2007190453,10/05/2007,-16.9931,144.3018,QLD, ,,2007190453002 Fine,<75 µm,BOS,12.56
2007190454,20/06/2009,-30.5436,131.0606,SA, ,,2007190454001 Fine,<75 µm,TOS,25.88
2007190454,20/06/2009,-30.5436,131.0606,SA, ,,2007190454002 Fine,<75 µm,BOS,26.14
2007190455,8/07/2007,-20.6699,147.6576,QLD, ,,2007190455001 Fine,<75 µm,TOS,8.77
2007190455,8/07/2007,-20.6699,147.6576,QLD, ,,2007190455002 Fine,<75 µm,BOS,9.12
2007190456,3/05/2008,-29.6179,120.9301,WA, ,,2007190456001 Fine,<75 µm,TOS,24.65
2007190456,3/05/2008,-29.6179,120.9301,WA, ,,2007190456002 Fine,<75 µm,BOS,13.98
2007190457,27/06/2008,-35.5403,138.5768,SA,Duplicate 1,2007191004,2007190457001 Fine,<75 µm,TOS,17.36
2007190457,27/06/2008,-35.5403,138.5768,SA,Duplicate 1,2007191004,2007190457002 Fine,<75 µm,BOS,4.67
2007190458,21/09/2007,-18.561,140.7191,QLD,Duplicate 1,2007190774,2007190458001 Fine,<75 µm,TOS,12.97
2007190458,21/09/2007,-18.561,140.7191,QLD,Duplicate 1,2007190774,2007190458002 Fine,<75 µm,BOS,9.49
2007190459,12/11/2007,-32.7888,118.5908,WA, ,,2007190459001 Fine,<75 µm,TOS,13.03
2007190459,12/11/2007,-32.7888,118.5908,WA, ,,2007190459002 Fine,<75 µm,BOS,38.05
2007190461,7/09/2008,-29.4789,125.1711,WA, ,,2007190461001 Fine,<75 µm,TOS,25.26
2007190461,7/09/2008,-29.4789,125.1711,WA, ,,2007190461002 Fine,<75 µm,BOS,15.37
2007190462,4/01/2008,-37.4769,149.6434,VIC, ,,2007190462001 Fine,<75 µm,TOS,36.07
2007190462,4/01/2008,-37.4769,149.6434,VIC, ,,2007190462002 Fine,<75 µm,BOS,15.23
2007190463,10/06/2007,-18.9003,144.9867,QLD, ,,2007190463001 Fine,<75 µm,TOS,12.43
2007190463,10/06/2007,-18.9003,144.9867,QLD, ,,2007190463002 Fine,<75 µm,BOS,12.59
2007190465,10/07/2007,-19.6303,135.6716,NT, ,,2007190465001 Fine,<75 µm,TOS,39.18
2007190465,10/07/2007,-19.6303,135.6716,NT, ,,2007190465002 Fine,<75 µm,BOS,27.68
2007190466,25/09/2009,-32.2845,134.9263,SA, ,,2007190466001 Fine,<75 µm,TOS,18.4
2007190466,25/09/2009,-32.2845,134.9263,SA, ,,2007190466002 Fine,<75 µm,BOS,4.3
2007190468,24/05/2008,-17.2643,133.4561,NT, ,,2007190468001 Fine,<75 µm,TOS,4.87
2007190469,7/02/2008,-32.8544,140.611,SA, ,,2007190469001 Fine,<75 µm,TOS,45.56
2007190469,7/02/2008,-32.8544,140.611,SA, ,,2007190469002 Fine,<75 µm,BOS,46.12
2007190471,18/04/2008,-25.2964,133.1016,NT,Duplicate 2,2007190183,2007190471001 Fine,<75 µm,TOS,5.28
2007190471,18/04/2008,-25.2964,133.1016,NT,Duplicate 2,2007190183,2007190471002 Fine,<75 µm,BOS,1.48
2007190472,21/05/2008,-18.6188,135.4053,NT,Duplicate 1,2007191312,2007190472001 Fine,<75 µm,TOS,12.24
2007190472,21/05/2008,-18.6188,135.4053,NT,Duplicate 1,2007191312,2007190472002 Fine,<75 µm,BOS,10.2
2007190473,20/05/2009,-30.5861,138.0035,SA, ,,2007190473001 Fine,<75 µm,TOS,25.34
2007190473,20/05/2009,-30.5861,138.0035,SA, ,,2007190473002 Fine,<75 µm,BOS,21.14
2007190474,8/08/2009,-12.6701,132.2347,NT, ,,2007190474001 Fine,<75 µm,TOS,34.72
2007190474,8/08/2009,-12.6701,132.2347,NT, ,,2007190474002 Fine,<75 µm,BOS,34.82
2007190475,3/07/2008,-27.63,114.2488,WA, ,,2007190475001 Fine,<75 µm,TOS,20.24
2007190475,3/07/2008,-27.63,114.2488,WA, ,,2007190475002 Fine,<75 µm,BOS,4.63
2007190476,6/09/2008,-27.3507,145.18,QLD, ,,2007190476001 Fine,<75 µm,TOS,8.33
2007190476,6/09/2008,-27.3507,145.18,QLD, ,,2007190476002 Fine,<75 µm,BOS,2.81
2007190477,16/10/2007,-25.6829,149.805,QLD, ,,2007190477001 Fine,<75 µm,TOS,75.79
2007190477,16/10/2007,-25.6829,149.805,QLD, ,,2007190477002 Fine,<75 µm,BOS,16.66
2007190478,31/05/2008,-24.072,144.9693,QLD, ,,2007190478001 Fine,<75 µm,TOS,10.75
2007190478,31/05/2008,-24.072,144.9693,QLD, ,,2007190478002 Fine,<75 µm,BOS,6.93
2007190479,29/07/2008,-19.4089,132.6305,NT, ,,2007190479001 Fine,<75 µm,TOS,9.6
2007190479,29/07/2008,-19.4089,132.6305,NT, ,,2007190479002 Fine,<75 µm,BOS,9.06
2007190481,7/10/2008,-15.253,129.5771,NT,Duplicate 1,2007191594,2007190481001 Fine,<75 µm,TOS,2.04
2007190481,7/10/2008,-15.253,129.5771,NT,Duplicate 1,2007191594,2007190481002 Fine,<75 µm,BOS,1.99
2007190483,29/03/2008,-23.636,143.8773,QLD, ,,2007190483001 Fine,<75 µm,TOS,8.48
2007190483,29/03/2008,-23.636,143.8773,QLD, ,,2007190483002 Fine,<75 µm,BOS,6.11
2007190484,12/08/2007,-30.6558,122.534,WA, ,,2007190484001 Fine,<75 µm,TOS,42.02
2007190484,12/08/2007,-30.6558,122.534,WA, ,,2007190484002 Fine,<75 µm,BOS,12.01
2007190485,2/08/2008,-40.9527,148.0165,TAS, ,,2007190485002 Fine,<75 µm,BOS,69.27
2007190486,26/11/2007,-34.126,149.0191,NSW, ,,2007190486001 Fine,<75 µm,TOS,14.04
2007190486,26/11/2007,-34.126,149.0191,NSW, ,,2007190486002 Fine,<75 µm,BOS,15.92
2007190487,19/05/2008,-20.9677,137.9333,NT, ,,2007190487001 Fine,<75 µm,TOS,8.85
2007190487,19/05/2008,-20.9677,137.9333,NT, ,,2007190487002 Fine,<75 µm,BOS,8.54
2007190488,16/04/2008,-36.2457,146.2689,VIC, ,,2007190488001 Fine,<75 µm,TOS,59.18
2007190488,16/04/2008,-36.2457,146.2689,VIC, ,,2007190488002 Fine,<75 µm,BOS,18.28
2007190490,21/02/2008,-29.8712,121.9872,WA, ,,2007190490001 Fine,<75 µm,TOS,41.7
2007190490,21/02/2008,-29.8712,121.9872,WA, ,,2007190490002 Fine,<75 µm,BOS,14.3
2007190491,21/02/2008,-33.1367,142.5561,NSW, ,,2007190491001 Fine,<75 µm,TOS,27.78
2007190491,21/02/2008,-33.1367,142.5561,NSW, ,,2007190491002 Fine,<75 µm,BOS,21.11
2007190492,28/01/2008,-30.8345,128.3122,WA, ,,2007190492001 Fine,<75 µm,TOS,27.08
2007190492,28/01/2008,-30.8345,128.3122,WA, ,,2007190492002 Fine,<75 µm,BOS,26.01
2007190493,3/06/2008,-37.927,141.2798,VIC, ,,2007190493001 Fine,<75 µm,TOS,25.69
2007190493,3/06/2008,-37.927,141.2798,VIC, ,,2007190493002 Fine,<75 µm,BOS,15.41
2007190494,16/10/2007,-21.0148,146.8772,QLD, ,,2007190494001 Fine,<75 µm,TOS,15.68
2007190494,16/10/2007,-21.0148,146.8772,QLD, ,,2007190494002 Fine,<75 µm,BOS,11.57
2007190495,29/04/2009,-32.4313,134.0879,SA,Duplicate 1,2007191318,2007190495001 Fine,<75 µm,TOS,39.76
2007190495,29/04/2009,-32.4313,134.0879,SA,Duplicate 1,2007191318,2007190495002 Fine,<75 µm,BOS,52.91
2007190496,10/02/2007,-20.6682,143.8951,QLD, ,,2007190496001 Fine,<75 µm,TOS,14.27
2007190496,10/02/2007,-20.6682,143.8951,QLD, ,,2007190496002 Fine,<75 µm,BOS,24.13
2007190497,4/11/2008,-17.6034,131.5762,NT,Duplicate 1,2007190586,2007190497001 Fine,<75 µm,TOS,25.95
2007190497,4/11/2008,-17.6034,131.5762,NT,Duplicate 1,2007190586,2007190497002 Fine,<75 µm,BOS,41.28
2007190498,25/10/2007,-27.8729,151.5267,QLD, ,,2007190498001 Fine,<75 µm,TOS,12.38
2007190498,25/10/2007,-27.8729,151.5267,QLD, ,,2007190498002 Fine,<75 µm,BOS,8.58
2007190499,25/02/2008,-25.7102,118.0797,WA, ,,2007190499001 Fine,<75 µm,TOS,47.27
2007190499,25/02/2008,-25.7102,118.0797,WA, ,,2007190499002 Fine,<75 µm,BOS,25.63
2007190501,27/03/2009,-33.8208,140.0504,SA, ,,2007190501001 Fine,<75 µm,TOS,38.54
2007190501,27/03/2009,-33.8208,140.0504,SA, ,,2007190501002 Fine,<75 µm,BOS,69.8
2007190502,30/05/2008,-24.2788,144.3329,QLD, ,,2007190502001 Fine,<75 µm,TOS,7.42
2007190502,30/05/2008,-24.2788,144.3329,QLD, ,,2007190502002 Fine,<75 µm,BOS,8.06
2007190503,4/03/2008,-22.5117,138.4406,QLD, ,,2007190503001 Fine,<75 µm,TOS,11.77
2007190503,4/03/2008,-22.5117,138.4406,QLD, ,,2007190503002 Fine,<75 µm,BOS,9.56
2007190505,19/04/2008,-24.9801,133.9943,NT, ,,2007190505001 Fine,<75 µm,TOS,1.88
2007190505,19/04/2008,-24.9801,133.9943,NT, ,,2007190505002 Fine,<75 µm,BOS,2.68
2007190506,4/05/2008,-23.2166,139.5741,QLD,Duplicate 1,2007190631,2007190506001 Fine,<75 µm,TOS,7.58
2007190506,4/05/2008,-23.2166,139.5741,QLD,Duplicate 1,2007190631,2007190506002 Fine,<75 µm,BOS,10.75
2007190507,27/05/2008,-29.9412,142.7178,NSW, ,,2007190507001 Fine,<75 µm,TOS,17.24
2007190507,27/05/2008,-29.9412,142.7178,NSW, ,,2007190507002 Fine,<75 µm,BOS,14.64
2007190508,13/10/2007,-23.4285,148.1492,QLD,Duplicate 1,2007191119,2007190508001 Fine,<75 µm,TOS,19.22
2007190508,13/10/2007,-23.4285,148.1492,QLD,Duplicate 1,2007191119,2007190508002 Fine,<75 µm,BOS,9.91
2007190509,6/01/2008,-22.7614,129.7595,NT, ,,2007190509001 Fine,<75 µm,TOS,2.36
2007190509,6/01/2008,-22.7614,129.7595,NT, ,,2007190509002 Fine,<75 µm,BOS,6.06
2007190510,24/10/2008,-26.4901,140.2496,SA, ,,2007190510001 Fine,<75 µm,TOS,3.49
2007190510,24/10/2008,-26.4901,140.2496,SA, ,,2007190510002 Fine,<75 µm,BOS,1.45
2007190511,29/09/2007,-18.2549,141.1985,QLD, ,,2007190511001 Fine,<75 µm,TOS,15.82
2007190511,29/09/2007,-18.2549,141.1985,QLD, ,,2007190511002 Fine,<75 µm,BOS,10.88
2007190512,21/07/2008,-29.6264,134.8138,SA, ,,2007190512001 Fine,<75 µm,TOS,21.64
2007190512,21/07/2008,-29.6264,134.8138,SA, ,,2007190512002 Fine,<75 µm,BOS,13.03
2007190513,2/04/2008,-29.9748,148.1476,NSW, ,,2007190513001 Fine,<75 µm,TOS,19.68
2007190513,2/04/2008,-29.9748,148.1476,NSW, ,,2007190513002 Fine,<75 µm,BOS,14.3
2007190514,8/12/2008,-11.0346,142.6588,QLD, ,,2007190514001 Fine,<75 µm,TOS,8.82
2007190514,8/12/2008,-11.0346,142.6588,QLD, ,,2007190514002 Fine,<75 µm,BOS,29.76
2007190515,20/12/2007,-34.646,143.5629,NSW, ,,2007190515001 Fine,<75 µm,TOS,30.22
2007190515,20/12/2007,-34.646,143.5629,NSW, ,,2007190515002 Fine,<75 µm,BOS,34.75
2007190517,3/02/2008,-27.7737,121.4367,WA, ,,2007190517001 Fine,<75 µm,TOS,13.4
2007190517,3/02/2008,-27.7737,121.4367,WA, ,,2007190517002 Fine,<75 µm,BOS,25.27
2007190518,10/02/2007,-15.3791,142.0264,QLD, ,,2007190518001 Fine,<75 µm,TOS,4.27
2007190518,10/02/2007,-15.3791,142.0264,QLD, ,,2007190518002 Fine,<75 µm,BOS,4.29
2007190519,8/12/2008,-11.6025,142.1365,QLD, ,,2007190519001 Fine,<75 µm,TOS,32.44
2007190519,8/12/2008,-11.6025,142.1365,QLD, ,,2007190519002 Fine,<75 µm,BOS,29.21
2007190522,26/10/2008,-28.4823,139.987,SA, ,,2007190522001 Fine,<75 µm,TOS,6.45
2007190522,26/10/2008,-28.4823,139.987,SA, ,,2007190522002 Fine,<75 µm,BOS,6
2007190523,26/05/2008,-29.2169,143.1805,NSW, ,,2007190523001 Fine,<75 µm,TOS,9.24
2007190523,26/05/2008,-29.2169,143.1805,NSW, ,,2007190523002 Fine,<75 µm,BOS,8.03
2007190525,24/05/2008,-25.8257,139.4756,QLD, ,,2007190525001 Fine,<75 µm,TOS,11.18
2007190525,24/05/2008,-25.8257,139.4756,QLD, ,,2007190525002 Fine,<75 µm,BOS,15.77
2007190526,29/11/2007,-35.894,150.0639,NSW,Duplicate 1,2007191599,2007190526001 Fine,<75 µm,TOS,26.84
2007190526,29/11/2007,-35.894,150.0639,NSW,Duplicate 1,2007191599,2007190526002 Fine,<75 µm,BOS,16.84
2007190527,4/05/2008,-22.6117,140.5627,QLD,Duplicate 1,2007190609,2007190527001 Fine,<75 µm,TOS,20.03
2007190527,4/05/2008,-22.6117,140.5627,QLD,Duplicate 1,2007190609,2007190527002 Fine,<75 µm,BOS,9.07
2007190528,5/05/2008,-22.2053,114.7849,WA, ,,2007190528001 Fine,<75 µm,TOS,10.89
2007190529,24/05/2008,-17.291,133.1387,NT, ,,2007190529001 Fine,<75 µm,TOS,34.44
2007190529,24/05/2008,-17.291,133.1387,NT, ,,2007190529002 Fine,<75 µm,BOS,30.88
2007190531,10/02/2007,-20.7066,143.1343,QLD,Duplicate 1,2007190703,2007190531001 Fine,<75 µm,TOS,7.38
2007190532,17/04/2008,-30.0094,146.3548,NSW, ,,2007190532001 Fine,<75 µm,TOS,5.28
2007190532,17/04/2008,-30.0094,146.3548,NSW, ,,2007190532002 Fine,<75 µm,BOS,8.09
2007190533,26/02/2008,-26.181,117.9734,WA, ,,2007190533001 Fine,<75 µm,TOS,42.03
2007190533,26/02/2008,-26.181,117.9734,WA, ,,2007190533002 Fine,<75 µm,BOS,22.23
2007190534,16/10/2007,-25.6772,149.2192,QLD,Duplicate 1,2007191522,2007190534001 Fine,<75 µm,TOS,20.88
2007190534,16/10/2007,-25.6772,149.2192,QLD,Duplicate 1,2007191522,2007190534002 Fine,<75 µm,BOS,26.88
2007190535,6/11/2008,-19.7422,121.2004,WA, ,,2007190535002 Fine,<75 µm,BOS,1.96
2007190536,5/10/2008,-25.192,137.9373,NT,Duplicate 1,2007190909,2007190536001 Fine,<75 µm,TOS,12.36
2007190537,27/10/2008,-28.6034,150.3721,QLD, ,,2007190537001 Fine,<75 µm,TOS,15.44
2007190537,27/10/2008,-28.6034,150.3721,QLD, ,,2007190537002 Fine,<75 µm,BOS,15.76
2007190538,30/08/2007,-28.3916,150.2732,QLD, ,,2007190538001 Fine,<75 µm,TOS,30.14
2007190538,30/08/2007,-28.3916,150.2732,QLD, ,,2007190538002 Fine,<75 µm,BOS,23.29
2007190539,13/05/2008,-29.9878,150.7771,NSW, ,,2007190539001 Fine,<75 µm,TOS,48.89
2007190539,13/05/2008,-29.9878,150.7771,NSW, ,,2007190539002 Fine,<75 µm,BOS,21.56
2007190541,3/03/2008,-24.9576,114.8066,WA, ,,2007190541001 Fine,<75 µm,TOS,19.46
2007190541,3/03/2008,-24.9576,114.8066,WA, ,,2007190541002 Fine,<75 µm,BOS,10.49
2007190542,10/07/2007,-19.6009,145.8901,QLD, ,,2007190542001 Fine,<75 µm,TOS,12.27
2007190542,10/07/2007,-19.6009,145.8901,QLD, ,,2007190542002 Fine,<75 µm,BOS,8.48
2007190543,6/07/2008,-28.3212,141.4085,QLD, ,,2007190543001 Fine,<75 µm,TOS,20.33
2007190543,6/07/2008,-28.3212,141.4085,QLD, ,,2007190543002 Fine,<75 µm,BOS,19.93
2007190544,21/09/2007,-16.7734,138.086,QLD, ,,2007190544001 Fine,<75 µm,TOS,12.59
2007190544,21/09/2007,-16.7734,138.086,QLD, ,,2007190544002 Fine,<75 µm,BOS,11.59
2007190545,29/11/2007,-35.5777,150.17,NSW, ,,2007190545001 Fine,<75 µm,TOS,57.32
2007190545,29/11/2007,-35.5777,150.17,NSW, ,,2007190545002 Fine,<75 µm,BOS,34.2
2007190546,16/10/2007,-35.6941,142.6168,VIC, ,,2007190546001 Fine,<75 µm,TOS,35.09
2007190546,16/10/2007,-35.6941,142.6168,VIC, ,,2007190546002 Fine,<75 µm,BOS,47.6
2007190547,4/02/2008,-27.8455,123.7271,WA, ,,2007190547001 Fine,<75 µm,TOS,17.27
2007190547,4/02/2008,-27.8455,123.7271,WA, ,,2007190547002 Fine,<75 µm,BOS,3.72
2007190548,10/06/2007,-18.0842,143.9198,QLD,Duplicate 1,2007191236,2007190548001 Fine,<75 µm,TOS,14
2007190548,10/06/2007,-18.0842,143.9198,QLD,Duplicate 1,2007191236,2007190548002 Fine,<75 µm,BOS,16.34
2007190549,29/02/2008,-25.5157,123.0358,WA,Duplicate 1,2007191507,2007190549001 Fine,<75 µm,TOS,10.83
2007190549,29/02/2008,-25.5157,123.0358,WA,Duplicate 1,2007191507,2007190549002 Fine,<75 µm,BOS,13.34
2007190550,10/11/2007,-18.6233,146.0915,QLD, ,,2007190550001 Fine,<75 µm,TOS,28.9
2007190550,10/11/2007,-18.6233,146.0915,QLD, ,,2007190550002 Fine,<75 µm,BOS,57.48
2007190551,2/07/2008,-29.0575,153.3335,NSW, ,,2007190551001 Fine,<75 µm,TOS,91.32
2007190552,23/11/2008,-33.9114,136.413,SA,Duplicate 1,2007190675,2007190552001 Fine,<75 µm,TOS,45.92
2007190552,23/11/2008,-33.9114,136.413,SA,Duplicate 1,2007190675,2007190552002 Fine,<75 µm,BOS,47.78
2007190553,14/03/2008,-33.4533,150.9036,NSW, ,,2007190553001 Fine,<75 µm,TOS,45.58
2007190553,14/03/2008,-33.4533,150.9036,NSW, ,,2007190553002 Fine,<75 µm,BOS,25.57
2007190554,8/05/2009,-14.1848,129.6513,NT,Duplicate 1,2007190752,2007190554001 Fine,<75 µm,TOS,24.39
2007190554,8/05/2009,-14.1848,129.6513,NT,Duplicate 1,2007190752,2007190554002 Fine,<75 µm,BOS,14.59
2007190555,25/01/2008,-32.0612,125.6238,WA, ,,2007190555001 Fine,<75 µm,TOS,28.61
2007190555,25/01/2008,-32.0612,125.6238,WA, ,,2007190555002 Fine,<75 µm,BOS,23.29
2007190556,4/03/2008,-38.1559,147.0207,VIC, ,,2007190556001 Fine,<75 µm,TOS,154.19
2007190556,4/03/2008,-38.1559,147.0207,VIC, ,,2007190556002 Fine,<75 µm,BOS,76.78
2007190557,17/01/2008,-34.8884,118.0008,WA, ,,2007190557001 Fine,<75 µm,TOS,9.16
2007190557,17/01/2008,-34.8884,118.0008,WA, ,,2007190557002 Fine,<75 µm,BOS,131.22
2007190558,10/11/2007,-19.2302,146.6271,QLD, ,,2007190558001 Fine,<75 µm,TOS,8.13
2007190558,10/11/2007,-19.2302,146.6271,QLD, ,,2007190558002 Fine,<75 µm,BOS,13.88
2007190559,14/05/2008,-23.5832,136.6201,NT, ,,2007190559001 Fine,<75 µm,TOS,2.09
2007190559,14/05/2008,-23.5832,136.6201,NT, ,,2007190559002 Fine,<75 µm,BOS,4.15
2007190561,9/09/2009,-28.1923,133.0045,SA, ,,2007190561001 Fine,<75 µm,TOS,26.2
2007190561,9/09/2009,-28.1923,133.0045,SA, ,,2007190561002 Fine,<75 µm,BOS,16
2007190562,30/07/2008,-20.985,132.5757,NT, ,,2007190562001 Fine,<75 µm,TOS,12.04
2007190562,30/07/2008,-20.985,132.5757,NT, ,,2007190562002 Fine,<75 µm,BOS,8.12
2007190563,13/08/2009,-13.1075,135.7291,NT, ,,2007190563001 Fine,<75 µm,TOS,12.8
2007190563,13/08/2009,-13.1075,135.7291,NT, ,,2007190563002 Fine,<75 µm,BOS,3.66
2007190564,4/06/2008,-21.3653,138.2744,QLD, ,,2007190564001 Fine,<75 µm,TOS,5.48
2007190564,4/06/2008,-21.3653,138.2744,QLD, ,,2007190564002 Fine,<75 µm,BOS,6.04
2007190565,16/06/2008,-17.9393,123.743,WA, ,,2007190565001 Fine,<75 µm,TOS,12.27
2007190565,16/06/2008,-17.9393,123.743,WA, ,,2007190565002 Fine,<75 µm,BOS,6.85
2007190566,14/11/2007,-29.2785,115.1659,WA, ,,2007190566001 Fine,<75 µm,TOS,11.38
2007190566,14/11/2007,-29.2785,115.1659,WA, ,,2007190566002 Fine,<75 µm,BOS,12.2
2007190567,11/07/2007,-30.3247,144.0186,NSW, ,,2007190567001 Fine,<75 µm,TOS,14.96
2007190567,11/07/2007,-30.3247,144.0186,NSW, ,,2007190567002 Fine,<75 µm,BOS,8.33
2007190568,8/09/2008,-12.4973,141.8923,QLD,Duplicate 2,2007190154,2007190568001 Fine,<75 µm,TOS,56.68
2007190568,8/09/2008,-12.4973,141.8923,QLD,Duplicate 2,2007190154,2007190568002 Fine,<75 µm,BOS,33.89
2007190569,9/06/2007,-33.9606,145.5596,NSW, ,,2007190569001 Fine,<75 µm,TOS,11.89
2007190569,9/06/2007,-33.9606,145.5596,NSW, ,,2007190569002 Fine,<75 µm,BOS,13.14
2007190570,7/12/2008,-30.2599,123.1968,WA, ,,2007190570001 Fine,<75 µm,TOS,19.88
2007190570,7/12/2008,-30.2599,123.1968,WA, ,,2007190570002 Fine,<75 µm,BOS,23.86
2007190571,30/10/2007,-28.9392,146.7322,QLD, ,,2007190571001 Fine,<75 µm,TOS,18.74
2007190571,30/10/2007,-28.9392,146.7322,QLD, ,,2007190571002 Fine,<75 µm,BOS,12.63
2007190572,16/10/2008,-17.5025,142.3576,QLD, ,,2007190572001 Fine,<75 µm,TOS,33.05
2007190572,16/10/2008,-17.5025,142.3576,QLD, ,,2007190572002 Fine,<75 µm,BOS,35.79
2007190574,24/05/2008,-17.1978,134.3282,NT, ,,2007190574001 Fine,<75 µm,TOS,7.19
2007190574,24/05/2008,-17.1978,134.3282,NT, ,,2007190574002 Fine,<75 µm,BOS,5.7
2007190575,4/02/2008,-27.2157,124.4111,WA, ,,2007190575001 Fine,<75 µm,TOS,13.57
2007190575,4/02/2008,-27.2157,124.4111,WA, ,,2007190575002 Fine,<75 µm,BOS,17.46
2007190576,18/09/2007,-12.4788,131.0849,NT, ,,2007190576001 Fine,<75 µm,TOS,19.92
2007190576,18/09/2007,-12.4788,131.0849,NT, ,,2007190576002 Fine,<75 µm,BOS,11.87
2007190577,25/07/2007,-25.6739,151.2471,QLD, ,,2007190577001 Fine,<75 µm,TOS,30.36
2007190577,25/07/2007,-25.6739,151.2471,QLD, ,,2007190577002 Fine,<75 µm,BOS,20.16
2007190578,19/04/2008,-24.869,134.2434,NT, ,,2007190578001 Fine,<75 µm,TOS,31.28
2007190578,19/04/2008,-24.869,134.2434,NT, ,,2007190578002 Fine,<75 µm,BOS,19.28
2007190579,27/11/2007,-35.2421,148.9513,NSW, ,,2007190579001 Fine,<75 µm,TOS,21.18
2007190581,7/03/2008,-33.5397,139.7024,SA, ,,2007190581001 Fine,<75 µm,TOS,24.4
2007190581,7/03/2008,-33.5397,139.7024,SA, ,,2007190581002 Fine,<75 µm,BOS,24.9
2007190583,23/09/2007,-18.0453,138.8558,QLD,Duplicate 1,2007191063,2007190583001 Fine,<75 µm,TOS,9.9
2007190583,23/09/2007,-18.0453,138.8558,QLD,Duplicate 1,2007191063,2007190583002 Fine,<75 µm,BOS,20.14
2007190584,10/03/2007,-19.9974,146.4337,QLD, ,,2007190584001 Fine,<75 µm,TOS,556
2007190585,4/03/2008,-22.2816,142.5147,QLD, ,,2007190585002 Fine,<75 µm,BOS,9.47
2007190586,4/11/2008,-17.6024,131.5759,NT,Duplicate 2,2007190497,2007190586001 Fine,<75 µm,TOS,27.36
2007190586,4/11/2008,-17.6024,131.5759,NT,Duplicate 2,2007190497,2007190586002 Fine,<75 µm,BOS,34.5
2007190588,4/03/2008,-20.8495,116.6073,WA, ,,2007190588001 Fine,<75 µm,TOS,14.89
2007190588,4/03/2008,-20.8495,116.6073,WA, ,,2007190588002 Fine,<75 µm,BOS,9.36
2007190589,2/08/2008,-41.5872,147.2361,TAS, ,,2007190589001 Fine,<75 µm,TOS,48.03
2007190589,2/08/2008,-41.5872,147.2361,TAS, ,,2007190589002 Fine,<75 µm,BOS,30.47
2007190591,10/07/2008,-19.4555,141.8203,QLD, ,,2007190591001 Fine,<75 µm,TOS,10.97
2007190591,10/07/2008,-19.4555,141.8203,QLD, ,,2007190591002 Fine,<75 µm,BOS,9.01
2007190592,8/10/2009,-11.4371,132.2584,NT, ,,2007190592001 Fine,<75 µm,TOS,6.51
2007190592,8/10/2009,-11.4371,132.2584,NT, ,,2007190592002 Fine,<75 µm,BOS,5.13
2007190593,27/07/2008,-18.3578,132.2387,NT, ,,2007190593001 Fine,<75 µm,TOS,19.84
2007190593,27/07/2008,-18.3578,132.2387,NT, ,,2007190593002 Fine,<75 µm,BOS,13.8
2007190596,8/07/2009,-29.2472,138.2117,SA, ,,2007190596001 Fine,<75 µm,TOS,32.78
2007190596,8/07/2009,-29.2472,138.2117,SA, ,,2007190596002 Fine,<75 µm,BOS,17.08
2007190597,2/06/2008,-29.1037,150.9507,NSW, ,,2007190597001 Fine,<75 µm,TOS,42.4
2007190597,2/06/2008,-29.1037,150.9507,NSW, ,,2007190597002 Fine,<75 µm,BOS,16.25
2007190598,14/04/2008,-38.4765,144.9344,VIC, ,,2007190598001 Fine,<75 µm,TOS,86.83
2007190598,14/04/2008,-38.4765,144.9344,VIC, ,,2007190598002 Fine,<75 µm,BOS,37.16
2007190599,25/11/2008,-33.7187,135.4207,SA, ,,2007190599001 Fine,<75 µm,TOS,13.66
2007190599,25/11/2008,-33.7187,135.4207,SA, ,,2007190599002 Fine,<75 µm,BOS,17.64
2007190601,16/04/2008,-24.5395,132.6341,NT, ,,2007190601001 Fine,<75 µm,TOS,11.12
2007190601,16/04/2008,-24.5395,132.6341,NT, ,,2007190601002 Fine,<75 µm,BOS,7.36
2007190602,12/04/2007,-31.33,118.0113,WA, ,,2007190602001 Fine,<75 µm,TOS,10.36
2007190602,12/04/2007,-31.33,118.0113,WA, ,,2007190602002 Fine,<75 µm,BOS,6.99
2007190604,26/07/2008,-19.6173,131.44,NT, ,,2007190604001 Fine,<75 µm,TOS,25.34
2007190604,26/07/2008,-19.6173,131.44,NT, ,,2007190604002 Fine,<75 µm,BOS,11.57
2007190605,26/10/2007,-28.577,150.8206,QLD, ,,2007190605001 Fine,<75 µm,TOS,15.69
2007190605,26/10/2007,-28.577,150.8206,QLD, ,,2007190605002 Fine,<75 µm,BOS,52.97
2007190606,10/08/2007,-21.8609,146.6716,QLD, ,,2007190606001 Fine,<75 µm,TOS,15.47
2007190609,4/05/2008,-22.6114,140.5624,QLD,Duplicate 2,2007190527,2007190609001 Fine,<75 µm,TOS,13.78
2007190616,11/05/2009,-30.6841,132.5593,SA, ,,2007190616001 Fine,<75 µm,TOS,54.14
2007190616,11/05/2009,-30.6841,132.5593,SA, ,,2007190616002 Fine,<75 µm,BOS,79.93
2007190618,2/09/2008,-42.4752,146.7231,TAS,Duplicate 1,2007191166,2007190618002 Fine,<75 µm,BOS,23.42
2007190621,23/05/2009,-29.2414,137.9044,SA, ,,2007190621001 Fine,<75 µm,TOS,18.21
2007190621,23/05/2009,-29.2414,137.9044,SA, ,,2007190621002 Fine,<75 µm,BOS,19.3
2007190623,27/07/2008,-18.6136,132.431,NT, ,,2007190623001 Fine,<75 µm,TOS,11.52
2007190623,27/07/2008,-18.6136,132.431,NT, ,,2007190623002 Fine,<75 µm,BOS,20.79
2007190624,4/05/2008,-22.891,139.9421,QLD, ,,2007190624001 Fine,<75 µm,TOS,13.58
2007190624,4/05/2008,-22.891,139.9421,QLD, ,,2007190624002 Fine,<75 µm,BOS,9.87
2007190626,29/05/2008,-24.6939,143.1238,QLD, ,,2007190626001 Fine,<75 µm,TOS,7.1
2007190626,29/05/2008,-24.6939,143.1238,QLD, ,,2007190626002 Fine,<75 µm,BOS,9.15
2007190627,28/05/2008,-25.6939,140.7531,QLD, ,,2007190627001 Fine,<75 µm,TOS,7.58
2007190628,22/05/2008,-19.1385,134.6076,NT, ,,2007190628001 Fine,<75 µm,TOS,17.22
2007190628,22/05/2008,-19.1385,134.6076,NT, ,,2007190628002 Fine,<75 µm,BOS,15.56
2007190629,27/10/2007,-28.8921,149.0494,QLD, ,,2007190629002 Fine,<75 µm,BOS,15.82
2007190631,4/05/2008,-23.217,139.5746,QLD,Duplicate 2,2007190506,2007190631002 Fine,<75 µm,BOS,6.29
2007190633,24/06/2008,-34.9623,137.4036,SA, ,,2007190633001 Fine,<75 µm,TOS,8.6
2007190633,24/06/2008,-34.9623,137.4036,SA, ,,2007190633002 Fine,<75 µm,BOS,15.46
2007190634,31/03/2008,-22.386,114.0508,WA, ,,2007190634001 Fine,<75 µm,TOS,22.86
2007190635,8/07/2008,-14.323,144.4398,QLD, ,,2007190635001 Fine,<75 µm,TOS,12.94
2007190635,8/07/2008,-14.323,144.4398,QLD, ,,2007190635002 Fine,<75 µm,BOS,9.18
2007190637,8/11/2009,-12.3035,134.1128,NT, ,,2007190637001 Fine,<75 µm,TOS,37.71
2007190637,8/11/2009,-12.3035,134.1128,NT, ,,2007190637002 Fine,<75 µm,BOS,14.79
2007190639,4/02/2008,-37.7745,147.842,VIC, ,,2007190639001 Fine,<75 µm,TOS,89.18
2007190639,4/02/2008,-37.7745,147.842,VIC, ,,2007190639002 Fine,<75 µm,BOS,31.78
2007190641,17/12/2007,-35.0115,148.1544,NSW, ,,2007190641001 Fine,<75 µm,TOS,16.39
2007190641,17/12/2007,-35.0115,148.1544,NSW, ,,2007190641002 Fine,<75 µm,BOS,14.56
2007190642,30/03/2008,-22.9934,144.5513,QLD, ,,2007190642002 Fine,<75 µm,BOS,6.67
2007190643,23/01/2008,-32.6457,123.9836,WA, ,,2007190643001 Fine,<75 µm,TOS,38.09
2007190643,23/01/2008,-32.6457,123.9836,WA, ,,2007190643002 Fine,<75 µm,BOS,31.52
2007190644,20/05/2008,-26.4752,147.9273,QLD, ,,2007190644002 Fine,<75 µm,BOS,15.83
2007190645,28/04/2008,-30.8549,147.0547,NSW, ,,2007190645001 Fine,<75 µm,TOS,12.57
2007190646,25/05/2008,-24.837,140.584,QLD, ,,2007190646001 Fine,<75 µm,TOS,9.72
2007190646,25/05/2008,-24.837,140.584,QLD, ,,2007190646002 Fine,<75 µm,BOS,11.17
2007190647,10/05/2007,-16.5266,143.4719,QLD,Duplicate 1,2007191525,2007190647001 Fine,<75 µm,TOS,7.25
2007190647,10/05/2007,-16.5266,143.4719,QLD,Duplicate 1,2007191525,2007190647002 Fine,<75 µm,BOS,4.86
2007190648,27/07/2008,-18.5621,131.5783,NT, ,,2007190648001 Fine,<75 µm,TOS,12.44
2007190648,27/07/2008,-18.5621,131.5783,NT, ,,2007190648002 Fine,<75 µm,BOS,9.58
2007190651,7/02/2007,-31.7481,116.6724,WA, ,,2007190651001 Fine,<75 µm,TOS,21.49
2007190651,7/02/2007,-31.7481,116.6724,WA, ,,2007190651002 Fine,<75 µm,BOS,22.29
2007190652,4/01/2008,-37.7022,148.5607,VIC, ,,2007190652001 Fine,<75 µm,TOS,33.27
2007190652,4/01/2008,-37.7022,148.5607,VIC, ,,2007190652002 Fine,<75 µm,BOS,36.11
2007190653,14/04/2008,-38.1913,145.5536,VIC, ,,2007190653001 Fine,<75 µm,TOS,46.17
2007190653,14/04/2008,-38.1913,145.5536,VIC, ,,2007190653002 Fine,<75 µm,BOS,12.77
2007190654,4/06/2008,-21.622,138.3084,QLD, ,,2007190654001 Fine,<75 µm,TOS,7.39
2007190654,4/06/2008,-21.622,138.3084,QLD, ,,2007190654002 Fine,<75 µm,BOS,5.73
2007190655,31/05/2008,-21.036,130.7608,NT, ,,2007190655001 Fine,<75 µm,TOS,18.3
2007190655,31/05/2008,-21.036,130.7608,NT, ,,2007190655002 Fine,<75 µm,BOS,14.01
2007190658,6/07/2008,-20.7719,120.7372,WA, ,,2007190658001 Fine,<75 µm,TOS,19.54
2007190658,6/07/2008,-20.7719,120.7372,WA, ,,2007190658002 Fine,<75 µm,BOS,16.56
2007190659,21/01/2008,-33.6497,123.7598,WA,Duplicate 1,2007190739,2007190659001 Fine,<75 µm,TOS,56.44
2007190659,21/01/2008,-33.6497,123.7598,WA,Duplicate 1,2007190739,2007190659002 Fine,<75 µm,BOS,49.01
2007190661,11/03/2007,-27.0693,149.7135,QLD,Duplicate 1,2007191334,2007190661001 Fine,<75 µm,TOS,10.68
2007190663,13/05/2008,-30.9391,150.5307,NSW, ,,2007190663001 Fine,<75 µm,TOS,17.36
2007190663,13/05/2008,-30.9391,150.5307,NSW, ,,2007190663002 Fine,<75 µm,BOS,23.14
2007190664,13/12/2007,-31.6723,121.6198,WA, ,,2007190664001 Fine,<75 µm,TOS,40.56
2007190664,13/12/2007,-31.6723,121.6198,WA, ,,2007190664002 Fine,<75 µm,BOS,22.71
2007190665,29/09/2007,-18.6142,141.3057,QLD, ,,2007190665001 Fine,<75 µm,TOS,25.2
2007190666,4/02/2009,-24.996,130.9929,NT, ,,2007190666001 Fine,<75 µm,TOS,10.42
2007190666,4/02/2009,-24.996,130.9929,NT, ,,2007190666002 Fine,<75 µm,BOS,5.72
2007190667,20/08/2008,-14.6683,141.9216,QLD, ,,2007190667001 Fine,<75 µm,TOS,6.64
2007190667,20/08/2008,-14.6683,141.9216,QLD, ,,2007190667002 Fine,<75 µm,BOS,16.03
2007190670,23/05/2008,-25.1215,138.4662,QLD, ,,2007190670001 Fine,<75 µm,TOS,6.63
2007190671,3/05/2008,-37.5778,141.3854,VIC, ,,2007190671001 Fine,<75 µm,TOS,23.53
2007190671,3/05/2008,-37.5778,141.3854,VIC, ,,2007190671002 Fine,<75 µm,BOS,19.85
2007190672,14/10/2007,-23.8114,148.5158,QLD, ,,2007190672001 Fine,<75 µm,TOS,31.13
2007190673,4/03/2009,-24.2784,129.6551,NT, ,,2007190673001 Fine,<75 µm,TOS,11.61
2007190674,4/08/2008,-14.7337,131.6081,NT, ,,2007190674001 Fine,<75 µm,TOS,13.65
2007190674,4/08/2008,-14.7337,131.6081,NT, ,,2007190674002 Fine,<75 µm,BOS,8.69
2007190675,23/11/2008,-33.9096,136.4124,SA,Duplicate 2,2007190552,2007190675002 Fine,<75 µm,BOS,54.9
2007190677,21/02/2008,-33.2895,143.6141,NSW, ,,2007190677001 Fine,<75 µm,TOS,13.68
2007190677,21/02/2008,-33.2895,143.6141,NSW, ,,2007190677002 Fine,<75 µm,BOS,7.29
2007190679,15/10/2007,-21.1391,148.9135,QLD, ,,2007190679001 Fine,<75 µm,TOS,23.42
2007190681,26/09/2007,-20.0589,141.6355,QLD, ,,2007190681002 Fine,<75 µm,BOS,8.89
2007190683,30/03/2008,-23.754,114.3905,WA, ,,2007190683002 Fine,<75 µm,BOS,6.99
2007190684,19/05/2008,-20.8132,137.6352,NT, ,,2007190684001 Fine,<75 µm,TOS,25.21
2007190684,19/05/2008,-20.8132,137.6352,NT, ,,2007190684002 Fine,<75 µm,BOS,31.82
2007190685,6/10/2008,-32.5204,151.9691,NSW, ,,2007190685001 Fine,<75 µm,TOS,10.41
2007190685,6/10/2008,-32.5204,151.9691,NSW, ,,2007190685002 Fine,<75 µm,BOS,7.82
2007190686,16/08/2008,-13.4411,142.3135,QLD,Duplicate 1,2007191430,2007190686001 Fine,<75 µm,TOS,15.78
2007190686,16/08/2008,-13.4411,142.3135,QLD,Duplicate 1,2007191430,2007190686002 Fine,<75 µm,BOS,22.98
2007190687,15/04/2008,-30.2678,147.2197,NSW, ,,2007190687001 Fine,<75 µm,TOS,11.77
2007190687,15/04/2008,-30.2678,147.2197,NSW, ,,2007190687002 Fine,<75 µm,BOS,13.45
2007190688,3/03/2008,-28.8133,121.0751,WA, ,,2007190688001 Fine,<75 µm,TOS,6.93
2007190688,3/03/2008,-28.8133,121.0751,WA, ,,2007190688002 Fine,<75 µm,BOS,11.64
2007190689,19/10/2007,-22.6254,149.652,QLD, ,,2007190689001 Fine,<75 µm,TOS,20.22
2007190689,19/10/2007,-22.6254,149.652,QLD, ,,2007190689002 Fine,<75 µm,BOS,13.26
2007190690,16/01/2008,-34.9128,116.7876,WA, ,,2007190690001 Fine,<75 µm,TOS,50.94
2007190691,3/05/2008,-25.9963,114.316,WA, ,,2007190691001 Fine,<75 µm,TOS,3.02
2007190691,3/05/2008,-25.9963,114.316,WA, ,,2007190691002 Fine,<75 µm,BOS,38.57
2007190692,4/04/2008,-32.6919,145.1566,NSW,Duplicate 2,2007190335,2007190692001 Fine,<75 µm,TOS,36.69
2007190692,4/04/2008,-32.6919,145.1566,NSW,Duplicate 2,2007190335,2007190692002 Fine,<75 µm,BOS,51.62
2007190694,13/08/2008,-27.9613,136.0757,SA, ,,2007190694001 Fine,<75 µm,TOS,5.55
2007190694,13/08/2008,-27.9613,136.0757,SA, ,,2007190694002 Fine,<75 µm,BOS,6.74
2007190695,23/05/2008,-18.1705,133.492,NT,Duplicate 1,2007190924,2007190695001 Fine,<75 µm,TOS,14.97
2007190695,23/05/2008,-18.1705,133.492,NT,Duplicate 1,2007190924,2007190695002 Fine,<75 µm,BOS,30.83
2007190697,22/05/2008,-18.2566,135.15,NT, ,,2007190697001 Fine,<75 µm,TOS,6.57
2007190697,22/05/2008,-18.2566,135.15,NT, ,,2007190697002 Fine,<75 µm,BOS,5.7
2007190698,23/01/2008,-35.0235,144.5277,NSW,Duplicate 1,2007190813,2007190698001 Fine,<75 µm,TOS,20.78
2007190698,23/01/2008,-35.0235,144.5277,NSW,Duplicate 1,2007190813,2007190698002 Fine,<75 µm,BOS,21.63
2007190699,2/09/2008,-42.8713,147.7001,TAS, ,,2007190699001 Fine,<75 µm,TOS,17.27
2007190699,2/09/2008,-42.8713,147.7001,TAS, ,,2007190699002 Fine,<75 µm,BOS,20.91
2007190701,7/04/2007,-32.1223,118.2078,WA, ,,2007190701001 Fine,<75 µm,TOS,16.89
2007190701,7/04/2007,-32.1223,118.2078,WA, ,,2007190701002 Fine,<75 µm,BOS,5.85
2007190702,15/11/2007,-28.7678,114.7232,WA, ,,2007190702001 Fine,<75 µm,TOS,11.1
2007190702,15/11/2007,-28.7678,114.7232,WA, ,,2007190702002 Fine,<75 µm,BOS,12.92
2007190703,10/02/2007,-20.7066,143.1343,QLD,Duplicate 2,2007190531,2007190703001 Fine,<75 µm,TOS,6.28
2007190703,10/02/2007,-20.7066,143.1343,QLD,Duplicate 2,2007190531,2007190703002 Fine,<75 µm,BOS,7.43
2007190704,11/06/2007,-31.5762,147.1769,NSW,Duplicate 2,2007190194,2007190704001 Fine,<75 µm,TOS,26.74
2007190704,11/06/2007,-31.5762,147.1769,NSW,Duplicate 2,2007190194,2007190704002 Fine,<75 µm,BOS,11.26
2007190705,9/08/2009,-27.356,138.0959,SA, ,,2007190705001 Fine,<75 µm,TOS,2.93
2007190705,9/08/2009,-27.356,138.0959,SA, ,,2007190705002 Fine,<75 µm,BOS,1.55
2007190706,4/04/2008,-20.9459,117.6112,WA, ,,2007190706001 Fine,<75 µm,TOS,12.63
2007190706,4/04/2008,-20.9459,117.6112,WA, ,,2007190706002 Fine,<75 µm,BOS,12.03
2007190707,12/11/2007,-33.4026,117.7419,WA, ,,2007190707001 Fine,<75 µm,TOS,24.97
2007190707,12/11/2007,-33.4026,117.7419,WA, ,,2007190707002 Fine,<75 µm,BOS,20.44
2007190708,10/09/2007,-16.625,144.5758,QLD, ,,2007190708001 Fine,<75 µm,TOS,24.78
2007190708,10/09/2007,-16.625,144.5758,QLD, ,,2007190708002 Fine,<75 µm,BOS,36.66
2007190709,21/01/2008,-36.8653,148.414,NSW, ,,2007190709001 Fine,<75 µm,TOS,17.8
2007190709,21/01/2008,-36.8653,148.414,NSW, ,,2007190709002 Fine,<75 µm,BOS,13.15
2007190710,12/04/2007,-31.8068,117.6543,WA, ,,2007190710001 Fine,<75 µm,TOS,16.4
2007190710,12/04/2007,-31.8068,117.6543,WA, ,,2007190710002 Fine,<75 µm,BOS,10.77
2007190711,8/11/2009,-12.127,133.6924,NT, ,,2007190711001 Fine,<75 µm,TOS,50.65
2007190711,8/11/2009,-12.127,133.6924,NT, ,,2007190711002 Fine,<75 µm,BOS,24.88
2007190712,19/09/2007,-17.9361,139.1405,QLD, ,,2007190712001 Fine,<75 µm,TOS,12.37
2007190712,19/09/2007,-17.9361,139.1405,QLD, ,,2007190712002 Fine,<75 µm,BOS,6.19
2007190713,26/07/2008,-19.4979,131.1889,NT, ,,2007190713001 Fine,<75 µm,TOS,34.54
2007190713,26/07/2008,-19.4979,131.1889,NT, ,,2007190713002 Fine,<75 µm,BOS,32.97
2007190714,24/10/2007,-24.2014,151.2464,QLD, ,,2007190714001 Fine,<75 µm,TOS,20.11
2007190714,24/10/2007,-24.2014,151.2464,QLD, ,,2007190714002 Fine,<75 µm,BOS,12.85
2007190716,9/09/2009,-28.5593,138.0182,SA, ,,2007190716001 Fine,<75 µm,TOS,0.97
2007190717,12/09/2007,-30.9629,121.2917,WA, ,,2007190717001 Fine,<75 µm,TOS,33.54
2007190717,12/09/2007,-30.9629,121.2917,WA, ,,2007190717002 Fine,<75 µm,BOS,9.22
2007190721,16/04/2008,-29.8512,146.4408,NSW, ,,2007190721001 Fine,<75 µm,TOS,11.25
2007190721,16/04/2008,-29.8512,146.4408,NSW, ,,2007190721002 Fine,<75 µm,BOS,7.25
2007190722,3/06/2008,-36.774,142.0761,VIC, ,,2007190722001 Fine,<75 µm,TOS,10.47
2007190722,3/06/2008,-36.774,142.0761,VIC, ,,2007190722002 Fine,<75 µm,BOS,20.88
2007190723,15/04/2008,-38.587,146.9091,VIC, ,,2007190723001 Fine,<75 µm,TOS,61.63
2007190723,15/04/2008,-38.587,146.9091,VIC, ,,2007190723002 Fine,<75 µm,BOS,42.81
2007190724,31/05/2008,-20.8485,130.7418,NT, ,,2007190724001 Fine,<75 µm,TOS,7.78
2007190724,31/05/2008,-20.8485,130.7418,NT, ,,2007190724002 Fine,<75 µm,BOS,5.05
2007190725,20/05/2008,-25.7889,146.5987,QLD, ,,2007190725001 Fine,<75 µm,TOS,32.03
2007190725,20/05/2008,-25.7889,146.5987,QLD, ,,2007190725002 Fine,<75 µm,BOS,14.18
2007190726,15/01/2008,-33.6102,115.5585,WA, ,,2007190726001 Fine,<75 µm,TOS,54.87
2007190726,15/01/2008,-33.6102,115.5585,WA, ,,2007190726002 Fine,<75 µm,BOS,29.34
2007190727,30/05/2008,-21.1015,131.6979,NT, ,,2007190727001 Fine,<75 µm,TOS,31.09
2007190727,30/05/2008,-21.1015,131.6979,NT, ,,2007190727002 Fine,<75 µm,BOS,25.47
2007190728,13/09/2009,-28.1511,135.2796,SA, ,,2007190728001 Fine,<75 µm,TOS,5.74
2007190728,13/09/2009,-28.1511,135.2796,SA, ,,2007190728002 Fine,<75 µm,BOS,7.39
2007190730,15/01/2008,-34.1618,115.1836,WA, ,,2007190730001 Fine,<75 µm,TOS,26.74
2007190730,15/01/2008,-34.1618,115.1836,WA, ,,2007190730002 Fine,<75 µm,BOS,36.99
2007190732,31/03/2008,-22.3026,144.698,QLD,Duplicate 1,2007191450,2007190732001 Fine,<75 µm,TOS,15.69
2007190732,31/03/2008,-22.3026,144.698,QLD,Duplicate 1,2007191450,2007190732002 Fine,<75 µm,BOS,26.49
2007190733,15/07/2008,-15.4813,135.4005,NT, ,,2007190733001 Fine,<75 µm,TOS,8.49
2007190733,15/07/2008,-15.4813,135.4005,NT, ,,2007190733002 Fine,<75 µm,BOS,8.55
2007190735,11/08/2007,-31.5958,143.4777,NSW,Duplicate 1,2007191549,2007190735001 Fine,<75 µm,TOS,11.6
2007190735,11/08/2007,-31.5958,143.4777,NSW,Duplicate 1,2007191549,2007190735002 Fine,<75 µm,BOS,13.77
2007190737,4/03/2008,-22.3193,142.5334,QLD, ,,2007190737001 Fine,<75 µm,TOS,15.58
2007190737,4/03/2008,-22.3193,142.5334,QLD, ,,2007190737002 Fine,<75 µm,BOS,8.61
2007190738,5/07/2008,-25.0219,134.4814,NT, ,,2007190738001 Fine,<75 µm,TOS,12.57
2007190738,5/07/2008,-25.0219,134.4814,NT, ,,2007190738002 Fine,<75 µm,BOS,10.19
2007190739,21/01/2008,-33.649,123.7599,WA,Duplicate 2,2007190659,2007190739001 Fine,<75 µm,TOS,40.97
2007190739,21/01/2008,-33.649,123.7599,WA,Duplicate 2,2007190659,2007190739002 Fine,<75 µm,BOS,42.6
2007190741,9/12/2008,-29.2658,139.2376,SA, ,,2007190741001 Fine,<75 µm,TOS,9.48
2007190741,9/12/2008,-29.2658,139.2376,SA, ,,2007190741002 Fine,<75 µm,BOS,5.61
2007190743,22/05/2009,-29.8028,138.3645,SA,Duplicate 1,2007190906,2007190743001 Fine,<75 µm,TOS,13.64
2007190743,22/05/2009,-29.8028,138.3645,SA,Duplicate 1,2007190906,2007190743002 Fine,<75 µm,BOS,8.2
2007190744,5/12/2008,-36.2237,139.7805,SA, ,,2007190744001 Fine,<75 µm,TOS,48.58
2007190744,5/12/2008,-36.2237,139.7805,SA, ,,2007190744002 Fine,<75 µm,BOS,53.56
2007190746,15/09/2008,-29.011,140.5048,SA,Duplicate 1,2007191241,2007190746001 Fine,<75 µm,TOS,2.61
2007190746,15/09/2008,-29.011,140.5048,SA,Duplicate 1,2007191241,2007190746002 Fine,<75 µm,BOS,4.05
2007190747,4/01/2009,-23.5776,131.1377,NT,Duplicate 2,2007190212,2007190747001 Fine,<75 µm,TOS,41.84
2007190748,11/06/2007,-31.2721,144.7865,NSW, ,,2007190748001 Fine,<75 µm,TOS,40.59
2007190748,11/06/2007,-31.2721,144.7865,NSW, ,,2007190748002 Fine,<75 µm,BOS,22.68
2007190750,7/11/2008,-29.9465,123.6992,WA, ,,2007190750001 Fine,<75 µm,TOS,33.42
2007190750,7/11/2008,-29.9465,123.6992,WA, ,,2007190750002 Fine,<75 µm,BOS,31.4
2007190751,9/10/2009,-28.1152,133.5114,SA, ,,2007190751001 Fine,<75 µm,TOS,22.45
2007190751,9/10/2009,-28.1152,133.5114,SA, ,,2007190751002 Fine,<75 µm,BOS,11.12
2007190752,8/05/2009,-14.1842,129.6507,NT,Duplicate 2,2007190554,2007190752001 Fine,<75 µm,TOS,19.89
2007190752,8/05/2009,-14.1842,129.6507,NT,Duplicate 2,2007190554,2007190752002 Fine,<75 µm,BOS,13.7
2007190753,30/04/2008,-29.2966,145.0231,NSW,Duplicate 1,2007191299,2007190753001 Fine,<75 µm,TOS,13.62
2007190753,30/04/2008,-29.2966,145.0231,NSW,Duplicate 1,2007191299,2007190753002 Fine,<75 µm,BOS,6.58
2007190754,4/03/2009,-24.263,129.7858,NT, ,,2007190754001 Fine,<75 µm,TOS,7.57
2007190754,4/03/2009,-24.263,129.7858,NT, ,,2007190754002 Fine,<75 µm,BOS,5.39
2007190755,9/05/2007,-33.0937,147.0587,NSW, ,,2007190755001 Fine,<75 µm,TOS,17.23
2007190755,9/05/2007,-33.0937,147.0587,NSW, ,,2007190755002 Fine,<75 µm,BOS,16.78
2007190756,6/01/2008,-22.8141,130.3374,NT, ,,2007190756001 Fine,<75 µm,TOS,36.14
2007190756,6/01/2008,-22.8141,130.3374,NT, ,,2007190756002 Fine,<75 µm,BOS,37.65
2007190757,14/05/2008,-23.4647,137.8302,NT, ,,2007190757001 Fine,<75 µm,TOS,3.28
2007190757,14/05/2008,-23.4647,137.8302,NT, ,,2007190757002 Fine,<75 µm,BOS,3.95
2007190758,29/07/2008,-19.9228,132.5963,NT,Duplicate 2,2007190296,2007190758001 Fine,<75 µm,TOS,16.93
2007190758,29/07/2008,-19.9228,132.5963,NT,Duplicate 2,2007190296,2007190758002 Fine,<75 µm,BOS,12.7
2007190759,9/05/2007,-32.9992,146.5016,NSW, ,,2007190759001 Fine,<75 µm,TOS,21.43
2007190759,9/05/2007,-32.9992,146.5016,NSW, ,,2007190759002 Fine,<75 µm,BOS,11.61
2007190761,11/06/2009,-31.5584,136.3627,SA, ,,2007190761001 Fine,<75 µm,TOS,31.6
2007190761,11/06/2009,-31.5584,136.3627,SA, ,,2007190761002 Fine,<75 µm,BOS,25.87
2007190762,11/03/2007,-26.8658,150.1587,QLD, ,,2007190762001 Fine,<75 µm,TOS,36.05
2007190762,11/03/2007,-26.8658,150.1587,QLD, ,,2007190762002 Fine,<75 µm,BOS,56.03
2007190763,25/11/2008,-33.8758,135.4012,SA, ,,2007190763001 Fine,<75 µm,TOS,28.57
2007190763,25/11/2008,-33.8758,135.4012,SA, ,,2007190763002 Fine,<75 µm,BOS,30.05
2007190764,22/09/2007,-16.9882,138.311,QLD, ,,2007190764001 Fine,<75 µm,TOS,24.77
2007190764,22/09/2007,-16.9882,138.311,QLD, ,,2007190764002 Fine,<75 µm,BOS,54.11
2007190766,26/01/2008,-31.621,126.8244,WA, ,,2007190766001 Fine,<75 µm,TOS,21.64
2007190766,26/01/2008,-31.621,126.8244,WA, ,,2007190766002 Fine,<75 µm,BOS,48.86
2007190767,22/09/2007,-17.6942,141.1531,QLD, ,,2007190767001 Fine,<75 µm,TOS,34.75
2007190767,22/09/2007,-17.6942,141.1531,QLD, ,,2007190767002 Fine,<75 µm,BOS,10.26
2007190768,9/05/2007,-33.1572,147.4523,NSW,Duplicate 2,2007190425,2007190768001 Fine,<75 µm,TOS,22.35
2007190768,9/05/2007,-33.1572,147.4523,NSW,Duplicate 2,2007190425,2007190768002 Fine,<75 µm,BOS,11.22
2007190769,12/05/2007,-30.9285,117.3828,WA, ,,2007190769001 Fine,<75 µm,TOS,26.23
2007190769,12/05/2007,-30.9285,117.3828,WA, ,,2007190769002 Fine,<75 µm,BOS,19.54
2007190770,27/07/2008,-17.4721,130.8155,NT, ,,2007190770001 Fine,<75 µm,TOS,8.65
2007190770,27/07/2008,-17.4721,130.8155,NT, ,,2007190770002 Fine,<75 µm,BOS,6
2007190771,17/07/2009,-31.6829,131.9387,SA, ,,2007190771001 Fine,<75 µm,TOS,23.85
2007190771,17/07/2009,-31.6829,131.9387,SA, ,,2007190771002 Fine,<75 µm,BOS,29.56
2007190772,20/09/2007,-17.6364,139.1817,QLD, ,,2007190772001 Fine,<75 µm,TOS,12.31
2007190772,20/09/2007,-17.6364,139.1817,QLD, ,,2007190772002 Fine,<75 µm,BOS,14.54
2007190774,21/09/2007,-18.5614,140.719,QLD,Duplicate 2,2007190458,2007190774001 Fine,<75 µm,TOS,9.99
2007190774,21/09/2007,-18.5614,140.719,QLD,Duplicate 2,2007190458,2007190774002 Fine,<75 µm,BOS,6.69
2007190775,6/11/2008,-31.8929,152.4116,NSW, ,,2007190775001 Fine,<75 µm,TOS,60.45
2007190775,6/11/2008,-31.8929,152.4116,NSW, ,,2007190775002 Fine,<75 µm,BOS,71.24
2007190776,31/03/2008,-28.3139,122.7671,WA, ,,2007190776001 Fine,<75 µm,TOS,31.26
2007190776,31/03/2008,-28.3139,122.7671,WA, ,,2007190776002 Fine,<75 µm,BOS,24.31
2007190778,4/01/2008,-37.5593,149.1487,VIC, ,,2007190778001 Fine,<75 µm,TOS,37.66
2007190778,4/01/2008,-37.5593,149.1487,VIC, ,,2007190778002 Fine,<75 µm,BOS,19.52
2007190779,24/10/2007,-36.1248,144.9815,VIC, ,,2007190779001 Fine,<75 µm,TOS,45.84
2007190779,24/10/2007,-36.1248,144.9815,VIC, ,,2007190779002 Fine,<75 µm,BOS,21.38
2007190781,4/03/2008,-38.1003,147.0379,VIC, ,,2007190781001 Fine,<75 µm,TOS,107.17
2007190781,4/03/2008,-38.1003,147.0379,VIC, ,,2007190781002 Fine,<75 µm,BOS,31.92
2007190782,21/01/2008,-33.9778,149.1677,NSW, ,,2007190782001 Fine,<75 µm,TOS,13.33
2007190782,21/01/2008,-33.9778,149.1677,NSW, ,,2007190782002 Fine,<75 µm,BOS,18.93
2007190783,10/08/2007,-21.9282,146.9256,QLD, ,,2007190783001 Fine,<75 µm,TOS,17.04
2007190783,10/08/2007,-21.9282,146.9256,QLD, ,,2007190783002 Fine,<75 µm,BOS,18.55
2007190785,7/10/2008,-15.3254,129.0887,NT, ,,2007190785001 Fine,<75 µm,TOS,4.73
2007190785,7/10/2008,-15.3254,129.0887,NT, ,,2007190785002 Fine,<75 µm,BOS,2.55
2007190787,11/07/2007,-30.275,144.1019,NSW, ,,2007190787001 Fine,<75 µm,TOS,18.68
2007190787,11/07/2007,-30.275,144.1019,NSW, ,,2007190787002 Fine,<75 µm,BOS,13.7
2007190788,19/12/2007,-35.347,145.5355,NSW,Duplicate 2,2007190193,2007190788001 Fine,<75 µm,TOS,80.48
2007190788,19/12/2007,-35.347,145.5355,NSW,Duplicate 2,2007190193,2007190788002 Fine,<75 µm,BOS,19.55
2007190789,10/04/2007,-16.518,143.3081,QLD, ,,2007190789001 Fine,<75 µm,TOS,9.57
2007190789,10/04/2007,-16.518,143.3081,QLD, ,,2007190789002 Fine,<75 µm,BOS,18.95
2007190790,18/12/2007,-34.7634,146.5653,NSW, ,,2007190790001 Fine,<75 µm,TOS,24.74
2007190790,18/12/2007,-34.7634,146.5653,NSW, ,,2007190790002 Fine,<75 µm,BOS,18.17
2007190791,4/03/2008,-22.3847,143.1014,QLD, ,,2007190791001 Fine,<75 µm,TOS,6.76
2007190791,4/03/2008,-22.3847,143.1014,QLD, ,,2007190791002 Fine,<75 µm,BOS,25.42
2007190792,16/08/2008,-12.2135,142.9925,QLD, ,,2007190792001 Fine,<75 µm,TOS,13.63
2007190792,16/08/2008,-12.2135,142.9925,QLD, ,,2007190792002 Fine,<75 µm,BOS,22.08
2007190793,16/11/2007,-27.3757,115.9283,WA, ,,2007190793001 Fine,<75 µm,TOS,13.7
2007190793,16/11/2007,-27.3757,115.9283,WA, ,,2007190793002 Fine,<75 µm,BOS,18.08
2007190794,30/10/2007,-28.7372,147.1142,QLD, ,,2007190794001 Fine,<75 µm,TOS,12.04
2007190794,30/10/2007,-28.7372,147.1142,QLD, ,,2007190794002 Fine,<75 µm,BOS,9.54
2007190795,29/05/2008,-24.7517,143.9014,QLD, ,,2007190795001 Fine,<75 µm,TOS,7.93
2007190795,29/05/2008,-24.7517,143.9014,QLD, ,,2007190795002 Fine,<75 µm,BOS,7.45
2007190796,23/01/2008,-34.1972,144.1116,NSW, ,,2007190796001 Fine,<75 µm,TOS,35.22
2007190796,23/01/2008,-34.1972,144.1116,NSW, ,,2007190796002 Fine,<75 µm,BOS,10.63
2007190798,8/11/2009,-12.4273,134.6988,NT,Duplicate 1,2007191229,2007190798001 Fine,<75 µm,TOS,5.79
2007190799,28/03/2008,-29.1769,124.6208,WA, ,,2007190799001 Fine,<75 µm,TOS,9.3
2007190799,28/03/2008,-29.1769,124.6208,WA, ,,2007190799002 Fine,<75 µm,BOS,6.89
2007190802,5/12/2008,-30.1973,149.5017,NSW, ,,2007190802001 Fine,<75 µm,TOS,17.4
2007190802,5/12/2008,-30.1973,149.5017,NSW, ,,2007190802002 Fine,<75 µm,BOS,11.96
2007190803,3/05/2008,-25.7527,114.2024,WA, ,,2007190803001 Fine,<75 µm,TOS,3.56
2007190803,3/05/2008,-25.7527,114.2024,WA, ,,2007190803002 Fine,<75 µm,BOS,1.98
2007190805,12/10/2007,-31.8462,119.9992,WA, ,,2007190805001 Fine,<75 µm,TOS,33.48
2007190805,12/10/2007,-31.8462,119.9992,WA, ,,2007190805002 Fine,<75 µm,BOS,44.41
2007190806,17/12/2007,-34.8411,148.3647,NSW, ,,2007190806001 Fine,<75 µm,TOS,31.79
2007190806,17/12/2007,-34.8411,148.3647,NSW, ,,2007190806002 Fine,<75 µm,BOS,20.78
2007190807,8/10/2008,-27.0836,135.5224,SA, ,,2007190807001 Fine,<75 µm,TOS,21.76
2007190807,8/10/2008,-27.0836,135.5224,SA, ,,2007190807002 Fine,<75 µm,BOS,6.73
2007190809,30/04/2009,-33.0505,134.319,SA, ,,2007190809001 Fine,<75 µm,TOS,54.89
2007190809,30/04/2009,-33.0505,134.319,SA, ,,2007190809002 Fine,<75 µm,BOS,60.62
2007190810,14/01/2008,-32.1209,116.0335,WA, ,,2007190810001 Fine,<75 µm,TOS,38.37
2007190810,14/01/2008,-32.1209,116.0335,WA, ,,2007190810002 Fine,<75 µm,BOS,47.74
2007190811,4/01/2008,-23.0539,141.6502,QLD, ,,2007190811001 Fine,<75 µm,TOS,8.99
2007190811,4/01/2008,-23.0539,141.6502,QLD, ,,2007190811002 Fine,<75 µm,BOS,7.82
2007190812,10/05/2007,-37.7864,144.5886,VIC, ,,2007190812001 Fine,<75 µm,TOS,83.28
2007190812,10/05/2007,-37.7864,144.5886,VIC, ,,2007190812002 Fine,<75 µm,BOS,69.21
2007190813,23/01/2008,-35.0229,144.5282,NSW,Duplicate 2,2007190698,2007190813001 Fine,<75 µm,TOS,18.32
2007190813,23/01/2008,-35.0229,144.5282,NSW,Duplicate 2,2007190698,2007190813002 Fine,<75 µm,BOS,25.03
2007190814,30/09/2009,-32.1583,136.7845,SA, ,,2007190814002 Fine,<75 µm,BOS,6.36
2007190816,26/09/2007,-19.557,141.0141,QLD, ,,2007190816001 Fine,<75 µm,TOS,9.17
2007190816,26/09/2007,-19.557,141.0141,QLD, ,,2007190816002 Fine,<75 µm,BOS,7.83
2007190817,27/07/2008,-18.6792,132.9901,NT, ,,2007190817001 Fine,<75 µm,TOS,12.15
2007190817,27/07/2008,-18.6792,132.9901,NT, ,,2007190817002 Fine,<75 µm,BOS,8.21
2007190818,19/02/2008,-34.2657,119.4026,WA,Duplicate 1,2007191157,2007190818001 Fine,<75 µm,TOS,18.07
2007190818,19/02/2008,-34.2657,119.4026,WA,Duplicate 1,2007191157,2007190818002 Fine,<75 µm,BOS,18.86
2007190819,3/03/2008,-28.7638,120.6231,WA, ,,2007190819001 Fine,<75 µm,TOS,44.91
2007190819,3/03/2008,-28.7638,120.6231,WA, ,,2007190819002 Fine,<75 µm,BOS,49.82
2007190821,25/09/2007,-16.9476,142.0767,QLD, ,,2007190821001 Fine,<75 µm,TOS,14.68
2007190821,25/09/2007,-16.9476,142.0767,QLD, ,,2007190821002 Fine,<75 µm,BOS,4.29
2007190822,29/01/2008,-30.7745,125.899,WA, ,,2007190822001 Fine,<75 µm,TOS,34.49
2007190822,29/01/2008,-30.7745,125.899,WA, ,,2007190822002 Fine,<75 µm,BOS,28.65
2007190823,2/06/2008,-41.6596,144.9343,TAS, ,,2007190823001 Fine,<75 µm,TOS,139.54
2007190823,2/06/2008,-41.6596,144.9343,TAS, ,,2007190823002 Fine,<75 µm,BOS,15.81
2007190825,27/09/2007,-20.3082,141.1586,QLD,Duplicate 1,2007191214,2007190825001 Fine,<75 µm,TOS,5.54
2007190825,27/09/2007,-20.3082,141.1586,QLD,Duplicate 1,2007191214,2007190825002 Fine,<75 µm,BOS,7.63
2007190826,31/05/2008,-20.9023,129.3486,NT,Duplicate 1,2007191052,2007190826001 Fine,<75 µm,TOS,20.22
2007190826,31/05/2008,-20.9023,129.3486,NT,Duplicate 1,2007191052,2007190826002 Fine,<75 µm,BOS,38.5
2007190827,23/02/2008,-27.1987,119.9535,WA,Duplicate 1,2007191440,2007190827001 Fine,<75 µm,TOS,24.07
2007190827,23/02/2008,-27.1987,119.9535,WA,Duplicate 1,2007191440,2007190827002 Fine,<75 µm,BOS,21.07
2007190829,6/10/2008,-19.9877,120.2173,WA, ,,2007190829001 Fine,<75 µm,TOS,12.57
2007190829,6/10/2008,-19.9877,120.2173,WA, ,,2007190829002 Fine,<75 µm,BOS,10.72
2007190830,18/09/2007,-20.1489,138.039,QLD, ,,2007190830001 Fine,<75 µm,TOS,9.94
2007190830,18/09/2007,-20.1489,138.039,QLD, ,,2007190830002 Fine,<75 µm,BOS,7.48
2007190831,24/09/2007,-16.8195,141.322,QLD, ,,2007190831001 Fine,<75 µm,TOS,14.09
2007190831,24/09/2007,-16.8195,141.322,QLD, ,,2007190831002 Fine,<75 µm,BOS,13.48
2007190832,23/07/2008,-29.692,133.4757,SA, ,,2007190832001 Fine,<75 µm,TOS,19.22
2007190833,14/05/2008,-22.9338,136.7838,NT, ,,2007190833001 Fine,<75 µm,TOS,5.47
2007190833,14/05/2008,-22.9338,136.7838,NT, ,,2007190833002 Fine,<75 µm,BOS,8.31
2007190834,15/12/2007,-33.8291,120.7939,WA,Duplicate 1,2007190889,2007190834001 Fine,<75 µm,TOS,48.5
2007190834,15/12/2007,-33.8291,120.7939,WA,Duplicate 1,2007190889,2007190834002 Fine,<75 µm,BOS,18.36
2007190835,21/06/2009,-31.2677,131.6912,SA, ,,2007190835001 Fine,<75 µm,TOS,57.62
2007190835,21/06/2009,-31.2677,131.6912,SA, ,,2007190835002 Fine,<75 µm,BOS,52.2
2007190836,4/01/2008,-22.7136,114.3487,WA, ,,2007190836001 Fine,<75 µm,TOS,14.8
2007190836,4/01/2008,-22.7136,114.3487,WA, ,,2007190836002 Fine,<75 µm,BOS,13.01
2007190838,16/04/2008,-29.3724,146.7202,NSW, ,,2007190838001 Fine,<75 µm,TOS,22.06
2007190838,16/04/2008,-29.3724,146.7202,NSW, ,,2007190838002 Fine,<75 µm,BOS,11.06
2007190839,25/07/2007,-25.4467,151.6675,QLD, ,,2007190839002 Fine,<75 µm,BOS,42.7
2007190841,4/06/2008,-22.4111,139.96,QLD, ,,2007190841001 Fine,<75 µm,TOS,7.69
2007190841,4/06/2008,-22.4111,139.96,QLD, ,,2007190841002 Fine,<75 µm,BOS,1.63
2007190842,26/09/2007,-19.5426,140.8561,QLD, ,,2007190842001 Fine,<75 µm,TOS,12.06
2007190842,26/09/2007,-19.5426,140.8561,QLD, ,,2007190842002 Fine,<75 µm,BOS,8.62
2007190843,17/11/2008,-22.6511,150.4609,QLD, ,,2007190843001 Fine,<75 µm,TOS,24.52
2007190843,17/11/2008,-22.6511,150.4609,QLD, ,,2007190843002 Fine,<75 µm,BOS,16.8
2007190844,23/11/2008,-34.5769,135.5716,SA, ,,2007190844001 Fine,<75 µm,TOS,48.46
2007190844,23/11/2008,-34.5769,135.5716,SA, ,,2007190844002 Fine,<75 µm,BOS,21.07
2007190846,27/05/2008,-25.7546,142.358,QLD, ,,2007190846001 Fine,<75 µm,TOS,9.19
2007190846,27/05/2008,-25.7546,142.358,QLD, ,,2007190846002 Fine,<75 µm,BOS,7.13
2007190847,11/10/2009,-34.6643,138.488,SA, ,,2007190847001 Fine,<75 µm,TOS,39.61
2007190847,11/10/2009,-34.6643,138.488,SA, ,,2007190847002 Fine,<75 µm,BOS,19.37
2007190848,5/09/2008,-25.2016,135.6912,NT, ,,2007190848001 Fine,<75 µm,TOS,4.54
2007190848,5/09/2008,-25.2016,135.6912,NT, ,,2007190848002 Fine,<75 µm,BOS,5.49
2007190849,31/10/2007,-28.4337,146.6553,QLD,Duplicate 1,2007191277,2007190849001 Fine,<75 µm,TOS,97.21
2007190849,31/10/2007,-28.4337,146.6553,QLD,Duplicate 1,2007191277,2007190849002 Fine,<75 µm,BOS,31.15
2007190850,15/06/2008,-16.7362,123.9094,WA, ,,2007190850001 Fine,<75 µm,TOS,9.29
2007190850,15/06/2008,-16.7362,123.9094,WA, ,,2007190850002 Fine,<75 µm,BOS,7.94
2007190851,19/07/2007,-32.2507,138.1616,SA, ,,2007190851001 Fine,<75 µm,TOS,6.72
2007190851,19/07/2007,-32.2507,138.1616,SA, ,,2007190851002 Fine,<75 µm,BOS,7.77
2007190852,31/05/2008,-21.0199,130.103,NT, ,,2007190852001 Fine,<75 µm,TOS,11.49
2007190852,31/05/2008,-21.0199,130.103,NT, ,,2007190852002 Fine,<75 µm,BOS,9.85
2007190853,18/07/2007,-32.272,137.754,SA,Duplicate 1,2007190939,2007190853001 Fine,<75 µm,TOS,12.57
2007190854,15/07/2008,-30.5352,135.5389,SA, ,,2007190854001 Fine,<75 µm,TOS,9.41
2007190854,15/07/2008,-30.5352,135.5389,SA, ,,2007190854002 Fine,<75 µm,BOS,10.31
2007190855,26/02/2008,-26.6075,118.1663,WA, ,,2007190855001 Fine,<75 µm,TOS,43.71
2007190855,26/02/2008,-26.6075,118.1663,WA, ,,2007190855002 Fine,<75 µm,BOS,19.44
2007190856,16/07/2008,-15.0455,135.2102,NT,Duplicate 2,2007190357,2007190856001 Fine,<75 µm,TOS,5.48
2007190856,16/07/2008,-15.0455,135.2102,NT,Duplicate 2,2007190357,2007190856002 Fine,<75 µm,BOS,4.3
2007190857,20/04/2008,-24.2548,135.2333,NT, ,,2007190857001 Fine,<75 µm,TOS,19.73
2007190857,20/04/2008,-24.2548,135.2333,NT, ,,2007190857002 Fine,<75 µm,BOS,10.33
2007190858,29/09/2007,-18.1389,141.1677,QLD, ,,2007190858001 Fine,<75 µm,TOS,14.65
2007190858,29/09/2007,-18.1389,141.1677,QLD, ,,2007190858002 Fine,<75 µm,BOS,9.68
2007190859,4/03/2008,-20.876,116.5133,WA, ,,2007190859001 Fine,<75 µm,TOS,3.3
2007190859,4/03/2008,-20.876,116.5133,WA, ,,2007190859002 Fine,<75 µm,BOS,2.81
2007190861,20/02/2008,-29.545,116.7141,WA, ,,2007190861001 Fine,<75 µm,TOS,11.28
2007190861,20/02/2008,-29.545,116.7141,WA, ,,2007190861002 Fine,<75 µm,BOS,13.14
2007190862,17/07/2008,-16.1606,136.7569,NT, ,,2007190862001 Fine,<75 µm,TOS,6.86
2007190862,17/07/2008,-16.1606,136.7569,NT, ,,2007190862002 Fine,<75 µm,BOS,3.83
2007190864,29/04/2008,-29.353,117.818,WA, ,,2007190864001 Fine,<75 µm,TOS,19.33
2007190864,29/04/2008,-29.353,117.818,WA, ,,2007190864002 Fine,<75 µm,BOS,22.46
2007190866,20/09/2007,-15.1022,133.0758,NT, ,,2007190866001 Fine,<75 µm,TOS,27.3
2007190866,20/09/2007,-15.1022,133.0758,NT, ,,2007190866002 Fine,<75 µm,BOS,39.17
2007190867,31/03/2008,-23.5566,145.805,QLD, ,,2007190867001 Fine,<75 µm,TOS,11.56
2007190867,31/03/2008,-23.5566,145.805,QLD, ,,2007190867002 Fine,<75 µm,BOS,12.32
2007190868,7/09/2008,-14.8267,130.1846,NT, ,,2007190868001 Fine,<75 µm,TOS,6.48
2007190868,7/09/2008,-14.8267,130.1846,NT, ,,2007190868002 Fine,<75 µm,BOS,2.73
2007190870,21/08/2009,-31.9877,137.209,SA, ,,2007190870001 Fine,<75 µm,TOS,23.21
2007190870,21/08/2009,-31.9877,137.209,SA, ,,2007190870002 Fine,<75 µm,BOS,27.37
2007190871,15/12/2007,-33.5921,122.1733,WA, ,,2007190871001 Fine,<75 µm,TOS,13.94
2007190871,15/12/2007,-33.5921,122.1733,WA, ,,2007190871002 Fine,<75 µm,BOS,38.55
2007190874,27/07/2008,-17.4093,130.7745,NT,Duplicate 1,2007191297,2007190874001 Fine,<75 µm,TOS,12.38
2007190874,27/07/2008,-17.4093,130.7745,NT,Duplicate 1,2007191297,2007190874002 Fine,<75 µm,BOS,19.88
2007190875,8/12/2008,-28.1323,136.783,SA,Duplicate 2,2007190256,2007190875001 Fine,<75 µm,TOS,11.58
2007190875,8/12/2008,-28.1323,136.783,SA,Duplicate 2,2007190256,2007190875002 Fine,<75 µm,BOS,6.01
2007190876,8/07/2007,-20.4024,147.3504,QLD,Duplicate 2,2007190035,2007190876001 Fine,<75 µm,TOS,12.43
2007190876,8/07/2007,-20.4024,147.3504,QLD,Duplicate 2,2007190035,2007190876002 Fine,<75 µm,BOS,11.76
2007190877,16/01/2008,-34.9843,116.6303,WA, ,,2007190877001 Fine,<75 µm,TOS,84.82
2007190877,16/01/2008,-34.9843,116.6303,WA, ,,2007190877002 Fine,<75 µm,BOS,21.69
2007190878,24/07/2007,-25.589,152.7003,QLD, ,,2007190878001 Fine,<75 µm,TOS,233.82
2007190878,24/07/2007,-25.589,152.7003,QLD, ,,2007190878002 Fine,<75 µm,BOS,51.08
2007190879,20/09/2007,-14.7153,132.0814,NT, ,,2007190879001 Fine,<75 µm,TOS,15.28
2007190879,20/09/2007,-14.7153,132.0814,NT, ,,2007190879002 Fine,<75 µm,BOS,8.89
2007190881,23/02/2008,-27.6989,117.984,WA, ,,2007190881001 Fine,<75 µm,TOS,8.17
2007190881,23/02/2008,-27.6989,117.984,WA, ,,2007190881002 Fine,<75 µm,BOS,0.9
2007190882,4/11/2008,-17.7516,131.534,NT, ,,2007190882001 Fine,<75 µm,TOS,12.26
2007190882,4/11/2008,-17.7516,131.534,NT, ,,2007190882002 Fine,<75 µm,BOS,8.41
2007190883,5/12/2008,-26.546,115.4845,WA, ,,2007190883001 Fine,<75 µm,TOS,26.04
2007190883,5/12/2008,-26.546,115.4845,WA, ,,2007190883002 Fine,<75 µm,BOS,5.47
2007190884,15/07/2008,-16.6439,135.8449,NT, ,,2007190884001 Fine,<75 µm,TOS,12.18
2007190884,15/07/2008,-16.6439,135.8449,NT, ,,2007190884002 Fine,<75 µm,BOS,7.61
2007190885,23/10/2007,-35.7758,143.9195,VIC, ,,2007190885001 Fine,<75 µm,TOS,185.71
2007190885,23/10/2007,-35.7758,143.9195,VIC, ,,2007190885002 Fine,<75 µm,BOS,19.6
2007190886,15/04/2008,-38.6608,146.2738,VIC, ,,2007190886001 Fine,<75 µm,TOS,51.25
2007190886,15/04/2008,-38.6608,146.2738,VIC, ,,2007190886002 Fine,<75 µm,BOS,42.65
2007190887,13/07/2008,-13.7987,130.4168,NT,Duplicate 1,2007191058,2007190887001 Fine,<75 µm,TOS,12.7
2007190887,13/07/2008,-13.7987,130.4168,NT,Duplicate 1,2007191058,2007190887002 Fine,<75 µm,BOS,12.79
2007190888,5/03/2009,-33.5035,135.3287,SA, ,,2007190888001 Fine,<75 µm,TOS,35.17
2007190888,5/03/2009,-33.5035,135.3287,SA, ,,2007190888002 Fine,<75 µm,BOS,26.55
2007190889,15/12/2007,-33.8296,120.7941,WA,Duplicate 2,2007190834,2007190889001 Fine,<75 µm,TOS,21.68
2007190890,7/03/2007,-31.202,119.2939,WA, ,,2007190890002 Fine,<75 µm,BOS,2.95
2007190891,15/05/2008,-21.8688,136.077,NT, ,,2007190891001 Fine,<75 µm,TOS,27.65
2007190891,15/05/2008,-21.8688,136.077,NT, ,,2007190891002 Fine,<75 µm,BOS,13.26
2007190894,30/01/2008,-31.1289,124.3097,WA, ,,2007190894001 Fine,<75 µm,TOS,19.13
2007190894,30/01/2008,-31.1289,124.3097,WA, ,,2007190894002 Fine,<75 µm,BOS,48.86
2007190895,17/04/2008,-29.7012,147.3687,NSW,Duplicate 1,2007190947,2007190895001 Fine,<75 µm,TOS,12.6
2007190895,17/04/2008,-29.7012,147.3687,NSW,Duplicate 1,2007190947,2007190895002 Fine,<75 µm,BOS,7.53
2007190896,24/02/2008,-28.2661,117.3893,WA,Duplicate 1,2007191441,2007190896001 Fine,<75 µm,TOS,22.2
2007190896,24/02/2008,-28.2661,117.3893,WA,Duplicate 1,2007191441,2007190896002 Fine,<75 µm,BOS,20.55
2007190897,25/07/2007,-25.3697,151.0842,QLD, ,,2007190897001 Fine,<75 µm,TOS,17.51
2007190897,25/07/2007,-25.3697,151.0842,QLD, ,,2007190897002 Fine,<75 µm,BOS,11.53
2007190898,25/10/2007,-27.1317,152.507,QLD, ,,2007190898001 Fine,<75 µm,TOS,37.78
2007190898,25/10/2007,-27.1317,152.507,QLD, ,,2007190898002 Fine,<75 µm,BOS,34.03
2007190901,12/10/2007,-31.3509,120.2086,WA, ,,2007190901001 Fine,<75 µm,TOS,6.08
2007190901,12/10/2007,-31.3509,120.2086,WA, ,,2007190901002 Fine,<75 µm,BOS,18.61
2007190902,10/01/2007,-37.7103,144.8385,VIC, ,,2007190902001 Fine,<75 µm,TOS,22.25
2007190902,10/01/2007,-37.7103,144.8385,VIC, ,,2007190902002 Fine,<75 µm,BOS,24.36
2007190903,16/08/2009,-13.5832,135.6974,NT, ,,2007190903001 Fine,<75 µm,TOS,15.17
2007190903,16/08/2009,-13.5832,135.6974,NT, ,,2007190903002 Fine,<75 µm,BOS,20.99
2007190904,6/09/2008,-20.0537,119.3111,WA, ,,2007190904001 Fine,<75 µm,TOS,22.11
2007190904,6/09/2008,-20.0537,119.3111,WA, ,,2007190904002 Fine,<75 µm,BOS,91.83
2007190905,30/07/2008,-20.2009,133.871,NT, ,,2007190905001 Fine,<75 µm,TOS,22.25
2007190905,30/07/2008,-20.2009,133.871,NT, ,,2007190905002 Fine,<75 µm,BOS,17.37
2007190906,22/05/2009,-29.8026,138.3651,SA,Duplicate 2,2007190743,2007190906001 Fine,<75 µm,TOS,14.6
2007190906,22/05/2009,-29.8026,138.3651,SA,Duplicate 2,2007190743,2007190906002 Fine,<75 µm,BOS,8.73
2007190907,28/09/2009,-32.1559,135.8575,SA, ,,2007190907001 Fine,<75 µm,TOS,32.38
2007190907,28/09/2009,-32.1559,135.8575,SA, ,,2007190907002 Fine,<75 µm,BOS,32.24
2007190909,5/10/2008,-25.1924,137.9374,NT,Duplicate 2,2007190536,2007190909001 Fine,<75 µm,TOS,12.47
2007190909,5/10/2008,-25.1924,137.9374,NT,Duplicate 2,2007190536,2007190909002 Fine,<75 µm,BOS,13.23
2007190910,25/05/2008,-20.7992,134.2423,NT, ,,2007190910001 Fine,<75 µm,TOS,16.4
2007190910,25/05/2008,-20.7992,134.2423,NT, ,,2007190910002 Fine,<75 µm,BOS,20.22
2007190912,22/10/2007,-22.2841,148.9417,QLD, ,,2007190912001 Fine,<75 µm,TOS,26.55
2007190912,22/10/2007,-22.2841,148.9417,QLD, ,,2007190912002 Fine,<75 µm,BOS,13.71
2007190913,11/05/2009,-30.6933,134.2806,SA,Duplicate 2,2007190107,2007190913001 Fine,<75 µm,TOS,36.12
2007190913,11/05/2009,-30.6933,134.2806,SA,Duplicate 2,2007190107,2007190913002 Fine,<75 µm,BOS,47.05
2007190914,23/02/2008,-27.3875,117.765,WA, ,,2007190914001 Fine,<75 µm,TOS,43.02
2007190914,23/02/2008,-27.3875,117.765,WA, ,,2007190914002 Fine,<75 µm,BOS,45.88
2007190915,3/02/2008,-25.1933,115.5112,WA, ,,2007190915001 Fine,<75 µm,TOS,19.33
2007190915,3/02/2008,-25.1933,115.5112,WA, ,,2007190915002 Fine,<75 µm,BOS,8.01
2007190916,29/07/2008,-20.1088,132.9901,NT, ,,2007190916001 Fine,<75 µm,TOS,14.91
2007190916,29/07/2008,-20.1088,132.9901,NT, ,,2007190916002 Fine,<75 µm,BOS,8.96
2007190917,6/05/2008,-22.6456,119.9692,WA, ,,2007190917001 Fine,<75 µm,TOS,26
2007190917,6/05/2008,-22.6456,119.9692,WA, ,,2007190917002 Fine,<75 µm,BOS,16.66
2007190918,28/05/2008,-35.2496,138.995,SA, ,,2007190918001 Fine,<75 µm,TOS,46.69
2007190918,28/05/2008,-35.2496,138.995,SA, ,,2007190918002 Fine,<75 µm,BOS,29.06
2007190919,8/06/2007,-19.5582,147.1029,QLD, ,,2007190919001 Fine,<75 µm,TOS,14.24
2007190921,10/05/2007,-18.8053,143.277,QLD, ,,2007190921001 Fine,<75 µm,TOS,15.79
2007190921,10/05/2007,-18.8053,143.277,QLD, ,,2007190921002 Fine,<75 µm,BOS,9.55
2007190922,15/05/2008,-35.0844,139.8851,SA,Duplicate 1,2007191082,2007190922001 Fine,<75 µm,TOS,56.29
2007190922,15/05/2008,-35.0844,139.8851,SA,Duplicate 1,2007191082,2007190922002 Fine,<75 µm,BOS,126.29
2007190923,3/05/2008,-25.7417,114.2953,WA, ,,2007190923001 Fine,<75 µm,TOS,16.25
2007190923,3/05/2008,-25.7417,114.2953,WA, ,,2007190923002 Fine,<75 µm,BOS,20
2007190924,23/05/2008,-18.1708,133.4923,NT,Duplicate 2,2007190695,2007190924001 Fine,<75 µm,TOS,16.43
2007190924,23/05/2008,-18.1708,133.4923,NT,Duplicate 2,2007190695,2007190924002 Fine,<75 µm,BOS,29.07
2007190925,22/09/2007,-17.2355,138.6776,QLD, ,,2007190925001 Fine,<75 µm,TOS,40
2007190925,22/09/2007,-17.2355,138.6776,QLD, ,,2007190925002 Fine,<75 µm,BOS,7.31
2007190926,11/06/2007,-31.829,145.2772,NSW, ,,2007190926001 Fine,<75 µm,TOS,40.12
2007190926,11/06/2007,-31.829,145.2772,NSW, ,,2007190926002 Fine,<75 µm,BOS,17.18
2007190927,14/05/2008,-30.752,152.1917,NSW,Duplicate 1,2007191444,2007190927001 Fine,<75 µm,TOS,98.95
2007190927,14/05/2008,-30.752,152.1917,NSW,Duplicate 1,2007191444,2007190927002 Fine,<75 µm,BOS,77.92
2007190928,13/05/2008,-26.289,116.8887,WA, ,,2007190928001 Fine,<75 µm,TOS,31.6
2007190928,13/05/2008,-26.289,116.8887,WA, ,,2007190928002 Fine,<75 µm,BOS,46.64
2007190929,2/07/2008,-29.4448,153.2102,NSW, ,,2007190929001 Fine,<75 µm,TOS,65.34
2007190930,10/03/2007,-15.5033,142.5384,QLD, ,,2007190930001 Fine,<75 µm,TOS,7.57
2007190930,10/03/2007,-15.5033,142.5384,QLD, ,,2007190930002 Fine,<75 µm,BOS,8.41
2007190931,4/03/2009,-23.8345,130.3792,NT, ,,2007190931001 Fine,<75 µm,TOS,28.13
2007190931,4/03/2009,-23.8345,130.3792,NT, ,,2007190931002 Fine,<75 µm,BOS,22.89
2007190932,6/04/2008,-22.8607,120.2892,WA, ,,2007190932001 Fine,<75 µm,TOS,65.89
2007190932,6/04/2008,-22.8607,120.2892,WA, ,,2007190932002 Fine,<75 µm,BOS,29.93
2007190933,6/05/2008,-26.6445,141.8027,QLD, ,,2007190933001 Fine,<75 µm,TOS,15.13
2007190933,6/05/2008,-26.6445,141.8027,QLD, ,,2007190933002 Fine,<75 µm,BOS,2.68
2007190936,21/05/2008,-26.3919,146.2478,QLD, ,,2007190936001 Fine,<75 µm,TOS,22.61
2007190936,21/05/2008,-26.3919,146.2478,QLD, ,,2007190936002 Fine,<75 µm,BOS,20.94
2007190939,18/07/2007,-32.2717,137.7536,SA,Duplicate 2,2007190853,2007190939001 Fine,<75 µm,TOS,11.43
2007190939,18/07/2007,-32.2717,137.7536,SA,Duplicate 2,2007190853,2007190939002 Fine,<75 µm,BOS,8.15
2007190941,13/08/2008,-12.1047,142.278,QLD, ,,2007190941001 Fine,<75 µm,TOS,13.53
2007190941,13/08/2008,-12.1047,142.278,QLD, ,,2007190941002 Fine,<75 µm,BOS,4.78
2007190942,14/06/2008,-17.6611,123.3923,WA, ,,2007190942001 Fine,<75 µm,TOS,4.46
2007190942,14/06/2008,-17.6611,123.3923,WA, ,,2007190942002 Fine,<75 µm,BOS,5.34
2007190943,4/02/2008,-30.9179,144.0125,NSW, ,,2007190943001 Fine,<75 µm,TOS,8.08
2007190943,4/02/2008,-30.9179,144.0125,NSW, ,,2007190943002 Fine,<75 µm,BOS,5.52
2007190945,6/11/2008,-31.4474,152.7398,NSW, ,,2007190945001 Fine,<75 µm,TOS,67.73
2007190945,6/11/2008,-31.4474,152.7398,NSW, ,,2007190945002 Fine,<75 µm,BOS,72.26
2007190946,31/05/2008,-21.6439,129.6783,NT, ,,2007190946001 Fine,<75 µm,TOS,5.02
2007190946,31/05/2008,-21.6439,129.6783,NT, ,,2007190946002 Fine,<75 µm,BOS,14.55
2007190947,17/04/2008,-29.7009,147.369,NSW,Duplicate 2,2007190895,2007190947001 Fine,<75 µm,TOS,15.81
2007190947,17/04/2008,-29.7009,147.369,NSW,Duplicate 2,2007190895,2007190947002 Fine,<75 µm,BOS,8.35
2007190948,21/04/2008,-23.9337,135.849,NT, ,,2007190948001 Fine,<75 µm,TOS,5.92
2007190948,21/04/2008,-23.9337,135.849,NT, ,,2007190948002 Fine,<75 µm,BOS,3.21
2007190949,28/09/2009,-32.4485,136.0046,SA,Duplicate 1,2007191504,2007190949001 Fine,<75 µm,TOS,19.33
2007190949,28/09/2009,-32.4485,136.0046,SA,Duplicate 1,2007191504,2007190949002 Fine,<75 µm,BOS,14.53
2007190950,5/11/2008,-24.1176,136.8895,NT, ,,2007190950001 Fine,<75 µm,TOS,36.66
2007190951,17/11/2007,-28.1765,115.702,WA, ,,2007190951001 Fine,<75 µm,TOS,19.88
2007190951,17/11/2007,-28.1765,115.702,WA, ,,2007190951002 Fine,<75 µm,BOS,35.98
2007190952,26/01/2008,-31.5839,127.66,WA, ,,2007190952001 Fine,<75 µm,TOS,37.31
2007190952,26/01/2008,-31.5839,127.66,WA, ,,2007190952002 Fine,<75 µm,BOS,17.75
2007190953,11/12/2007,-30.938,116.0506,WA, ,,2007190953001 Fine,<75 µm,TOS,9.84
2007190953,11/12/2007,-30.938,116.0506,WA, ,,2007190953002 Fine,<75 µm,BOS,12.86
2007190954,7/04/2007,-33.518,116.8065,WA, ,,2007190954001 Fine,<75 µm,TOS,11.93
2007190954,7/04/2007,-33.518,116.8065,WA, ,,2007190954002 Fine,<75 µm,BOS,4.4
2007190955,17/07/2007,-34.1513,138.2614,SA, ,,2007190955001 Fine,<75 µm,TOS,8.36
2007190955,17/07/2007,-34.1513,138.2614,SA, ,,2007190955002 Fine,<75 µm,BOS,21.09
2007190958,8/08/2007,-20.2278,148.4951,QLD, ,,2007190958001 Fine,<75 µm,TOS,17.42
2007190958,8/08/2007,-20.2278,148.4951,QLD, ,,2007190958002 Fine,<75 µm,BOS,4.91
2007190959,13/11/2007,-30.3002,115.1967,WA, ,,2007190959001 Fine,<75 µm,TOS,21.77
2007190959,13/11/2007,-30.3002,115.1967,WA, ,,2007190959002 Fine,<75 µm,BOS,11.33
2007190962,15/06/2008,-17.0783,124.0675,WA,Duplicate 2,2007190197,2007190962001 Fine,<75 µm,TOS,14.43
2007190962,15/06/2008,-17.0783,124.0675,WA,Duplicate 2,2007190197,2007190962002 Fine,<75 µm,BOS,16.86
2007190963,7/10/2008,-15.67,129.8959,NT, ,,2007190963001 Fine,<75 µm,TOS,3.95
2007190963,7/10/2008,-15.67,129.8959,NT, ,,2007190963002 Fine,<75 µm,BOS,5.34
2007190964,18/10/2007,-34.9838,142.0603,VIC, ,,2007190964001 Fine,<75 µm,TOS,32.29
2007190964,18/10/2007,-34.9838,142.0603,VIC, ,,2007190964002 Fine,<75 µm,BOS,31.87
2007190966,16/06/2008,-17.3467,124.3674,WA, ,,2007190966001 Fine,<75 µm,TOS,12.94
2007190966,16/06/2008,-17.3467,124.3674,WA, ,,2007190966002 Fine,<75 µm,BOS,5.84
2007190967,11/04/2009,-31.1765,135.3409,SA, ,,2007190967001 Fine,<75 µm,TOS,14.18
2007190967,11/04/2009,-31.1765,135.3409,SA, ,,2007190967002 Fine,<75 µm,BOS,6.7
2007190968,6/07/2008,-28.035,141.9105,QLD,Duplicate 1,2007191437,2007190968001 Fine,<75 µm,TOS,13.45
2007190968,6/07/2008,-28.035,141.9105,QLD,Duplicate 1,2007191437,2007190968002 Fine,<75 µm,BOS,4.62
2007190969,20/02/2008,-32.9453,141.452,NSW, ,,2007190969001 Fine,<75 µm,TOS,28.89
2007190969,20/02/2008,-32.9453,141.452,NSW, ,,2007190969002 Fine,<75 µm,BOS,27.7
2007190970,2/06/2008,-41.0492,144.6748,TAS,Duplicate 1,2007191245,2007190970001 Fine,<75 µm,TOS,58.47
2007190970,2/06/2008,-41.0492,144.6748,TAS,Duplicate 1,2007191245,2007190970002 Fine,<75 µm,BOS,39.61
2007190971,7/12/2008,-14.7379,134.0471,NT, ,,2007190971001 Fine,<75 µm,TOS,15.02
2007190971,7/12/2008,-14.7379,134.0471,NT, ,,2007190971002 Fine,<75 µm,BOS,12.67
2007190972,4/01/2008,-32.6807,141.678,NSW, ,,2007190972001 Fine,<75 µm,TOS,12.19
2007190972,4/01/2008,-32.6807,141.678,NSW, ,,2007190972002 Fine,<75 µm,BOS,15.53
2007190973,3/06/2008,-28.3625,119.5887,WA, ,,2007190973001 Fine,<75 µm,TOS,56.84
2007190973,3/06/2008,-28.3625,119.5887,WA, ,,2007190973002 Fine,<75 µm,BOS,36.56
2007190974,10/10/2007,-18.5762,136.1157,NT,Duplicate 2,2007190419,2007190974001 Fine,<75 µm,TOS,21.61
2007190974,10/10/2007,-18.5762,136.1157,NT,Duplicate 2,2007190419,2007190974002 Fine,<75 µm,BOS,10.18
2007190975,29/03/2008,-29.3822,126.2921,WA, ,,2007190975001 Fine,<75 µm,TOS,37.27
2007190975,29/03/2008,-29.3822,126.2921,WA, ,,2007190975002 Fine,<75 µm,BOS,42.4
2007190976,28/02/2008,-25.0453,117.5865,WA, ,,2007190976001 Fine,<75 µm,TOS,60.89
2007190976,28/02/2008,-25.0453,117.5865,WA, ,,2007190976002 Fine,<75 µm,BOS,47.24
2007190978,3/12/2008,-32.3996,150.3713,NSW,Duplicate 2,2007190241,2007190978001 Fine,<75 µm,TOS,18.2
2007190978,3/12/2008,-32.3996,150.3713,NSW,Duplicate 2,2007190241,2007190978002 Fine,<75 µm,BOS,21.63
2007190979,27/09/2007,-20.4023,141.3346,QLD, ,,2007190979001 Fine,<75 µm,TOS,10.04
2007190979,27/09/2007,-20.4023,141.3346,QLD, ,,2007190979002 Fine,<75 µm,BOS,6.56
2007190982,23/01/2008,-34.0331,144.826,NSW, ,,2007190982001 Fine,<75 µm,TOS,9.7
2007190982,23/01/2008,-34.0331,144.826,NSW, ,,2007190982002 Fine,<75 µm,BOS,5.22
2007190984,16/11/2007,-27.5315,115.2179,WA,Duplicate 2,2007190039,2007190984001 Fine,<75 µm,TOS,12.18
2007190984,16/11/2007,-27.5315,115.2179,WA,Duplicate 2,2007190039,2007190984002 Fine,<75 µm,BOS,11.36
2007190985,15/05/2008,-21.6518,136.6493,NT, ,,2007190985001 Fine,<75 µm,TOS,21.76
2007190985,15/05/2008,-21.6518,136.6493,NT, ,,2007190985002 Fine,<75 µm,BOS,15.74
2007190986,26/05/2008,-22.2368,134.5565,NT,Duplicate 1,2007191592,2007190986002 Fine,<75 µm,BOS,3.55
2007190989,29/02/2008,-25.1472,116.9328,WA,Duplicate 2,2007190342,2007190989001 Fine,<75 µm,TOS,55.89
2007190989,29/02/2008,-25.1472,116.9328,WA,Duplicate 2,2007190342,2007190989002 Fine,<75 µm,BOS,6.74
2007190990,25/09/2007,-16.5329,142.0572,QLD,Duplicate 1,2007191537,2007190990001 Fine,<75 µm,TOS,27.29
2007190990,25/09/2007,-16.5329,142.0572,QLD,Duplicate 1,2007191537,2007190990002 Fine,<75 µm,BOS,7.13
2007190991,9/06/2007,-34.3349,146.5781,NSW, ,,2007190991001 Fine,<75 µm,TOS,8.9
2007190991,9/06/2007,-34.3349,146.5781,NSW, ,,2007190991002 Fine,<75 µm,BOS,7.4
2007190992,15/10/2007,-24.3311,147.4445,QLD, ,,2007190992001 Fine,<75 µm,TOS,20.32
2007190992,15/10/2007,-24.3311,147.4445,QLD, ,,2007190992002 Fine,<75 µm,BOS,15
2007190993,2/07/2008,-41.192,146.252,TAS, ,,2007190993001 Fine,<75 µm,TOS,58.56
2007190993,2/07/2008,-41.192,146.252,TAS, ,,2007190993002 Fine,<75 µm,BOS,44.6
2007190994,21/05/2008,-17.9747,135.5762,NT, ,,2007190994001 Fine,<75 µm,TOS,20.02
2007190994,21/05/2008,-17.9747,135.5762,NT, ,,2007190994002 Fine,<75 µm,BOS,15.44
2007190995,17/07/2007,-33.3397,138.0654,SA, ,,2007190995001 Fine,<75 µm,TOS,41.63
2007190995,17/07/2007,-33.3397,138.0654,SA, ,,2007190995002 Fine,<75 µm,BOS,14.44
2007190996,4/02/2009,-24.8345,130.729,NT, ,,2007190996001 Fine,<75 µm,TOS,14.54
2007190996,4/02/2009,-24.8345,130.729,NT, ,,2007190996002 Fine,<75 µm,BOS,4.44
2007190997,29/03/2008,-29.7178,125.2564,WA, ,,2007190997001 Fine,<75 µm,TOS,27.56
2007190997,29/03/2008,-29.7178,125.2564,WA, ,,2007190997002 Fine,<75 µm,BOS,35.56
2007190998,10/02/2007,-14.9757,141.7992,QLD, ,,2007190998001 Fine,<75 µm,TOS,4.71
2007190998,10/02/2007,-14.9757,141.7992,QLD, ,,2007190998002 Fine,<75 µm,BOS,3.31
2007190999,31/10/2007,-28.5556,147.4065,QLD, ,,2007190999001 Fine,<75 µm,TOS,26.02
2007190999,31/10/2007,-28.5556,147.4065,QLD, ,,2007190999002 Fine,<75 µm,BOS,13.38
2007191001,10/10/2007,-17.9934,145.93,QLD, ,,2007191001001 Fine,<75 µm,TOS,57.15
2007191001,10/10/2007,-17.9934,145.93,QLD, ,,2007191001002 Fine,<75 µm,BOS,47.11
2007191002,25/07/2008,-20.447,130.642,NT, ,,2007191002001 Fine,<75 µm,TOS,11.26
2007191002,25/07/2008,-20.447,130.642,NT, ,,2007191002002 Fine,<75 µm,BOS,3.22
2007191003,5/04/2008,-22.7286,115.6984,WA, ,,2007191003001 Fine,<75 µm,TOS,16.93
2007191003,5/04/2008,-22.7286,115.6984,WA, ,,2007191003002 Fine,<75 µm,BOS,12.27
2007191004,27/06/2008,-35.5406,138.5772,SA,Duplicate 2,2007190457,2007191004001 Fine,<75 µm,TOS,15.82
2007191004,27/06/2008,-35.5406,138.5772,SA,Duplicate 2,2007190457,2007191004002 Fine,<75 µm,BOS,3.86
2007191005,8/06/2007,-19.9295,147.8441,QLD, ,,2007191005001 Fine,<75 µm,TOS,10.59
2007191005,8/06/2007,-19.9295,147.8441,QLD, ,,2007191005002 Fine,<75 µm,BOS,6.64
2007191006,6/05/2008,-22.3394,119.241,WA, ,,2007191006001 Fine,<75 µm,TOS,9.4
2007191006,6/05/2008,-22.3394,119.241,WA, ,,2007191006002 Fine,<75 µm,BOS,2.81
2007191007,23/10/2007,-23.1061,149.8684,QLD,Duplicate 1,2007191551,2007191007001 Fine,<75 µm,TOS,16.63
2007191007,23/10/2007,-23.1061,149.8684,QLD,Duplicate 1,2007191551,2007191007002 Fine,<75 µm,BOS,11.79
2007191008,26/07/2008,-19.3201,131.6406,NT, ,,2007191008001 Fine,<75 µm,TOS,19.31
2007191008,26/07/2008,-19.3201,131.6406,NT, ,,2007191008002 Fine,<75 µm,BOS,9.12
2007191011,10/01/2007,-20.8025,142.2626,QLD, ,,2007191011001 Fine,<75 µm,TOS,11.63
2007191011,10/01/2007,-20.8025,142.2626,QLD, ,,2007191011002 Fine,<75 µm,BOS,9.94
2007191012,2/07/2008,-41.4379,147.1706,TAS, ,,2007191012001 Fine,<75 µm,TOS,168.23
2007191012,2/07/2008,-41.4379,147.1706,TAS, ,,2007191012002 Fine,<75 µm,BOS,42.32
2007191013,18/08/2009,-15.295,134.1007,NT, ,,2007191013001 Fine,<75 µm,TOS,14.81
2007191013,18/08/2009,-15.295,134.1007,NT, ,,2007191013002 Fine,<75 µm,BOS,11.84
2007191014,20/02/2008,-34.0501,141.0679,NSW, ,,2007191014001 Fine,<75 µm,TOS,35.68
2007191014,20/02/2008,-34.0501,141.0679,NSW, ,,2007191014002 Fine,<75 µm,BOS,11.07
2007191015,29/10/2007,-24.9378,152.2029,QLD, ,,2007191015001 Fine,<75 µm,TOS,40.56
2007191015,29/10/2007,-24.9378,152.2029,QLD, ,,2007191015002 Fine,<75 µm,BOS,56.04
2007191016,16/07/2008,-15.2867,135.5269,NT, ,,2007191016001 Fine,<75 µm,TOS,13.53
2007191016,16/07/2008,-15.2867,135.5269,NT, ,,2007191016002 Fine,<75 µm,BOS,9.59
2007191018,3/03/2008,-25.0592,113.9713,WA, ,,2007191018001 Fine,<75 µm,TOS,29.67
2007191018,3/03/2008,-25.0592,113.9713,WA, ,,2007191018002 Fine,<75 µm,BOS,23.01
2007191019,20/09/2007,-18.225,139.9,QLD, ,,2007191019001 Fine,<75 µm,TOS,6.31
2007191019,20/09/2007,-18.225,139.9,QLD, ,,2007191019002 Fine,<75 µm,BOS,7.49
2007191021,31/03/2008,-23.2927,113.9212,WA, ,,2007191021001 Fine,<75 µm,TOS,17.18
2007191068,25/07/2008,-18.3841,129.4184,NT, ,,2007191068002 Fine,<75 µm,BOS,8.49
2007191069,21/09/2007,-16.8859,138.1521,QLD, ,,2007191069001 Fine,<75 µm,TOS,21.23
2007191069,21/09/2007,-16.8859,138.1521,QLD, ,,2007191069002 Fine,<75 µm,BOS,7.21
2007191070,20/07/2009,-31.8981,132.964,SA, ,,2007191070001 Fine,<75 µm,TOS,38.23
2007191070,20/07/2009,-31.8981,132.964,SA, ,,2007191070002 Fine,<75 µm,BOS,88.04
2007191071,10/09/2007,-18.9363,135.8586,NT, ,,2007191071001 Fine,<75 µm,TOS,6.71
2007191071,10/09/2007,-18.9363,135.8586,NT, ,,2007191071002 Fine,<75 µm,BOS,4.12
2007191073,24/09/2007,-17.2957,141.1791,QLD, ,,2007191073001 Fine,<75 µm,TOS,8.11
2007191073,24/09/2007,-17.2957,141.1791,QLD, ,,2007191073002 Fine,<75 µm,BOS,4.78
2007191074,10/02/2007,-15.3678,141.9595,QLD, ,,2007191074001 Fine,<75 µm,TOS,25.03
2007191074,10/02/2007,-15.3678,141.9595,QLD, ,,2007191074002 Fine,<75 µm,BOS,11.53
2007191076,17/01/2008,-34.6502,118.6257,WA, ,,2007191076001 Fine,<75 µm,TOS,52.03
2007191076,17/01/2008,-34.6502,118.6257,WA, ,,2007191076002 Fine,<75 µm,BOS,56.45
2007191077,6/01/2008,-22.4412,129.3197,NT, ,,2007191077001 Fine,<75 µm,TOS,10.31
2007191077,6/01/2008,-22.4412,129.3197,NT, ,,2007191077002 Fine,<75 µm,BOS,15.07
2007191078,27/09/2007,-18.2038,138.6841,QLD, ,,2007191078001 Fine,<75 µm,TOS,6.51
2007191078,27/09/2007,-18.2038,138.6841,QLD, ,,2007191078002 Fine,<75 µm,BOS,6.21
2007191079,29/11/2007,-36.0658,150.0507,NSW, ,,2007191079001 Fine,<75 µm,TOS,30.55
2007191079,29/11/2007,-36.0658,150.0507,NSW, ,,2007191079002 Fine,<75 µm,BOS,39.23
2007191082,15/05/2008,-35.0851,139.8847,SA,Duplicate 2,2007190922,2007191082001 Fine,<75 µm,TOS,42.7
2007191082,15/05/2008,-35.0851,139.8847,SA,Duplicate 2,2007190922,2007191082002 Fine,<75 µm,BOS,101.38
2007191084,5/10/2008,-25.0511,136.7616,NT, ,,2007191084001 Fine,<75 µm,TOS,19.56
2007191084,5/10/2008,-25.0511,136.7616,NT, ,,2007191084002 Fine,<75 µm,BOS,2.31
2007191085,2/05/2008,-29.0233,149.074,NSW, ,,2007191085001 Fine,<75 µm,TOS,9.78
2007191085,2/05/2008,-29.0233,149.074,NSW, ,,2007191085002 Fine,<75 µm,BOS,13.26
2007191087,10/08/2007,-22.2216,146.556,QLD, ,,2007191087001 Fine,<75 µm,TOS,19.95
2007191087,10/08/2007,-22.2216,146.556,QLD, ,,2007191087002 Fine,<75 µm,BOS,37.34
2007191088,16/12/2007,-33.8759,120.2268,WA, ,,2007191088001 Fine,<75 µm,TOS,62.91
2007191088,16/12/2007,-33.8759,120.2268,WA, ,,2007191088002 Fine,<75 µm,BOS,38.54
2007191089,9/08/2009,-27.6046,137.4607,SA, ,,2007191089001 Fine,<75 µm,TOS,2.8
2007191089,9/08/2009,-27.6046,137.4607,SA, ,,2007191089002 Fine,<75 µm,BOS,1.29
2007191090,16/04/2008,-29.4094,146.6509,NSW, ,,2007191090001 Fine,<75 µm,TOS,8.3
2007191090,16/04/2008,-29.4094,146.6509,NSW, ,,2007191090002 Fine,<75 µm,BOS,12.1
2007191091,30/08/2007,-29.175,151.3947,QLD, ,,2007191091001 Fine,<75 µm,TOS,23.19
2007191091,30/08/2007,-29.175,151.3947,QLD, ,,2007191091002 Fine,<75 µm,BOS,28.83
2007191092,3/04/2008,-38.2905,142.6746,VIC,Duplicate 1,2007191211,2007191092001 Fine,<75 µm,TOS,51.72
2007191092,3/04/2008,-38.2905,142.6746,VIC,Duplicate 1,2007191211,2007191092002 Fine,<75 µm,BOS,47.53
2007191093,4/02/2008,-32.3966,142.4257,NSW, ,,2007191093001 Fine,<75 µm,TOS,16.21
2007191093,4/02/2008,-32.3966,142.4257,NSW, ,,2007191093002 Fine,<75 µm,BOS,7.55
2007191094,25/01/2008,-32.1665,125.3603,WA,Duplicate 2,2007190361,2007191094001 Fine,<75 µm,TOS,32.5
2007191094,25/01/2008,-32.1665,125.3603,WA,Duplicate 2,2007190361,2007191094002 Fine,<75 µm,BOS,16.27
2007191096,20/12/2007,-34.9447,143.4776,NSW, ,,2007191096001 Fine,<75 µm,TOS,27.23
2007191096,20/12/2007,-34.9447,143.4776,NSW, ,,2007191096002 Fine,<75 µm,BOS,8.15
2007191097,25/10/2008,-27.0618,138.7781,SA, ,,2007191097001 Fine,<75 µm,TOS,5.02
2007191097,25/10/2008,-27.0618,138.7781,SA, ,,2007191097002 Fine,<75 µm,BOS,7.28
2007191098,19/10/2008,-22.9751,146.7232,QLD, ,,2007191098001 Fine,<75 µm,TOS,39.4
2007191098,19/10/2008,-22.9751,146.7232,QLD, ,,2007191098002 Fine,<75 µm,BOS,21.05
2007191099,18/07/2008,-29.0054,135.4139,SA, ,,2007191099001 Fine,<75 µm,TOS,7.37
2007191099,18/07/2008,-29.0054,135.4139,SA, ,,2007191099002 Fine,<75 µm,BOS,12.29
2007191101,30/09/2007,-20.0003,141.7971,QLD, ,,2007191101001 Fine,<75 µm,TOS,11.61
2007191101,30/09/2007,-20.0003,141.7971,QLD, ,,2007191101002 Fine,<75 µm,BOS,7.31
2007191102,16/10/2008,-14.2401,141.659,QLD, ,,2007191102001 Fine,<75 µm,TOS,11.64
2007191102,16/10/2008,-14.2401,141.659,QLD, ,,2007191102002 Fine,<75 µm,BOS,6.3
2007191103,5/09/2008,-24.8542,135.8295,NT, ,,2007191103001 Fine,<75 µm,TOS,28.52
2007191103,5/09/2008,-24.8542,135.8295,NT, ,,2007191103002 Fine,<75 µm,BOS,25.08
2007191105,20/06/2009,-31.2456,130.8982,SA,Duplicate 2,2007190145,2007191105001 Fine,<75 µm,TOS,37.58
2007191105,20/06/2009,-31.2456,130.8982,SA,Duplicate 2,2007190145,2007191105002 Fine,<75 µm,BOS,29.33
2007191107,3/02/2008,-28.0355,121.6451,WA, ,,2007191107001 Fine,<75 µm,TOS,16.59
2007191107,3/02/2008,-28.0355,121.6451,WA, ,,2007191107002 Fine,<75 µm,BOS,15.11
2007191109,7/04/2008,-33.9696,139.6774,SA, ,,2007191109001 Fine,<75 µm,TOS,9.54
2007191109,7/04/2008,-33.9696,139.6774,SA, ,,2007191109002 Fine,<75 µm,BOS,16.54
2007191110,23/10/2007,-36.4507,143.9791,VIC, ,,2007191110001 Fine,<75 µm,TOS,14.52
2007191110,23/10/2007,-36.4507,143.9791,VIC, ,,2007191110002 Fine,<75 µm,BOS,26.45
2007191111,8/11/2008,-27.1908,136.4207,SA, ,,2007191111001 Fine,<75 µm,TOS,16.1
2007191111,8/11/2008,-27.1908,136.4207,SA, ,,2007191111002 Fine,<75 µm,BOS,12.37
2007191112,26/05/2008,-21.4959,133.4677,NT, ,,2007191112001 Fine,<75 µm,TOS,11.85
2007191112,26/05/2008,-21.4959,133.4677,NT, ,,2007191112002 Fine,<75 µm,BOS,5.09
2007191113,17/10/2007,-35.4901,142.9467,VIC, ,,2007191113001 Fine,<75 µm,TOS,24.66
2007191113,17/10/2007,-35.4901,142.9467,VIC, ,,2007191113002 Fine,<75 µm,BOS,28.37
2007191114,14/12/2007,-32.4216,122.6206,WA, ,,2007191114001 Fine,<75 µm,TOS,34.69
2007191114,14/12/2007,-32.4216,122.6206,WA, ,,2007191114002 Fine,<75 µm,BOS,25.42
2007191115,16/07/2008,-14.8781,134.5626,NT, ,,2007191115001 Fine,<75 µm,TOS,6.46
2007191115,16/07/2008,-14.8781,134.5626,NT, ,,2007191115002 Fine,<75 µm,BOS,9.59
2007191116,27/07/2008,-18.5945,133.1948,NT, ,,2007191116001 Fine,<75 µm,TOS,29.15
2007191116,27/07/2008,-18.5945,133.1948,NT, ,,2007191116002 Fine,<75 µm,BOS,19.59
2007191117,28/01/2008,-31.2948,128.557,WA, ,,2007191117001 Fine,<75 µm,TOS,32.19
2007191117,28/01/2008,-31.2948,128.557,WA, ,,2007191117002 Fine,<75 µm,BOS,25.39
2007191118,9/04/2007,-33.7634,147.515,NSW, ,,2007191118001 Fine,<75 µm,TOS,9.14
2007191118,9/04/2007,-33.7634,147.515,NSW, ,,2007191118002 Fine,<75 µm,BOS,199.83
2007191119,13/10/2007,-23.4283,148.1492,QLD,Duplicate 2,2007190508,2007191119001 Fine,<75 µm,TOS,16.77
2007191119,13/10/2007,-23.4283,148.1492,QLD,Duplicate 2,2007190508,2007191119002 Fine,<75 µm,BOS,525.28
2007191121,12/09/2007,-31.2344,121.962,WA,Duplicate 2,2007190067,2007191121001 Fine,<75 µm,TOS,13.05
2007191121,12/09/2007,-31.2344,121.962,WA,Duplicate 2,2007190067,2007191121002 Fine,<75 µm,BOS,15.96
2007191122,30/01/2008,-31.0056,124.6434,WA, ,,2007191122001 Fine,<75 µm,TOS,45.2
2007191122,30/01/2008,-31.0056,124.6434,WA, ,,2007191122002 Fine,<75 µm,BOS,28.35
2007191123,18/09/2007,-19.0217,138.7637,QLD, ,,2007191123001 Fine,<75 µm,TOS,16.01
2007191123,18/09/2007,-19.0217,138.7637,QLD, ,,2007191123002 Fine,<75 µm,BOS,7.05
2007191125,19/02/2008,-34.1174,141.9918,NSW, ,,2007191125001 Fine,<75 µm,TOS,19.14
2007191125,19/02/2008,-34.1174,141.9918,NSW, ,,2007191125002 Fine,<75 µm,BOS,17.89
2007191126,5/01/2008,-23.6311,113.9862,WA, ,,2007191126001 Fine,<75 µm,TOS,8.97
2007191126,5/01/2008,-23.6311,113.9862,WA, ,,2007191126002 Fine,<75 µm,BOS,5.57
2007191128,29/10/2007,-24.5044,151.9229,QLD, ,,2007191128001 Fine,<75 µm,TOS,86.62
2007191128,29/10/2007,-24.5044,151.9229,QLD, ,,2007191128002 Fine,<75 µm,BOS,26.59
2007191129,6/08/2008,-27.7552,142.2643,QLD, ,,2007191129001 Fine,<75 µm,TOS,8.63
2007191129,6/08/2008,-27.7552,142.2643,QLD, ,,2007191129002 Fine,<75 µm,BOS,7.44
2007191130,12/05/2007,-30.8421,118.267,WA, ,,2007191130001 Fine,<75 µm,TOS,13.12
2007191130,12/05/2007,-30.8421,118.267,WA, ,,2007191130002 Fine,<75 µm,BOS,13.12
2007191132,29/04/2008,-30.2493,145.9382,NSW, ,,2007191132001 Fine,<75 µm,TOS,8.33
2007191132,29/04/2008,-30.2493,145.9382,NSW, ,,2007191132002 Fine,<75 µm,BOS,6.65
2007191134,19/02/2008,-29.9075,115.9958,WA,Duplicate 1,2007191282,2007191134001 Fine,<75 µm,TOS,14.01
2007191134,19/02/2008,-29.9075,115.9958,WA,Duplicate 1,2007191282,2007191134002 Fine,<75 µm,BOS,5.85
2007191135,5/02/2008,-22.518,116.6053,WA, ,,2007191135001 Fine,<75 µm,TOS,29.22
2007191135,5/02/2008,-22.518,116.6053,WA, ,,2007191135002 Fine,<75 µm,BOS,21.55
2007191136,10/07/2007,-19.1052,145.6913,QLD, ,,2007191136001 Fine,<75 µm,TOS,11.81
2007191136,10/07/2007,-19.1052,145.6913,QLD, ,,2007191136002 Fine,<75 µm,BOS,10.91
2007191138,30/09/2008,-31.3934,140.015,SA, ,,2007191138001 Fine,<75 µm,TOS,16.91
2007191138,30/09/2008,-31.3934,140.015,SA, ,,2007191138002 Fine,<75 µm,BOS,23.94
2007191139,29/07/2008,-19.5252,133.5974,NT, ,,2007191139001 Fine,<75 µm,TOS,17.03
2007191139,29/07/2008,-19.5252,133.5974,NT, ,,2007191139002 Fine,<75 µm,BOS,17.14
2007191141,22/07/2008,-29.5626,134.1599,SA, ,,2007191141001 Fine,<75 µm,TOS,6.23
2007191141,22/07/2008,-29.5626,134.1599,SA, ,,2007191141002 Fine,<75 µm,BOS,6.81
2007191142,10/04/2007,-15.8865,143.4824,QLD, ,,2007191142001 Fine,<75 µm,TOS,22.14
2007191142,10/04/2007,-15.8865,143.4824,QLD, ,,2007191142002 Fine,<75 µm,BOS,12.56
2007191143,29/09/2009,-33.0893,137.0294,SA, ,,2007191143001 Fine,<75 µm,TOS,52.88
2007191143,29/09/2009,-33.0893,137.0294,SA, ,,2007191143002 Fine,<75 µm,BOS,70.94
2007191144,17/01/2008,-34.4006,118.7261,WA, ,,2007191144001 Fine,<75 µm,TOS,17.56
2007191144,17/01/2008,-34.4006,118.7261,WA, ,,2007191144002 Fine,<75 µm,BOS,25.39
2007191145,6/03/2008,-34.4756,140.3683,SA, ,,2007191145001 Fine,<75 µm,TOS,27.99
2007191145,6/03/2008,-34.4756,140.3683,SA, ,,2007191145002 Fine,<75 µm,BOS,83.93
2007191147,8/08/2008,-13.3632,141.8228,QLD, ,,2007191147001 Fine,<75 µm,TOS,24
2007191147,8/08/2008,-13.3632,141.8228,QLD, ,,2007191147002 Fine,<75 µm,BOS,27.94
2007191149,22/05/2008,-18.2783,134.532,NT, ,,2007191149001 Fine,<75 µm,TOS,7.44
2007191149,22/05/2008,-18.2783,134.532,NT, ,,2007191149002 Fine,<75 µm,BOS,5.62
2007191152,25/07/2008,-19.8766,130.3199,NT,Duplicate 1,2007191578,2007191152001 Fine,<75 µm,TOS,6.43
2007191152,25/07/2008,-19.8766,130.3199,NT,Duplicate 1,2007191578,2007191152002 Fine,<75 µm,BOS,9.17
2007191154,26/10/2007,-23.9644,149.8675,QLD, ,,2007191154001 Fine,<75 µm,TOS,30.7
2007191154,26/10/2007,-23.9644,149.8675,QLD, ,,2007191154002 Fine,<75 µm,BOS,22.1
2007191155,25/06/2008,-34.0261,137.5871,SA, ,,2007191155001 Fine,<75 µm,TOS,7.27
2007191155,25/06/2008,-34.0261,137.5871,SA, ,,2007191155002 Fine,<75 µm,BOS,13.12
2007191156,6/04/2008,-33.2205,140.5086,SA, ,,2007191156001 Fine,<75 µm,TOS,24.6
2007191156,6/04/2008,-33.2205,140.5086,SA, ,,2007191156002 Fine,<75 µm,BOS,15.49
2007191157,19/02/2008,-34.2663,119.4022,WA,Duplicate 2,2007190818,2007191157001 Fine,<75 µm,TOS,23.56
2007191157,19/02/2008,-34.2663,119.4022,WA,Duplicate 2,2007190818,2007191157002 Fine,<75 µm,BOS,19.93
2007191158,11/05/2007,-32.1106,147.463,NSW, ,,2007191158001 Fine,<75 µm,TOS,26.61
2007191158,11/05/2007,-32.1106,147.463,NSW, ,,2007191158002 Fine,<75 µm,BOS,10.11
2007191159,23/02/2008,-27.567,119.5661,WA, ,,2007191159001 Fine,<75 µm,TOS,8.58
2007191159,23/02/2008,-27.567,119.5661,WA, ,,2007191159002 Fine,<75 µm,BOS,15.24
2007191161,26/02/2008,-25.7386,120.8706,WA, ,,2007191161001 Fine,<75 µm,TOS,7.07
2007191161,26/02/2008,-25.7386,120.8706,WA, ,,2007191161002 Fine,<75 µm,BOS,1.48
2007191165,4/01/2008,-22.5958,114.1042,WA, ,,2007191165001 Fine,<75 µm,TOS,5.3
2007191165,4/01/2008,-22.5958,114.1042,WA, ,,2007191165002 Fine,<75 µm,BOS,3.36
2007191166,2/09/2008,-42.4756,146.7227,TAS,Duplicate 2,2007190618,2007191166001 Fine,<75 µm,TOS,45.63
2007191166,2/09/2008,-42.4756,146.7227,TAS,Duplicate 2,2007190618,2007191166002 Fine,<75 µm,BOS,16.97
2007191167,5/01/2009,-33.3341,135.01,SA, ,,2007191167001 Fine,<75 µm,TOS,44.73
2007191167,5/01/2009,-33.3341,135.01,SA, ,,2007191167002 Fine,<75 µm,BOS,30.59
2007191168,4/01/2008,-32.5021,142.0829,NSW,Duplicate 1,2007191195,2007191168001 Fine,<75 µm,TOS,19.29
2007191168,4/01/2008,-32.5021,142.0829,NSW,Duplicate 1,2007191195,2007191168002 Fine,<75 µm,BOS,13.59
2007191169,10/06/2007,-19.2167,145.4262,QLD, ,,2007191169001 Fine,<75 µm,TOS,19.82
2007191169,10/06/2007,-19.2167,145.4262,QLD, ,,2007191169002 Fine,<75 µm,BOS,14
2007191172,5/01/2008,-23.7068,113.898,WA, ,,2007191172001 Fine,<75 µm,TOS,13.11
2007191172,5/01/2008,-23.7068,113.898,WA, ,,2007191172002 Fine,<75 µm,BOS,3.76
2007191173,27/07/2008,-18.1579,131.2923,NT, ,,2007191173001 Fine,<75 µm,TOS,24.99
2007191173,27/07/2008,-18.1579,131.2923,NT, ,,2007191173002 Fine,<75 µm,BOS,21.36
2007191174,8/06/2008,-30.2751,136.9345,SA, ,,2007191174001 Fine,<75 µm,TOS,10.02
2007191175,30/05/2008,-22.8114,131.1439,NT, ,,2007191175001 Fine,<75 µm,TOS,23.74
2007191175,30/05/2008,-22.8114,131.1439,NT, ,,2007191175002 Fine,<75 µm,BOS,20.23
2007191176,2/07/2008,-29.2167,152.5645,NSW,Duplicate 2,2007190258,2007191176001 Fine,<75 µm,TOS,26.99
2007191176,2/07/2008,-29.2167,152.5645,NSW,Duplicate 2,2007190258,2007191176002 Fine,<75 µm,BOS,34.91
2007191178,8/07/2007,-19.9208,147.2283,QLD, ,,2007191178001 Fine,<75 µm,TOS,11.59
2007191178,8/07/2007,-19.9208,147.2283,QLD, ,,2007191178002 Fine,<75 µm,BOS,10.13
2007191179,21/01/2008,-33.0673,123.4501,WA, ,,2007191179001 Fine,<75 µm,TOS,34.77
2007191179,21/01/2008,-33.0673,123.4501,WA, ,,2007191179002 Fine,<75 µm,BOS,46.97
2007191181,18/06/2009,-31.4142,130.0581,SA, ,,2007191181001 Fine,<75 µm,TOS,38.29
2007191181,18/06/2009,-31.4142,130.0581,SA, ,,2007191181002 Fine,<75 µm,BOS,16.24
2007191182,4/02/2008,-37.7195,148.476,VIC,Duplicate 2,2007190110,2007191182001 Fine,<75 µm,TOS,18.34
2007191182,4/02/2008,-37.7195,148.476,VIC,Duplicate 2,2007190110,2007191182002 Fine,<75 µm,BOS,18.63
2007191183,8/04/2008,-30.7441,136.9054,SA,Duplicate 2,2007190865,2007191183001 Fine,<75 µm,TOS,6.67
2007191183,8/04/2008,-30.7441,136.9054,SA,Duplicate 2,2007190865,2007191183002 Fine,<75 µm,BOS,6.6
2007191184,26/10/2007,-27.8943,149.5661,QLD, ,,2007191184001 Fine,<75 µm,TOS,32.07
2007191184,26/10/2007,-27.8943,149.5661,QLD, ,,2007191184002 Fine,<75 µm,BOS,55.86
2007191186,11/02/2007,-27.2845,148.9037,QLD, ,,2007191186001 Fine,<75 µm,TOS,27.34
2007191186,11/02/2007,-27.2845,148.9037,QLD, ,,2007191186002 Fine,<75 µm,BOS,10.75
2007191187,10/09/2007,-23.1396,146.6844,QLD, ,,2007191187001 Fine,<75 µm,TOS,29.23
2007191187,10/09/2007,-23.1396,146.6844,QLD, ,,2007191187002 Fine,<75 µm,BOS,26.38
2007191188,3/05/2008,-29.1567,119.0016,WA, ,,2007191188001 Fine,<75 µm,TOS,11.65
2007191188,3/05/2008,-29.1567,119.0016,WA, ,,2007191188002 Fine,<75 µm,BOS,16.58
2007191190,8/06/2007,-20.1106,148.1513,QLD, ,,2007191190001 Fine,<75 µm,TOS,13.39
2007191190,8/06/2007,-20.1106,148.1513,QLD, ,,2007191190002 Fine,<75 µm,BOS,9.64
2007191192,3/03/2008,-24.8185,113.8113,WA,Duplicate 1,2007191339,2007191192001 Fine,<75 µm,TOS,6.66
2007191192,3/03/2008,-24.8185,113.8113,WA,Duplicate 1,2007191339,2007191192002 Fine,<75 µm,BOS,9.48
2007191193,27/11/2007,-35.9589,149.1326,NSW, ,,2007191193001 Fine,<75 µm,TOS,20.53
2007191193,27/11/2007,-35.9589,149.1326,NSW, ,,2007191193002 Fine,<75 µm,BOS,17.35
2007191194,16/01/2008,-34.9583,117.0406,WA, ,,2007191194001 Fine,<75 µm,TOS,22.08
2007191194,16/01/2008,-34.9583,117.0406,WA, ,,2007191194002 Fine,<75 µm,BOS,20.51
2007191195,4/01/2008,-32.5025,142.0833,NSW,Duplicate 2,2007191168,2007191195001 Fine,<75 µm,TOS,17.65
2007191195,4/01/2008,-32.5025,142.0833,NSW,Duplicate 2,2007191168,2007191195002 Fine,<75 µm,BOS,22.29
2007191197,14/10/2007,-23.4206,148.6716,QLD, ,,2007191197001 Fine,<75 µm,TOS,17.67
2007191197,14/10/2007,-23.4206,148.6716,QLD, ,,2007191197002 Fine,<75 µm,BOS,11.84
2007191198,26/10/2008,-28.0666,139.2743,SA,Duplicate 2,2007190248,2007191198002 Fine,<75 µm,BOS,11.8
2007191199,4/02/2008,-27.4453,124.2655,WA, ,,2007191199001 Fine,<75 µm,TOS,23.67
2007191199,4/02/2008,-27.4453,124.2655,WA, ,,2007191199002 Fine,<75 µm,BOS,28.8
2007191201,18/04/2008,-25.0665,133.7892,NT, ,,2007191201001 Fine,<75 µm,TOS,17.44
2007191201,18/04/2008,-25.0665,133.7892,NT, ,,2007191201002 Fine,<75 µm,BOS,41.8
2007191202,20/05/2008,-26.4165,145.9976,QLD, ,,2007191202001 Fine,<75 µm,TOS,19.98
2007191202,20/05/2008,-26.4165,145.9976,QLD, ,,2007191202002 Fine,<75 µm,BOS,17.81
2007191203,28/11/2007,-37.1521,149.859,NSW, ,,2007191203001 Fine,<75 µm,TOS,26.05
2007191203,28/11/2007,-37.1521,149.859,NSW, ,,2007191203002 Fine,<75 µm,BOS,23.72
2007191204,10/12/2007,-20.8141,146.7696,QLD, ,,2007191204001 Fine,<75 µm,TOS,15.89
2007191204,10/12/2007,-20.8141,146.7696,QLD, ,,2007191204002 Fine,<75 µm,BOS,14.71
2007191206,2/05/2008,-42.5452,145.4813,TAS, ,,2007191206001 Fine,<75 µm,TOS,81.74
2007191207,25/10/2007,-24.5153,149.7667,QLD, ,,2007191207001 Fine,<75 µm,TOS,32.91
2007191207,25/10/2007,-24.5153,149.7667,QLD, ,,2007191207002 Fine,<75 µm,BOS,23.27
2007191208,8/08/2008,-29.4653,137.0758,SA, ,,2007191208001 Fine,<75 µm,TOS,12.69
2007191208,8/08/2008,-29.4653,137.0758,SA, ,,2007191208002 Fine,<75 µm,BOS,16.17
2007191209,27/07/2007,-27.7078,152.6821,QLD, ,,2007191209001 Fine,<75 µm,TOS,26.58
2007191209,27/07/2007,-27.7078,152.6821,QLD, ,,2007191209002 Fine,<75 µm,BOS,21.52
2007191210,3/03/2008,-38.7295,143.2324,VIC, ,,2007191210001 Fine,<75 µm,TOS,54.65
2007191210,3/03/2008,-38.7295,143.2324,VIC, ,,2007191210002 Fine,<75 µm,BOS,60.85
2007191211,3/04/2008,-38.2911,142.6737,VIC,Duplicate 2,2007191092,2007191211001 Fine,<75 µm,TOS,60.97
2007191211,3/04/2008,-38.2911,142.6737,VIC,Duplicate 2,2007191092,2007191211002 Fine,<75 µm,BOS,29.03
2007191212,3/12/2008,-32.1843,148.7392,NSW, ,,2007191212001 Fine,<75 µm,TOS,20.96
2007191212,3/12/2008,-32.1843,148.7392,NSW, ,,2007191212002 Fine,<75 µm,BOS,28.68
2007191214,27/09/2007,-20.3085,141.1586,QLD,Duplicate 2,2007190825,2007191214001 Fine,<75 µm,TOS,12.4
2007191214,27/09/2007,-20.3085,141.1586,QLD,Duplicate 2,2007190825,2007191214002 Fine,<75 µm,BOS,10.06
2007191215,13/10/2007,-23.5565,148.1405,QLD,Duplicate 1,2007191281,2007191215001 Fine,<75 µm,TOS,38.07
2007191215,13/10/2007,-23.5565,148.1405,QLD,Duplicate 1,2007191281,2007191215002 Fine,<75 µm,BOS,20.6
2007191216,10/06/2007,-20.3149,136.1042,NT,Duplicate 1,2007191385,2007191216001 Fine,<75 µm,TOS,28.28
2007191216,10/06/2007,-20.3149,136.1042,NT,Duplicate 1,2007191385,2007191216002 Fine,<75 µm,BOS,31.16
2007191218,16/08/2009,-14.6579,134.3623,NT, ,,2007191218002 Fine,<75 µm,BOS,14.2
2007191219,6/05/2008,-27.497,141.9845,QLD, ,,2007191219001 Fine,<75 µm,TOS,7.16
2007191219,6/05/2008,-27.497,141.9845,QLD, ,,2007191219002 Fine,<75 µm,BOS,5.04
2007191221,10/04/2007,-38.1439,144.2772,VIC, ,,2007191221001 Fine,<75 µm,TOS,216
2007191221,10/04/2007,-38.1439,144.2772,VIC, ,,2007191221002 Fine,<75 µm,BOS,30.75
2007191222,16/07/2008,-14.7907,134.9191,NT, ,,2007191222001 Fine,<75 µm,TOS,13.63
2007191222,16/07/2008,-14.7907,134.9191,NT, ,,2007191222002 Fine,<75 µm,BOS,12.98
2007191223,8/11/2008,-11.1039,142.2837,QLD, ,,2007191223001 Fine,<75 µm,TOS,76.25
2007191223,8/11/2008,-11.1039,142.2837,QLD, ,,2007191223002 Fine,<75 µm,BOS,26.54
2007191224,7/11/2008,-16.4443,131.0682,NT, ,,2007191224001 Fine,<75 µm,TOS,4.79
2007191224,7/11/2008,-16.4443,131.0682,NT, ,,2007191224002 Fine,<75 µm,BOS,5.48
2007191225,10/01/2008,-30.0808,140.0188,SA, ,,2007191225001 Fine,<75 µm,TOS,15.3
2007191225,10/01/2008,-30.0808,140.0188,SA, ,,2007191225002 Fine,<75 µm,BOS,12.1
2007191226,27/01/2008,-31.6582,128.0532,WA, ,,2007191226001 Fine,<75 µm,TOS,34.18
2007191226,27/01/2008,-31.6582,128.0532,WA, ,,2007191226002 Fine,<75 µm,BOS,22.61
2007191227,10/02/2007,-15.1362,141.8091,QLD, ,,2007191227001 Fine,<75 µm,TOS,8.12
2007191227,10/02/2007,-15.1362,141.8091,QLD, ,,2007191227002 Fine,<75 µm,BOS,2.33
2007191228,26/05/2008,-25.0641,141.3578,QLD, ,,2007191228001 Fine,<75 µm,TOS,8.79
2007191229,8/11/2009,-12.4279,134.6992,NT,Duplicate 2,2007190798,2007191229001 Fine,<75 µm,TOS,3.43
2007191229,8/11/2009,-12.4279,134.6992,NT,Duplicate 2,2007190798,2007191229002 Fine,<75 µm,BOS,6.12
2007191230,16/07/2008,-30.8768,115.651,WA, ,,2007191230001 Fine,<75 µm,TOS,25.27
2007191230,16/07/2008,-30.8768,115.651,WA, ,,2007191230002 Fine,<75 µm,BOS,20.26
2007191231,28/05/2008,-30.0417,142.0128,NSW, ,,2007191231001 Fine,<75 µm,TOS,10.15
2007191231,28/05/2008,-30.0417,142.0128,NSW, ,,2007191231002 Fine,<75 µm,BOS,7.9
2007191232,13/12/2007,-31.9538,120.7761,WA, ,,2007191232001 Fine,<75 µm,TOS,42.49
2007191232,13/12/2007,-31.9538,120.7761,WA, ,,2007191232002 Fine,<75 µm,BOS,45.54
2007191233,18/08/2009,-14.9176,133.7517,NT, ,,2007191233001 Fine,<75 µm,TOS,24.39
2007191233,18/08/2009,-14.9176,133.7517,NT, ,,2007191233002 Fine,<75 µm,BOS,12.91
2007191234,27/05/2008,-30.269,142.7923,NSW, ,,2007191234001 Fine,<75 µm,TOS,12.41
2007191234,27/05/2008,-30.269,142.7923,NSW, ,,2007191234002 Fine,<75 µm,BOS,10.75
2007191236,10/06/2007,-18.084,143.9199,QLD,Duplicate 2,2007190548,2007191236001 Fine,<75 µm,TOS,14.71
2007191236,10/06/2007,-18.084,143.9199,QLD,Duplicate 2,2007190548,2007191236002 Fine,<75 µm,BOS,16.83
2007191237,15/01/2008,-34.4475,115.7768,WA, ,,2007191237001 Fine,<75 µm,TOS,14.28
2007191237,15/01/2008,-34.4475,115.7768,WA, ,,2007191237002 Fine,<75 µm,BOS,17.34
2007191238,30/03/2008,-21.9511,144.2845,QLD, ,,2007191238001 Fine,<75 µm,TOS,7.73
2007191238,30/03/2008,-21.9511,144.2845,QLD, ,,2007191238002 Fine,<75 µm,BOS,5.26
2007191239,21/05/2008,-25.8067,145.5809,QLD, ,,2007191239001 Fine,<75 µm,TOS,8.09
2007191239,21/05/2008,-25.8067,145.5809,QLD, ,,2007191239002 Fine,<75 µm,BOS,5.04
2007191241,15/09/2008,-29.017,140.4971,SA,Duplicate 2,2007190746,2007191241001 Fine,<75 µm,TOS,3.82
2007191241,15/09/2008,-29.017,140.4971,SA,Duplicate 2,2007190746,2007191241002 Fine,<75 µm,BOS,4.05
2007191243,10/02/2007,-20.5813,142.9221,QLD, ,,2007191243001 Fine,<75 µm,TOS,7.45
2007191244,26/05/2008,-24.3116,138.8299,QLD, ,,2007191244001 Fine,<75 µm,TOS,4.22
2007191244,26/05/2008,-24.3116,138.8299,QLD, ,,2007191244002 Fine,<75 µm,BOS,2.39
2007191245,2/06/2008,-41.0492,144.6711,TAS,Duplicate 2,2007190970,2007191245001 Fine,<75 µm,TOS,108.52
2007191245,2/06/2008,-41.0492,144.6711,TAS,Duplicate 2,2007190970,2007191245002 Fine,<75 µm,BOS,30.49
2007191246,8/10/2009,-26.1672,137.5328,SA, ,,2007191246001 Fine,<75 µm,TOS,9.88
2007191246,8/10/2009,-26.1672,137.5328,SA, ,,2007191246002 Fine,<75 µm,BOS,6.95
2007191247,7/12/2008,-15.5915,133.1969,NT, ,,2007191247001 Fine,<75 µm,TOS,9.27
2007191247,7/12/2008,-15.5915,133.1969,NT, ,,2007191247002 Fine,<75 µm,BOS,4.11
2007191248,24/11/2008,-34.7823,135.5294,SA, ,,2007191248001 Fine,<75 µm,TOS,7.93
2007191248,24/11/2008,-34.7823,135.5294,SA, ,,2007191248002 Fine,<75 µm,BOS,6.88
2007191249,24/02/2008,-27.0911,118.7459,WA, ,,2007191249001 Fine,<75 µm,TOS,7.91
2007191249,24/02/2008,-27.0911,118.7459,WA, ,,2007191249002 Fine,<75 µm,BOS,3.56
2007191250,31/10/2007,-28.9177,146.8784,QLD, ,,2007191250001 Fine,<75 µm,TOS,20.75
2007191250,31/10/2007,-28.9177,146.8784,QLD, ,,2007191250002 Fine,<75 µm,BOS,11.95
2007191251,3/01/2008,-26.2141,122.1222,WA, ,,2007191251001 Fine,<75 µm,TOS,19.04
2007191251,3/01/2008,-26.2141,122.1222,WA, ,,2007191251002 Fine,<75 µm,BOS,20.05
2007191252,28/04/2009,-32.9222,134.1594,SA, ,,2007191252001 Fine,<75 µm,TOS,6.98
2007191252,28/04/2009,-32.9222,134.1594,SA, ,,2007191252002 Fine,<75 µm,BOS,12.39
2007191253,5/03/2008,-22.9141,116.2837,WA,Duplicate 2,2007190185,2007191253001 Fine,<75 µm,TOS,10.66
2007191253,5/03/2008,-22.9141,116.2837,WA,Duplicate 2,2007190185,2007191253002 Fine,<75 µm,BOS,8.78
2007191254,18/05/2008,-20.043,137.0159,NT,Duplicate 2,2007190209,2007191254001 Fine,<75 µm,TOS,10.81
2007191254,18/05/2008,-20.043,137.0159,NT,Duplicate 2,2007190209,2007191254002 Fine,<75 µm,BOS,9.13
2007191255,4/05/2008,-23.0399,140.3384,QLD, ,,2007191255001 Fine,<75 µm,TOS,9.33
2007191255,4/05/2008,-23.0399,140.3384,QLD, ,,2007191255002 Fine,<75 µm,BOS,6.9
2007191256,2/07/2008,-41.7565,147.1862,TAS, ,,2007191256001 Fine,<75 µm,TOS,108.31
2007191256,2/07/2008,-41.7565,147.1862,TAS, ,,2007191256002 Fine,<75 µm,BOS,55.21
2007191257,3/03/2008,-28.692,120.9424,WA,Duplicate 2,2007190355,2007191257001 Fine,<75 µm,TOS,12.92
2007191257,3/03/2008,-28.692,120.9424,WA,Duplicate 2,2007190355,2007191257002 Fine,<75 µm,BOS,10
2007191258,6/12/2008,-18.2519,122.4126,WA, ,,2007191258001 Fine,<75 µm,TOS,9.86
2007191259,13/11/2007,-30.5386,115.227,WA,Duplicate 2,2007190311,2007191259001 Fine,<75 µm,TOS,35.21
2007191259,13/11/2007,-30.5386,115.227,WA,Duplicate 2,2007190311,2007191259002 Fine,<75 µm,BOS,58.16
2007191261,19/07/2008,-28.7669,135.1561,SA, ,,2007191261001 Fine,<75 µm,TOS,11.53
2007191261,19/07/2008,-28.7669,135.1561,SA, ,,2007191261002 Fine,<75 µm,BOS,17.67
2007191262,4/02/2009,-25.6851,129.213,NT, ,,2007191262001 Fine,<75 µm,TOS,51.17
2007191262,4/02/2009,-25.6851,129.213,NT, ,,2007191262002 Fine,<75 µm,BOS,40.73
2007191263,3/04/2008,-38.3814,142.5973,VIC, ,,2007191263001 Fine,<75 µm,TOS,35.92
2007191263,3/04/2008,-38.3814,142.5973,VIC, ,,2007191263002 Fine,<75 µm,BOS,54.5
2007191264,14/05/2008,-23.3847,136.4496,NT,Duplicate 1,2007191486,2007191264001 Fine,<75 µm,TOS,5.81
2007191264,14/05/2008,-23.3847,136.4496,NT,Duplicate 1,2007191486,2007191264002 Fine,<75 µm,BOS,11.83
2007191266,28/10/2007,-27.7979,148.5062,QLD, ,,2007191266001 Fine,<75 µm,TOS,28.96
2007191266,28/10/2007,-27.7979,148.5062,QLD, ,,2007191266002 Fine,<75 µm,BOS,19.22
2007191267,23/09/2009,-30.8872,133.4183,SA, ,,2007191267001 Fine,<75 µm,TOS,72.73
2007191267,23/09/2009,-30.8872,133.4183,SA, ,,2007191267002 Fine,<75 µm,BOS,30.1
2007191269,16/10/2007,-25.4908,149.7632,QLD, ,,2007191269001 Fine,<75 µm,TOS,66.94
2007191269,16/10/2007,-25.4908,149.7632,QLD, ,,2007191269002 Fine,<75 µm,BOS,29.81
2007191270,8/11/2009,-12.2371,134.0483,NT, ,,2007191270001 Fine,<75 µm,TOS,36.53
2007191270,8/11/2009,-12.2371,134.0483,NT, ,,2007191270002 Fine,<75 µm,BOS,30.02
2007191272,14/09/2008,-27.72,140.7826,SA, ,,2007191272001 Fine,<75 µm,TOS,5.31
2007191272,14/09/2008,-27.72,140.7826,SA, ,,2007191272002 Fine,<75 µm,BOS,6.17
2007191273,8/08/2009,-12.6167,132.2093,NT, ,,2007191273001 Fine,<75 µm,TOS,37.74
2007191273,8/08/2009,-12.6167,132.2093,NT, ,,2007191273002 Fine,<75 µm,BOS,34.65
2007191274,6/09/2008,-28.1593,145.0364,QLD, ,,2007191274001 Fine,<75 µm,TOS,24.22
2007191274,6/09/2008,-28.1593,145.0364,QLD, ,,2007191274002 Fine,<75 µm,BOS,12.83
2007191275,29/03/2008,-29.4641,126.178,WA,Duplicate 1,2007191590,2007191275001 Fine,<75 µm,TOS,33.61
2007191275,29/03/2008,-29.4641,126.178,WA,Duplicate 1,2007191590,2007191275002 Fine,<75 µm,BOS,29.69
2007191276,22/01/2008,-35.0366,144.1919,NSW, ,,2007191276001 Fine,<75 µm,TOS,16.63
2007191276,22/01/2008,-35.0366,144.1919,NSW, ,,2007191276002 Fine,<75 µm,BOS,11.88
2007191277,31/10/2007,-28.4358,146.656,QLD,Duplicate 2,2007190849,2007191277001 Fine,<75 µm,TOS,24.38
2007191277,31/10/2007,-28.4358,146.656,QLD,Duplicate 2,2007190849,2007191277002 Fine,<75 µm,BOS,13.06
2007191278,28/10/2007,-28.3326,148.84,QLD, ,,2007191278001 Fine,<75 µm,TOS,14.8
2007191278,28/10/2007,-28.3326,148.84,QLD, ,,2007191278002 Fine,<75 µm,BOS,9.53
2007191279,7/09/2008,-30.2322,124.4348,WA, ,,2007191279001 Fine,<75 µm,TOS,66.84
2007191279,7/09/2008,-30.2322,124.4348,WA, ,,2007191279002 Fine,<75 µm,BOS,47.68
2007191281,13/10/2007,-23.5568,148.1445,QLD,Duplicate 2,2007191215,2007191281001 Fine,<75 µm,TOS,20.93
2007191281,13/10/2007,-23.5568,148.1445,QLD,Duplicate 2,2007191215,2007191281002 Fine,<75 µm,BOS,20.37
2007191282,19/02/2008,-29.9076,115.9953,WA,Duplicate 2,2007191134,2007191282001 Fine,<75 µm,TOS,7.57
2007191282,19/02/2008,-29.9076,115.9953,WA,Duplicate 2,2007191134,2007191282002 Fine,<75 µm,BOS,6.34
2007191283,10/01/2007,-37.7359,145.2105,VIC, ,,2007191283001 Fine,<75 µm,TOS,78.02
2007191283,10/01/2007,-37.7359,145.2105,VIC, ,,2007191283002 Fine,<75 µm,BOS,33.93
2007191284,20/05/2008,-25.798,146.428,QLD, ,,2007191284001 Fine,<75 µm,TOS,22.87
2007191284,20/05/2008,-25.798,146.428,QLD, ,,2007191284002 Fine,<75 µm,BOS,15.35
2007191285,21/05/2008,-17.9525,135.7071,NT, ,,2007191285001 Fine,<75 µm,TOS,8.52
2007191285,21/05/2008,-17.9525,135.7071,NT, ,,2007191285002 Fine,<75 µm,BOS,8.81
2007191286,7/10/2008,-30.1328,124.7519,WA, ,,2007191286001 Fine,<75 µm,TOS,20.84
2007191286,7/10/2008,-30.1328,124.7519,WA, ,,2007191286002 Fine,<75 µm,BOS,34.32
2007191287,8/10/2009,-11.7076,132.9192,NT, ,,2007191287001 Fine,<75 µm,TOS,10.19
2007191287,8/10/2009,-11.7076,132.9192,NT, ,,2007191287002 Fine,<75 µm,BOS,7.22
2007191289,10/01/2008,-30.0638,140.2395,SA, ,,2007191289001 Fine,<75 µm,TOS,4.57
2007191289,10/01/2008,-30.0638,140.2395,SA, ,,2007191289002 Fine,<75 µm,BOS,16.38
2007191291,4/01/2008,-27.1372,123.474,WA, ,,2007191291001 Fine,<75 µm,TOS,19.53
2007191291,4/01/2008,-27.1372,123.474,WA, ,,2007191291002 Fine,<75 µm,BOS,3.61
2007191292,13/03/2008,-32.7546,151.7303,NSW, ,,2007191292001 Fine,<75 µm,TOS,23.96
2007191292,13/03/2008,-32.7546,151.7303,NSW, ,,2007191292002 Fine,<75 µm,BOS,30.4
2007191293,6/08/2008,-28.3175,143.1339,QLD,Duplicate 1,2007191518,2007191293001 Fine,<75 µm,TOS,12.49
2007191293,6/08/2008,-28.3175,143.1339,QLD,Duplicate 1,2007191518,2007191293002 Fine,<75 µm,BOS,21.94
2007191294,26/10/2007,-23.9612,149.8456,QLD, ,,2007191294001 Fine,<75 µm,TOS,28.77
2007191294,26/10/2007,-23.9612,149.8456,QLD, ,,2007191294002 Fine,<75 µm,BOS,16.06
2007191295,8/11/2009,-26.7728,138.2942,SA,Duplicate 1,2007191498,2007191295001 Fine,<75 µm,TOS,5.71
2007191296,12/12/2007,-32.9411,120.3454,WA, ,,2007191296001 Fine,<75 µm,TOS,31.24
2007191296,12/12/2007,-32.9411,120.3454,WA, ,,2007191296002 Fine,<75 µm,BOS,88.2
2007191297,27/07/2008,-17.4098,130.7745,NT,Duplicate 2,2007190874,2007191297001 Fine,<75 µm,TOS,25.09
2007191297,27/07/2008,-17.4098,130.7745,NT,Duplicate 2,2007190874,2007191297002 Fine,<75 µm,BOS,27.11
2007191298,6/09/2008,-27.394,145.2178,QLD, ,,2007191298001 Fine,<75 µm,TOS,17.89
2007191298,6/09/2008,-27.394,145.2178,QLD, ,,2007191298002 Fine,<75 µm,BOS,11.46
2007191299,30/04/2008,-29.2939,145.0228,NSW,Duplicate 2,2007190753,2007191299001 Fine,<75 µm,TOS,15.52
2007191299,30/04/2008,-29.2939,145.0228,NSW,Duplicate 2,2007190753,2007191299002 Fine,<75 µm,BOS,7.2
2007191301,4/05/2008,-28.7775,125.7681,WA, ,,2007191301001 Fine,<75 µm,TOS,29.82
2007191301,4/05/2008,-28.7775,125.7681,WA, ,,2007191301002 Fine,<75 µm,BOS,34.08
2007191302,11/04/2009,-31.3133,134.4646,SA, ,,2007191302001 Fine,<75 µm,TOS,53.6
2007191302,11/04/2009,-31.3133,134.4646,SA, ,,2007191302002 Fine,<75 µm,BOS,46.18
2007191303,20/05/2008,-25.7595,147.8728,QLD, ,,2007191303001 Fine,<75 µm,TOS,32.2
2007191303,20/05/2008,-25.7595,147.8728,QLD, ,,2007191303002 Fine,<75 µm,BOS,19.23
2007191304,6/05/2008,-27.085,141.1734,QLD, ,,2007191304001 Fine,<75 µm,TOS,8.8
2007191304,6/05/2008,-27.085,141.1734,QLD, ,,2007191304002 Fine,<75 µm,BOS,28.2
2007191305,25/07/2008,-30.4805,133.6881,SA, ,,2007191305001 Fine,<75 µm,TOS,38.74
2007191305,25/07/2008,-30.4805,133.6881,SA, ,,2007191305002 Fine,<75 µm,BOS,79.11
2007191306,30/05/2008,-24.0229,144.8534,QLD, ,,2007191306001 Fine,<75 µm,TOS,14.82
2007191306,30/05/2008,-24.0229,144.8534,QLD, ,,2007191306002 Fine,<75 µm,BOS,9.77
2007191307,2/07/2008,-41.0798,145.9243,TAS, ,,2007191307001 Fine,<75 µm,TOS,113.29
2007191307,2/07/2008,-41.0798,145.9243,TAS, ,,2007191307002 Fine,<75 µm,BOS,100.75
2007191308,10/04/2007,-38.2683,144.3472,VIC, ,,2007191308001 Fine,<75 µm,TOS,45.49
2007191308,10/04/2007,-38.2683,144.3472,VIC, ,,2007191308002 Fine,<75 µm,BOS,14.08
2007191309,2/10/2008,-43.0145,147.0111,TAS, ,,2007191309001 Fine,<75 µm,TOS,56.62
2007191309,2/10/2008,-43.0145,147.0111,TAS, ,,2007191309002 Fine,<75 µm,BOS,51.51
2007191310,22/11/2008,-33.2913,137.2954,SA, ,,2007191310001 Fine,<75 µm,TOS,36.06
2007191310,22/11/2008,-33.2913,137.2954,SA, ,,2007191310002 Fine,<75 µm,BOS,54.23
2007191311,21/09/2007,-18.4367,140.8727,QLD, ,,2007191311001 Fine,<75 µm,TOS,10.47
2007191311,21/09/2007,-18.4367,140.8727,QLD, ,,2007191311002 Fine,<75 µm,BOS,8.93
2007191312,21/05/2008,-18.6186,135.4057,NT,Duplicate 2,2007190472,2007191312001 Fine,<75 µm,TOS,10.37
2007191312,21/05/2008,-18.6186,135.4057,NT,Duplicate 2,2007190472,2007191312002 Fine,<75 µm,BOS,9.07
2007191313,5/11/2008,-24.1206,137.9431,NT, ,,2007191313001 Fine,<75 µm,TOS,35.32
2007191313,5/11/2008,-24.1206,137.9431,NT, ,,2007191313002 Fine,<75 µm,BOS,17.36
2007191314,30/07/2008,-20.5506,132.1264,NT, ,,2007191314001 Fine,<75 µm,TOS,15.9
2007191314,30/07/2008,-20.5506,132.1264,NT, ,,2007191314002 Fine,<75 µm,BOS,10.36
2007191316,15/11/2007,-28.2116,114.3201,WA, ,,2007191316001 Fine,<75 µm,TOS,14.11
2007191316,15/11/2007,-28.2116,114.3201,WA, ,,2007191316002 Fine,<75 µm,BOS,12.89
2007191317,25/10/2008,-29.3802,139.9816,SA, ,,2007191317001 Fine,<75 µm,TOS,2.22
2007191317,25/10/2008,-29.3802,139.9816,SA, ,,2007191317002 Fine,<75 µm,BOS,1.01
2007191318,29/04/2009,-32.4323,134.088,SA,Duplicate 2,2007190495,2007191318001 Fine,<75 µm,TOS,43.32
2007191318,29/04/2009,-32.4323,134.088,SA,Duplicate 2,2007190495,2007191318002 Fine,<75 µm,BOS,51.84
2007191319,27/09/2009,-33.0116,136.63,SA, ,,2007191319001 Fine,<75 µm,TOS,4.26
2007191319,27/09/2009,-33.0116,136.63,SA, ,,2007191319002 Fine,<75 µm,BOS,2.83
2007191321,5/01/2008,-29.5301,146.1128,NSW, ,,2007191321001 Fine,<75 µm,TOS,21.26
2007191321,5/01/2008,-29.5301,146.1128,NSW, ,,2007191321002 Fine,<75 µm,BOS,18.52
2007191322,29/07/2008,-19.2559,132.6673,NT, ,,2007191322001 Fine,<75 µm,TOS,7.64
2007191322,29/07/2008,-19.2559,132.6673,NT, ,,2007191322002 Fine,<75 µm,BOS,7.27
2007191323,5/10/2008,-25.7056,137.889,NT, ,,2007191323001 Fine,<75 µm,TOS,10.11
2007191323,5/10/2008,-25.7056,137.889,NT, ,,2007191323002 Fine,<75 µm,BOS,7.5
2007191324,4/03/2008,-30.6447,145.0527,NSW, ,,2007191324001 Fine,<75 µm,TOS,19.32
2007191324,4/03/2008,-30.6447,145.0527,NSW, ,,2007191324002 Fine,<75 µm,BOS,16.5
2007191325,3/05/2008,-29.4221,120.5199,WA, ,,2007191325001 Fine,<75 µm,TOS,43.28
2007191325,3/05/2008,-29.4221,120.5199,WA, ,,2007191325002 Fine,<75 µm,BOS,13.23
2007191328,21/11/2008,-32.8021,137.5748,SA, ,,2007191328001 Fine,<75 µm,TOS,30.1
2007191328,21/11/2008,-32.8021,137.5748,SA, ,,2007191328002 Fine,<75 µm,BOS,24.2
2007191329,20/09/2007,-14.2959,131.8689,NT, ,,2007191329001 Fine,<75 µm,TOS,15.35
2007191329,20/09/2007,-14.2959,131.8689,NT, ,,2007191329002 Fine,<75 µm,BOS,5.44
2007191330,14/03/2008,-33.4415,150.8681,NSW, ,,2007191330001 Fine,<75 µm,TOS,36.13
2007191330,14/03/2008,-33.4415,150.8681,NSW, ,,2007191330002 Fine,<75 µm,BOS,53.84
2007191331,28/05/2008,-24.0851,143.1318,QLD,Duplicate 2,2007191051,2007191331001 Fine,<75 µm,TOS,10.81
2007191331,28/05/2008,-24.0851,143.1318,QLD,Duplicate 2,2007191051,2007191331002 Fine,<75 µm,BOS,9.92
2007191333,2/09/2008,-42.5058,146.6929,TAS, ,,2007191333001 Fine,<75 µm,TOS,27.71
2007191333,2/09/2008,-42.5058,146.6929,TAS, ,,2007191333002 Fine,<75 µm,BOS,23.93
2007191334,11/03/2007,-27.0699,149.7135,QLD,Duplicate 2,2007190661,2007191334001 Fine,<75 µm,TOS,14.68
2007191334,11/03/2007,-27.0699,149.7135,QLD,Duplicate 2,2007190661,2007191334002 Fine,<75 µm,BOS,14.37
2007191335,22/02/2008,-27.8214,118.382,WA, ,,2007191335001 Fine,<75 µm,TOS,37.64
2007191335,22/02/2008,-27.8214,118.382,WA, ,,2007191335002 Fine,<75 µm,BOS,11.8
2007191336,21/05/2008,-26.3405,144.3091,QLD, ,,2007191336001 Fine,<75 µm,TOS,22.1
2007191337,13/08/2009,-12.6557,135.3111,NT, ,,2007191337001 Fine,<75 µm,TOS,8.81
2007191337,13/08/2009,-12.6557,135.3111,NT, ,,2007191337002 Fine,<75 µm,BOS,12.84
2007191338,18/02/2008,-34.229,143.526,NSW, ,,2007191338001 Fine,<75 µm,TOS,21.44
2007191338,18/02/2008,-34.229,143.526,NSW, ,,2007191338002 Fine,<75 µm,BOS,9.36
2007191339,3/03/2008,-24.8192,113.8092,WA,Duplicate 2,2007191192,2007191339001 Fine,<75 µm,TOS,4.83
2007191339,3/03/2008,-24.8192,113.8092,WA,Duplicate 2,2007191192,2007191339002 Fine,<75 µm,BOS,16.34
2007191341,30/09/2008,-31.6413,139.4539,SA, ,,2007191341001 Fine,<75 µm,TOS,18.71
2007191341,30/09/2008,-31.6413,139.4539,SA, ,,2007191341002 Fine,<75 µm,BOS,23.46
2007191344,5/11/2008,-24.3481,136.628,NT, ,,2007191344001 Fine,<75 µm,TOS,19.61
2007191344,5/11/2008,-24.3481,136.628,NT, ,,2007191344002 Fine,<75 µm,BOS,6.04
2007191345,10/03/2007,-15.9789,142.5039,QLD, ,,2007191345001 Fine,<75 µm,TOS,20.17
2007191345,10/03/2007,-15.9789,142.5039,QLD, ,,2007191345002 Fine,<75 µm,BOS,10.24
2007191346,5/07/2008,-25.6113,134.7985,NT,Duplicate 1,2007191429,2007191346001 Fine,<75 µm,TOS,9.76
2007191346,5/07/2008,-25.6113,134.7985,NT,Duplicate 1,2007191429,2007191346002 Fine,<75 µm,BOS,6.77
2007191347,25/02/2008,-24.7735,120.1843,WA, ,,2007191347001 Fine,<75 µm,TOS,33.61
2007191347,25/02/2008,-24.7735,120.1843,WA, ,,2007191347002 Fine,<75 µm,BOS,23.05
2007191348,4/04/2008,-28.3467,125.39,WA,Duplicate 2,2007190218,2007191348001 Fine,<75 µm,TOS,12.82
2007191348,4/04/2008,-28.3467,125.39,WA,Duplicate 2,2007190218,2007191348002 Fine,<75 µm,BOS,20.87
2007191350,4/01/2008,-22.8139,141.9543,QLD, ,,2007191350001 Fine,<75 µm,TOS,13.42
2007191350,4/01/2008,-22.8139,141.9543,QLD, ,,2007191350002 Fine,<75 µm,BOS,9.97
2007191351,28/09/2008,-30.2301,140.6993,SA, ,,2007191351001 Fine,<75 µm,TOS,32.03
2007191351,28/09/2008,-30.2301,140.6993,SA, ,,2007191351002 Fine,<75 µm,BOS,26.13
2007191352,3/01/2008,-26.2959,122.3174,WA, ,,2007191352001 Fine,<75 µm,TOS,26.32
2007191352,3/01/2008,-26.2959,122.3174,WA, ,,2007191352002 Fine,<75 µm,BOS,9.06
2007191353,13/11/2007,-30.6985,115.5852,WA, ,,2007191353001 Fine,<75 µm,TOS,33.13
2007191353,13/11/2007,-30.6985,115.5852,WA, ,,2007191353002 Fine,<75 µm,BOS,10.11
2007191354,10/01/2007,-20.2547,143.1079,QLD, ,,2007191354001 Fine,<75 µm,TOS,8.44
2007191354,10/01/2007,-20.2547,143.1079,QLD, ,,2007191354002 Fine,<75 µm,BOS,17.73
2007191355,16/04/2008,-36.2619,147.2417,VIC, ,,2007191355001 Fine,<75 µm,TOS,50.05
2007191355,16/04/2008,-36.2619,147.2417,VIC, ,,2007191355002 Fine,<75 µm,BOS,21.36
2007191356,7/10/2008,-15.4749,129.7557,NT, ,,2007191356001 Fine,<75 µm,TOS,5.4
2007191356,7/10/2008,-15.4749,129.7557,NT, ,,2007191356002 Fine,<75 µm,BOS,5.38
2007191357,3/05/2008,-26.4546,114.1635,WA, ,,2007191357001 Fine,<75 µm,TOS,25.79
2007191357,3/05/2008,-26.4546,114.1635,WA, ,,2007191357002 Fine,<75 µm,BOS,32.92
2007191358,16/05/2008,-21.7339,135.6112,NT, ,,2007191358001 Fine,<75 µm,TOS,35.26
2007191358,16/05/2008,-21.7339,135.6112,NT, ,,2007191358002 Fine,<75 µm,BOS,12.64
2007191359,8/06/2008,-15.8952,136.3195,NT, ,,2007191359001 Fine,<75 µm,TOS,6.21
2007191359,8/06/2008,-15.8952,136.3195,NT, ,,2007191359002 Fine,<75 µm,BOS,8.04
2007191361,29/05/2008,-25.0692,143.0041,QLD, ,,2007191361001 Fine,<75 µm,TOS,5.84
2007191361,29/05/2008,-25.0692,143.0041,QLD, ,,2007191361002 Fine,<75 µm,BOS,9.43
2007191362,15/07/2008,-16.5088,136.0431,NT, ,,2007191362001 Fine,<75 µm,TOS,13.08
2007191362,15/07/2008,-16.5088,136.0431,NT, ,,2007191362002 Fine,<75 µm,BOS,9.64
2007191363,4/05/2008,-29.5292,126.7038,WA, ,,2007191363001 Fine,<75 µm,TOS,26.99
2007191363,4/05/2008,-29.5292,126.7038,WA, ,,2007191363002 Fine,<75 µm,BOS,32.72
2007191364,18/09/2007,-19.8944,140.1552,QLD, ,,2007191364001 Fine,<75 µm,TOS,8.62
2007191364,18/09/2007,-19.8944,140.1552,QLD, ,,2007191364002 Fine,<75 µm,BOS,5.32
2007191366,14/11/2007,-29.8507,115.1536,WA, ,,2007191366001 Fine,<75 µm,TOS,16.82
2007191366,14/11/2007,-29.8507,115.1536,WA, ,,2007191366002 Fine,<75 µm,BOS,4.15
2007191367,4/02/2008,-37.8301,147.5798,VIC, ,,2007191367001 Fine,<75 µm,TOS,25.69
2007191367,4/02/2008,-37.8301,147.5798,VIC, ,,2007191367002 Fine,<75 µm,BOS,19.83
2007191368,26/07/2008,-18.7487,131.2951,NT, ,,2007191368001 Fine,<75 µm,TOS,18.11
2007191368,26/07/2008,-18.7487,131.2951,NT, ,,2007191368002 Fine,<75 µm,BOS,13.59
2007191369,5/04/2008,-22.6659,115.679,WA, ,,2007191369001 Fine,<75 µm,TOS,14.98
2007191369,5/04/2008,-22.6659,115.679,WA, ,,2007191369002 Fine,<75 µm,BOS,12.58
2007191370,25/07/2008,-30.5827,134.797,SA, ,,2007191370001 Fine,<75 µm,TOS,24.39
2007191370,25/07/2008,-30.5827,134.797,SA, ,,2007191370002 Fine,<75 µm,BOS,31.38
2007191371,18/09/2007,-12.6668,131.3488,NT, ,,2007191371001 Fine,<75 µm,TOS,24.02
2007191371,18/09/2007,-12.6668,131.3488,NT, ,,2007191371002 Fine,<75 µm,BOS,28.18
2007191372,16/01/2008,-34.5196,115.9136,WA,Duplicate 1,2007191445,2007191372001 Fine,<75 µm,TOS,33.98
2007191372,16/01/2008,-34.5196,115.9136,WA,Duplicate 1,2007191445,2007191372002 Fine,<75 µm,BOS,20.8
2007191373,25/06/2008,-34.3348,137.9312,SA, ,,2007191373001 Fine,<75 µm,TOS,29.77
2007191373,25/06/2008,-34.3348,137.9312,SA, ,,2007191373002 Fine,<75 µm,BOS,20.62
2007191374,19/10/2007,-34.3601,142.2118,VIC, ,,2007191374001 Fine,<75 µm,TOS,21.04
2007191374,19/10/2007,-34.3601,142.2118,VIC, ,,2007191374002 Fine,<75 µm,BOS,20.28
2007191375,6/08/2008,-26.8399,144.3107,QLD, ,,2007191375001 Fine,<75 µm,TOS,14.65
2007191375,6/08/2008,-26.8399,144.3107,QLD, ,,2007191375002 Fine,<75 µm,BOS,4.66
2007191376,19/06/2009,-30.7885,130.4036,SA, ,,2007191376001 Fine,<75 µm,TOS,21.2
2007191376,19/06/2009,-30.7885,130.4036,SA, ,,2007191376002 Fine,<75 µm,BOS,47.59
2007191377,3/04/2008,-25.7416,115.1237,WA, ,,2007191377001 Fine,<75 µm,TOS,13.85
2007191377,3/04/2008,-25.7416,115.1237,WA, ,,2007191377002 Fine,<75 µm,BOS,8.33
2007191378,16/04/2008,-36.024,146.278,VIC, ,,2007191378001 Fine,<75 µm,TOS,24.48
2007191378,16/04/2008,-36.024,146.278,VIC, ,,2007191378002 Fine,<75 µm,BOS,29.37
2007191379,30/09/2008,-31.1222,139.563,SA,Duplicate 2,2007191066,2007191379001 Fine,<75 µm,TOS,23.48
2007191379,30/09/2008,-31.1222,139.563,SA,Duplicate 2,2007191066,2007191379002 Fine,<75 µm,BOS,18.04
2007191381,11/11/2009,-33.5949,137.9817,SA, ,,2007191381001 Fine,<75 µm,TOS,35.55
2007191381,11/11/2009,-33.5949,137.9817,SA, ,,2007191381002 Fine,<75 µm,BOS,32.61
2007191382,5/12/2008,-26.9856,116.2222,WA,Duplicate 1,2007191509,2007191382001 Fine,<75 µm,TOS,23.84
2007191382,5/12/2008,-26.9856,116.2222,WA,Duplicate 1,2007191509,2007191382002 Fine,<75 µm,BOS,8.67
2007191383,25/09/2007,-16.4437,141.5824,QLD, ,,2007191383001 Fine,<75 µm,TOS,52.26
2007191384,29/03/2008,-24.5182,114.014,WA, ,,2007191384001 Fine,<75 µm,TOS,18.5
2007191384,29/03/2008,-24.5182,114.014,WA, ,,2007191384002 Fine,<75 µm,BOS,10.03
2007191385,10/06/2007,-20.3147,136.104,NT,Duplicate 2,2007191216,2007191385001 Fine,<75 µm,TOS,39.54
2007191385,10/06/2007,-20.3147,136.104,NT,Duplicate 2,2007191216,2007191385002 Fine,<75 µm,BOS,37.6
2007191386,23/10/2007,-36.0371,144.3087,VIC,Duplicate 2,2007190414,2007191386001 Fine,<75 µm,TOS,21.54
2007191386,23/10/2007,-36.0371,144.3087,VIC,Duplicate 2,2007190414,2007191386002 Fine,<75 µm,BOS,14
2007191387,7/07/2008,-12.9681,130.7607,NT, ,,2007191387001 Fine,<75 µm,TOS,15.28
2007191387,7/07/2008,-12.9681,130.7607,NT, ,,2007191387002 Fine,<75 µm,BOS,6.4
2007191390,21/05/2008,-25.9192,144.5667,QLD, ,,2007191390001 Fine,<75 µm,TOS,11.77
2007191390,21/05/2008,-25.9192,144.5667,QLD, ,,2007191390002 Fine,<75 µm,BOS,17.13
2007191391,8/08/2008,-29.384,137.0529,SA, ,,2007191391001 Fine,<75 µm,TOS,9.46
2007191392,3/02/2008,-25.026,115.8642,WA, ,,2007191392001 Fine,<75 µm,TOS,10.72
2007191392,3/02/2008,-25.026,115.8642,WA, ,,2007191392002 Fine,<75 µm,BOS,9.86
2007191393,23/10/2008,-27.4715,140.0938,SA, ,,2007191393001 Fine,<75 µm,TOS,9.76
2007191393,23/10/2008,-27.4715,140.0938,SA, ,,2007191393002 Fine,<75 µm,BOS,3.6
2007191394,14/06/2008,-17.3689,123.1859,WA, ,,2007191394001 Fine,<75 µm,TOS,15.57
2007191394,14/06/2008,-17.3689,123.1859,WA, ,,2007191394002 Fine,<75 µm,BOS,14.27
2007191396,2/03/2008,-30.1472,148.3912,NSW,Duplicate 2,2007190181,2007191396001 Fine,<75 µm,TOS,19.47
2007191396,2/03/2008,-30.1472,148.3912,NSW,Duplicate 2,2007190181,2007191396002 Fine,<75 µm,BOS,9.3
2007191397,4/01/2008,-37.7449,148.9559,VIC, ,,2007191397001 Fine,<75 µm,TOS,33.64
2007191397,4/01/2008,-37.7449,148.9559,VIC, ,,2007191397002 Fine,<75 µm,BOS,30.2
2007191398,16/07/2008,-30.0962,136.1356,SA, ,,2007191398001 Fine,<75 µm,TOS,13.62
2007191398,16/07/2008,-30.0962,136.1356,SA, ,,2007191398002 Fine,<75 µm,BOS,14.18
2007191399,13/04/2008,-23.083,132.938,NT, ,,2007191399001 Fine,<75 µm,TOS,37.59
2007191399,13/04/2008,-23.083,132.938,NT, ,,2007191399002 Fine,<75 µm,BOS,35.1
2007191401,27/09/2008,-31.1734,140.6156,SA, ,,2007191401001 Fine,<75 µm,TOS,11.02
2007191401,27/09/2008,-31.1734,140.6156,SA, ,,2007191401002 Fine,<75 µm,BOS,18.26
2007191402,16/07/2008,-15.3207,135.3401,NT, ,,2007191402001 Fine,<75 µm,TOS,11.78
2007191402,16/07/2008,-15.3207,135.3401,NT, ,,2007191402002 Fine,<75 µm,BOS,8.37
2007191403,21/11/2008,-33.0252,137.4463,SA, ,,2007191403001 Fine,<75 µm,TOS,36.2
2007191403,21/11/2008,-33.0252,137.4463,SA, ,,2007191403002 Fine,<75 µm,BOS,41.01
2007191404,27/05/2008,-25.3373,140.2378,QLD, ,,2007191404001 Fine,<75 µm,TOS,10.77
2007191404,27/05/2008,-25.3373,140.2378,QLD, ,,2007191404002 Fine,<75 µm,BOS,8.52
2007191405,28/10/2008,-28.6882,144.7867,QLD, ,,2007191405001 Fine,<75 µm,TOS,25.63
2007191405,28/10/2008,-28.6882,144.7867,QLD, ,,2007191405002 Fine,<75 µm,BOS,13.38
2007191406,13/04/2008,-22.8056,132.6027,NT, ,,2007191406001 Fine,<75 µm,TOS,9.51
2007191406,13/04/2008,-22.8056,132.6027,NT, ,,2007191406002 Fine,<75 µm,BOS,7.09
2007191407,20/07/2009,-31.7894,132.4004,SA, ,,2007191407001 Fine,<75 µm,TOS,38.23
2007191407,20/07/2009,-31.7894,132.4004,SA, ,,2007191407002 Fine,<75 µm,BOS,23.47
2007191408,30/03/2008,-24.6404,113.8452,WA, ,,2007191408001 Fine,<75 µm,TOS,37.2
2007191408,30/03/2008,-24.6404,113.8452,WA, ,,2007191408002 Fine,<75 µm,BOS,28.36
2007191409,4/01/2008,-28.0877,123.3583,WA, ,,2007191409001 Fine,<75 µm,TOS,30.04
2007191409,4/01/2008,-28.0877,123.3583,WA, ,,2007191409002 Fine,<75 µm,BOS,21.12
2007191410,23/05/2008,-17.799,133.8344,NT, ,,2007191410001 Fine,<75 µm,TOS,15.88
2007191410,23/05/2008,-17.799,133.8344,NT, ,,2007191410002 Fine,<75 µm,BOS,14.18
2007191411,4/03/2008,-38.0251,147.1746,VIC, ,,2007191411001 Fine,<75 µm,TOS,39.44
2007191411,4/03/2008,-38.0251,147.1746,VIC, ,,2007191411002 Fine,<75 µm,BOS,33.6
2007191412,19/05/2008,-20.456,137.1432,NT, ,,2007191412001 Fine,<75 µm,TOS,19.29
2007191412,19/05/2008,-20.456,137.1432,NT, ,,2007191412002 Fine,<75 µm,BOS,18.76
2007191413,26/03/2008,-29.3562,121.8772,WA,Duplicate 2,2007190161,2007191413001 Fine,<75 µm,TOS,6.75
2007191413,26/03/2008,-29.3562,121.8772,WA,Duplicate 2,2007190161,2007191413002 Fine,<75 µm,BOS,5.47
2007191414,4/09/2008,-22.1902,138.6982,QLD, ,,2007191414001 Fine,<75 µm,TOS,7.02
2007191414,4/09/2008,-22.1902,138.6982,QLD, ,,2007191414002 Fine,<75 µm,BOS,8.16
2007191415,5/05/2008,-21.9799,115.0332,WA, ,,2007191415001 Fine,<75 µm,TOS,13.59
2007191415,5/05/2008,-21.9799,115.0332,WA, ,,2007191415002 Fine,<75 µm,BOS,7.86
2007191416,4/01/2008,-22.4006,145.1295,QLD,Duplicate 2,2007190383,2007191416001 Fine,<75 µm,TOS,18.67
2007191416,4/01/2008,-22.4006,145.1295,QLD,Duplicate 2,2007190383,2007191416002 Fine,<75 µm,BOS,31.57
2007191418,2/10/2008,-43.3302,146.97,TAS, ,,2007191418001 Fine,<75 µm,TOS,61.15
2007191418,2/10/2008,-43.3302,146.97,TAS, ,,2007191418002 Fine,<75 µm,BOS,51.19
2007191419,3/01/2008,-24.0245,115.6742,WA, ,,2007191419001 Fine,<75 µm,TOS,13.25
2007191419,3/01/2008,-24.0245,115.6742,WA, ,,2007191419002 Fine,<75 µm,BOS,9.07
2007191420,4/02/2008,-32.0169,143.635,NSW, ,,2007191420001 Fine,<75 µm,TOS,18.51
2007191420,4/02/2008,-32.0169,143.635,NSW, ,,2007191420002 Fine,<75 µm,BOS,46.67
2007191421,11/02/2007,-27.107,149.0627,QLD, ,,2007191421001 Fine,<75 µm,TOS,24.43
2007191421,11/02/2007,-27.107,149.0627,QLD, ,,2007191421002 Fine,<75 µm,BOS,27.4
2007191422,22/10/2008,-29.7854,140.2812,SA, ,,2007191422002 Fine,<75 µm,BOS,5.51
2007191423,4/08/2008,-15.7655,130.0339,NT, ,,2007191423001 Fine,<75 µm,TOS,7.97
2007191423,4/08/2008,-15.7655,130.0339,NT, ,,2007191423002 Fine,<75 µm,BOS,6.63
2007191425,31/05/2008,-22.0273,129.3627,NT, ,,2007191425001 Fine,<75 µm,TOS,11.16
2007191425,31/05/2008,-22.0273,129.3627,NT, ,,2007191425002 Fine,<75 µm,BOS,13.54
2007191426,19/10/2007,-22.7518,150.1157,QLD, ,,2007191426001 Fine,<75 µm,TOS,24.41
2007191426,19/10/2007,-22.7518,150.1157,QLD, ,,2007191426002 Fine,<75 µm,BOS,17.14
2007191428,8/06/2008,-14.9114,144.2141,QLD, ,,2007191428001 Fine,<75 µm,TOS,20.2
2007191428,8/06/2008,-14.9114,144.2141,QLD, ,,2007191428002 Fine,<75 µm,BOS,11.3
2007191429,5/07/2008,-25.6106,134.7981,NT,Duplicate 2,2007191346,2007191429001 Fine,<75 µm,TOS,13.69
2007191429,5/07/2008,-25.6106,134.7981,NT,Duplicate 2,2007191346,2007191429002 Fine,<75 µm,BOS,6.91
2007191430,16/08/2008,-13.4413,142.3126,QLD,Duplicate 2,2007190686,2007191430001 Fine,<75 µm,TOS,14.29
2007191430,16/08/2008,-13.4413,142.3126,QLD,Duplicate 2,2007190686,2007191430002 Fine,<75 µm,BOS,40.56
2007191431,16/10/2008,-14.1544,141.6707,QLD, ,,2007191431001 Fine,<75 µm,TOS,14.03
2007191431,16/10/2008,-14.1544,141.6707,QLD, ,,2007191431002 Fine,<75 µm,BOS,11.85
2007191434,24/10/2007,-23.9892,151.12,QLD, ,,2007191434001 Fine,<75 µm,TOS,21.81
2007191434,24/10/2007,-23.9892,151.12,QLD, ,,2007191434002 Fine,<75 µm,BOS,11.77
2007191435,23/07/2007,-26.7518,153.0752,QLD, ,,2007191435001 Fine,<75 µm,TOS,92.06
2007191435,23/07/2007,-26.7518,153.0752,QLD, ,,2007191435002 Fine,<75 µm,BOS,49.41
2007191436,6/07/2008,-20.8578,120.6889,WA,Duplicate 2,2007190349,2007191436001 Fine,<75 µm,TOS,22.39
2007191436,6/07/2008,-20.8578,120.6889,WA,Duplicate 2,2007190349,2007191436002 Fine,<75 µm,BOS,23.88
2007191437,6/07/2008,-28.0357,141.9112,QLD,Duplicate 2,2007190968,2007191437001 Fine,<75 µm,TOS,9.91
2007191437,6/07/2008,-28.0357,141.9112,QLD,Duplicate 2,2007190968,2007191437002 Fine,<75 µm,BOS,4.76
2007191438,20/02/2008,-29.8709,117.7147,WA, ,,2007191438001 Fine,<75 µm,TOS,45.16
2007191439,20/09/2007,-18.0185,140.5638,QLD, ,,2007191439001 Fine,<75 µm,TOS,18.53
2007191439,20/09/2007,-18.0185,140.5638,QLD, ,,2007191439002 Fine,<75 µm,BOS,14.21
2007191440,23/02/2008,-27.198,119.9537,WA,Duplicate 2,2007190827,2007191440001 Fine,<75 µm,TOS,42.39
2007191440,23/02/2008,-27.198,119.9537,WA,Duplicate 2,2007190827,2007191440002 Fine,<75 µm,BOS,42.89
2007191441,24/02/2008,-28.2668,117.3884,WA,Duplicate 2,2007190896,2007191441001 Fine,<75 µm,TOS,30.91
2007191441,24/02/2008,-28.2668,117.3884,WA,Duplicate 2,2007190896,2007191441002 Fine,<75 µm,BOS,14.33
2007191442,7/12/2008,-15.6111,132.6253,NT, ,,2007191442001 Fine,<75 µm,TOS,18.2
2007191442,7/12/2008,-15.6111,132.6253,NT, ,,2007191442002 Fine,<75 µm,BOS,11.48
2007191443,19/09/2007,-18.6979,139.7669,QLD, ,,2007191443001 Fine,<75 µm,TOS,11.93
2007191443,19/09/2007,-18.6979,139.7669,QLD, ,,2007191443002 Fine,<75 µm,BOS,9.32
2007191444,14/05/2008,-30.7523,152.1913,NSW,Duplicate 2,2007190927,2007191444001 Fine,<75 µm,TOS,103.6
2007191444,14/05/2008,-30.7523,152.1913,NSW,Duplicate 2,2007190927,2007191444002 Fine,<75 µm,BOS,69.07
2007191445,16/01/2008,-34.5201,115.9127,WA,Duplicate 2,2007191372,2007191445001 Fine,<75 µm,TOS,42.38
2007191445,16/01/2008,-34.5201,115.9127,WA,Duplicate 2,2007191372,2007191445002 Fine,<75 µm,BOS,33.51
2007191446,22/09/2007,-17.1626,138.4788,QLD, ,,2007191446001 Fine,<75 µm,TOS,18.13
2007191446,22/09/2007,-17.1626,138.4788,QLD, ,,2007191446002 Fine,<75 µm,BOS,16.53
2007191447,4/03/2008,-22.228,142.4068,QLD, ,,2007191447001 Fine,<75 µm,TOS,20.53
2007191447,4/03/2008,-22.228,142.4068,QLD, ,,2007191447002 Fine,<75 µm,BOS,12.14
2007191448,13/06/2008,-16.9639,122.7748,WA, ,,2007191448001 Fine,<75 µm,TOS,8.68
2007191448,13/06/2008,-16.9639,122.7748,WA, ,,2007191448002 Fine,<75 µm,BOS,13.67
2007191449,18/10/2007,-22.8575,149.3299,QLD, ,,2007191449001 Fine,<75 µm,TOS,19.5
2007191449,18/10/2007,-22.8575,149.3299,QLD, ,,2007191449002 Fine,<75 µm,BOS,27.93
2007191450,31/03/2008,-22.3032,144.6983,QLD,Duplicate 2,2007190732,2007191450001 Fine,<75 µm,TOS,22.95
2007191450,31/03/2008,-22.3032,144.6983,QLD,Duplicate 2,2007190732,2007191450002 Fine,<75 µm,BOS,18.8
2007191451,2/07/2008,-41.2677,146.419,TAS, ,,2007191451001 Fine,<75 µm,TOS,50.12
2007191451,2/07/2008,-41.2677,146.419,TAS, ,,2007191451002 Fine,<75 µm,BOS,37.34
2007191452,17/04/2008,-24.811,132.2858,NT, ,,2007191452001 Fine,<75 µm,TOS,14.08
2007191452,17/04/2008,-24.811,132.2858,NT, ,,2007191452002 Fine,<75 µm,BOS,4.24
2007191453,4/02/2009,-24.6581,130.6202,NT, ,,2007191453001 Fine,<75 µm,TOS,21.86
2007191453,4/02/2009,-24.6581,130.6202,NT, ,,2007191453002 Fine,<75 µm,BOS,14.47
2007191454,14/05/2008,-30.7696,150.6321,NSW, ,,2007191454001 Fine,<75 µm,TOS,30.05
2007191454,14/05/2008,-30.7696,150.6321,NSW, ,,2007191454002 Fine,<75 µm,BOS,24.91
2007191456,22/02/2008,-26.7433,120.2688,WA, ,,2007191456001 Fine,<75 µm,TOS,7.43
2007191456,22/02/2008,-26.7433,120.2688,WA, ,,2007191456002 Fine,<75 µm,BOS,10.13
2007191457,7/09/2008,-15.4474,130.3537,NT, ,,2007191457001 Fine,<75 µm,TOS,10.9
2007191457,7/09/2008,-15.4474,130.3537,NT, ,,2007191457002 Fine,<75 µm,BOS,9.74
2007191458,17/07/2008,-29.1715,136.3253,SA,Duplicate 2,2007190266,2007191458001 Fine,<75 µm,TOS,9.27
2007191458,17/07/2008,-29.1715,136.3253,SA,Duplicate 2,2007190266,2007191458002 Fine,<75 µm,BOS,11.95
2007191460,27/11/2007,-36.508,148.8235,NSW, ,,2007191460001 Fine,<75 µm,TOS,19.37
2007191460,27/11/2007,-36.508,148.8235,NSW, ,,2007191460002 Fine,<75 µm,BOS,29.31
2007191462,13/05/2008,-26.0985,116.6163,WA, ,,2007191462001 Fine,<75 µm,TOS,23.03
2007191462,13/05/2008,-26.0985,116.6163,WA, ,,2007191462002 Fine,<75 µm,BOS,24.87
2007191463,29/03/2008,-23.1932,144.3827,QLD, ,,2007191463001 Fine,<75 µm,TOS,10.05
2007191463,29/03/2008,-23.1932,144.3827,QLD, ,,2007191463002 Fine,<75 µm,BOS,8.73
2007191466,8/06/2009,-16.3003,129.6987,NT, ,,2007191466001 Fine,<75 µm,TOS,8.1
2007191466,8/06/2009,-16.3003,129.6987,NT, ,,2007191466002 Fine,<75 µm,BOS,10.18
2007191467,19/07/2007,-32.3637,139.0398,SA, ,,2007191467001 Fine,<75 µm,TOS,33.83
2007191467,19/07/2007,-32.3637,139.0398,SA, ,,2007191467002 Fine,<75 µm,BOS,23.61
2007191468,4/04/2008,-21.0502,117.1327,WA, ,,2007191468001 Fine,<75 µm,TOS,22.97
2007191468,4/04/2008,-21.0502,117.1327,WA, ,,2007191468002 Fine,<75 µm,BOS,27.87
2007191469,14/05/2008,-36.7059,140.7412,SA, ,,2007191469001 Fine,<75 µm,TOS,18.01
2007191469,14/05/2008,-36.7059,140.7412,SA, ,,2007191469002 Fine,<75 µm,BOS,28.59
2007191470,4/10/2008,-17.2093,131.447,NT, ,,2007191470001 Fine,<75 µm,TOS,8.81
2007191470,4/10/2008,-17.2093,131.447,NT, ,,2007191470002 Fine,<75 µm,BOS,9.62
2007191471,16/04/2008,-24.5528,133.2326,NT, ,,2007191471001 Fine,<75 µm,TOS,5.57
2007191471,16/04/2008,-24.5528,133.2326,NT, ,,2007191471002 Fine,<75 µm,BOS,7.79
2007191472,6/10/2008,-19.9623,120.5057,WA, ,,2007191472001 Fine,<75 µm,TOS,19.31
2007191472,6/10/2008,-19.9623,120.5057,WA, ,,2007191472002 Fine,<75 µm,BOS,17.77
2007191473,28/01/2008,-30.9243,127.4511,WA,Duplicate 1,2007191510,2007191473001 Fine,<75 µm,TOS,27.29
2007191473,28/01/2008,-30.9243,127.4511,WA,Duplicate 1,2007191510,2007191473002 Fine,<75 µm,BOS,31.04
2007191475,16/10/2007,-36.1625,141.483,VIC, ,,2007191475001 Fine,<75 µm,TOS,24.18
2007191475,16/10/2007,-36.1625,141.483,VIC, ,,2007191475002 Fine,<75 µm,BOS,33.73
2007191476,24/05/2008,-24.361,139.4712,QLD, ,,2007191476001 Fine,<75 µm,TOS,10.35
2007191476,24/05/2008,-24.361,139.4712,QLD, ,,2007191476002 Fine,<75 µm,BOS,7.69
2007191479,18/08/2009,-15.3668,134.1534,NT, ,,2007191479001 Fine,<75 µm,TOS,28.59
2007191479,18/08/2009,-15.3668,134.1534,NT, ,,2007191479002 Fine,<75 µm,BOS,14.7
2007191480,8/09/2009,-12.4274,132.9676,NT, ,,2007191480001 Fine,<75 µm,TOS,14.07
2007191480,8/09/2009,-12.4274,132.9676,NT, ,,2007191480002 Fine,<75 µm,BOS,29.31
2007191481,4/05/2008,-20.5201,118.4958,WA,Duplicate 2,2007190050,2007191481001 Fine,<75 µm,TOS,19.37
2007191481,4/05/2008,-20.5201,118.4958,WA,Duplicate 2,2007190050,2007191481002 Fine,<75 µm,BOS,17.83
2007191482,18/07/2007,-31.9487,138.1658,SA, ,,2007191482001 Fine,<75 µm,TOS,9.62
2007191482,18/07/2007,-31.9487,138.1658,SA, ,,2007191482002 Fine,<75 µm,BOS,13.29
2007191484,26/09/2007,-20.0864,141.1315,QLD, ,,2007191484001 Fine,<75 µm,TOS,14.61
2007191484,26/09/2007,-20.0864,141.1315,QLD, ,,2007191484002 Fine,<75 µm,BOS,14.85
2007191485,17/04/2008,-29.9446,146.4302,NSW, ,,2007191485001 Fine,<75 µm,TOS,9.33
2007191485,17/04/2008,-29.9446,146.4302,NSW, ,,2007191485002 Fine,<75 µm,BOS,7.08
2007191486,14/05/2008,-23.3844,136.45,NT,Duplicate 2,2007191264,2007191486001 Fine,<75 µm,TOS,9.08
2007191486,14/05/2008,-23.3844,136.45,NT,Duplicate 2,2007191264,2007191486002 Fine,<75 µm,BOS,9.37
2007191487,25/05/2008,-24.168,141.0908,QLD, ,,2007191487001 Fine,<75 µm,TOS,19.61
2007191487,25/05/2008,-24.168,141.0908,QLD, ,,2007191487002 Fine,<75 µm,BOS,18
2007191489,3/05/2008,-37.6028,141.4451,VIC, ,,2007191489001 Fine,<75 µm,TOS,21.15
2007191489,3/05/2008,-37.6028,141.4451,VIC, ,,2007191489002 Fine,<75 µm,BOS,19.91
2007191490,10/04/2007,-18.2012,142.8743,QLD, ,,2007191490001 Fine,<75 µm,TOS,17.87
2007191490,10/04/2007,-18.2012,142.8743,QLD, ,,2007191490002 Fine,<75 µm,BOS,10.09
2007191491,7/05/2007,-33.4267,115.7117,WA, ,,2007191491001 Fine,<75 µm,TOS,20.92
2007191491,7/05/2007,-33.4267,115.7117,WA, ,,2007191491002 Fine,<75 µm,BOS,22.69
2007191492,13/08/2009,-12.2402,135.3994,NT, ,,2007191492001 Fine,<75 µm,TOS,12.11
2007191492,13/08/2009,-12.2402,135.3994,NT, ,,2007191492002 Fine,<75 µm,BOS,4.87
2007191493,2/06/2008,-29.3879,152.4871,NSW, ,,2007191493001 Fine,<75 µm,TOS,39.17
2007191493,2/06/2008,-29.3879,152.4871,NSW, ,,2007191493002 Fine,<75 µm,BOS,29.95
2007191494,2/09/2008,-42.705,147.267,TAS, ,,2007191494001 Fine,<75 µm,TOS,43.82
2007191494,2/09/2008,-42.705,147.267,TAS, ,,2007191494002 Fine,<75 µm,BOS,42.67
2007191495,17/08/2009,-14.4299,135.1248,NT, ,,2007191495001 Fine,<75 µm,TOS,19.14
2007191495,17/08/2009,-14.4299,135.1248,NT, ,,2007191495002 Fine,<75 µm,BOS,15.75
2007191496,28/02/2008,-25.9432,122.3633,WA, ,,2007191496001 Fine,<75 µm,TOS,15.26
2007191496,28/02/2008,-25.9432,122.3633,WA, ,,2007191496002 Fine,<75 µm,BOS,14.34
2007191497,19/05/2008,-20.5764,137.6653,NT, ,,2007191497001 Fine,<75 µm,TOS,15.58
2007191497,19/05/2008,-20.5764,137.6653,NT, ,,2007191497002 Fine,<75 µm,BOS,10.55
2007191499,13/06/2008,-17.3338,122.1704,WA, ,,2007191499001 Fine,<75 µm,TOS,12.89
2007191499,13/06/2008,-17.3338,122.1704,WA, ,,2007191499002 Fine,<75 µm,BOS,22.71
2007191501,7/10/2008,-15.4118,129.1951,NT, ,,2007191501001 Fine,<75 µm,TOS,8.52
2007191501,7/10/2008,-15.4118,129.1951,NT, ,,2007191501002 Fine,<75 µm,BOS,6.14
2007191503,14/07/2008,-24.75,116.2603,WA, ,,2007191503001 Fine,<75 µm,TOS,30.93
2007191503,14/07/2008,-24.75,116.2603,WA, ,,2007191503002 Fine,<75 µm,BOS,31.9
2007191504,28/09/2009,-32.4479,136.0051,SA,Duplicate 2,2007190949,2007191504001 Fine,<75 µm,TOS,14.4
2007191504,28/09/2009,-32.4479,136.0051,SA,Duplicate 2,2007190949,2007191504002 Fine,<75 µm,BOS,21.68
2007191505,13/09/2009,-28.3478,135.0902,SA, ,,2007191505001 Fine,<75 µm,TOS,20.73
2007191505,13/09/2009,-28.3478,135.0902,SA, ,,2007191505002 Fine,<75 µm,BOS,12.7
2007191506,12/03/2007,-31.6594,116.7206,WA, ,,2007191506001 Fine,<75 µm,TOS,18.15
2007191506,12/03/2007,-31.6594,116.7206,WA, ,,2007191506002 Fine,<75 µm,BOS,22.01
2007191507,29/02/2008,-25.5154,123.0368,WA,Duplicate 2,2007190549,2007191507001 Fine,<75 µm,TOS,13.39
2007191507,29/02/2008,-25.5154,123.0368,WA,Duplicate 2,2007190549,2007191507002 Fine,<75 µm,BOS,11
2007191509,5/12/2008,-26.9863,116.2217,WA,Duplicate 2,2007191382,2007191509001 Fine,<75 µm,TOS,29.13
2007191509,5/12/2008,-26.9863,116.2217,WA,Duplicate 2,2007191382,2007191509002 Fine,<75 µm,BOS,23.93
2007191510,28/01/2008,-30.9239,127.4522,WA,Duplicate 2,2007191473,2007191510001 Fine,<75 µm,TOS,36.3
2007191510,28/01/2008,-30.9239,127.4522,WA,Duplicate 2,2007191473,2007191510002 Fine,<75 µm,BOS,29.75
2007191511,22/11/2008,-33.4515,137.048,SA, ,,2007191511001 Fine,<75 µm,TOS,36.02
2007191512,17/08/2009,-14.5617,135.005,NT, ,,2007191512001 Fine,<75 µm,TOS,23.17
2007191512,17/08/2009,-14.5617,135.005,NT, ,,2007191512002 Fine,<75 µm,BOS,13.54
2007191513,24/10/2007,-36.8019,145.0826,VIC, ,,2007191513001 Fine,<75 µm,TOS,73.92
2007191513,24/10/2007,-36.8019,145.0826,VIC, ,,2007191513002 Fine,<75 µm,BOS,10.68
2007191514,20/10/2007,-23.3084,150.4463,QLD, ,,2007191514001 Fine,<75 µm,TOS,36.09
2007191514,20/10/2007,-23.3084,150.4463,QLD, ,,2007191514002 Fine,<75 µm,BOS,21.42
2007191515,8/07/2008,-14.6183,143.8952,QLD, ,,2007191515001 Fine,<75 µm,TOS,20.78
2007191515,8/07/2008,-14.6183,143.8952,QLD, ,,2007191515002 Fine,<75 µm,BOS,11.7
2007191516,29/03/2008,-23.6163,143.8458,QLD, ,,2007191516001 Fine,<75 µm,TOS,13.82
2007191516,29/03/2008,-23.6163,143.8458,QLD, ,,2007191516002 Fine,<75 µm,BOS,11.03
2007191517,9/10/2009,-27.8485,133.6606,SA, ,,2007191517001 Fine,<75 µm,TOS,26.49
2007191517,9/10/2009,-27.8485,133.6606,SA, ,,2007191517002 Fine,<75 µm,BOS,13.19
2007191518,6/08/2008,-28.3168,143.1348,QLD,Duplicate 2,2007191293,2007191518001 Fine,<75 µm,TOS,11.15
2007191518,6/08/2008,-28.3168,143.1348,QLD,Duplicate 2,2007191293,2007191518002 Fine,<75 µm,BOS,14.41
2007191519,21/09/2007,-17.9617,140.8352,QLD, ,,2007191519001 Fine,<75 µm,TOS,11.79
2007191520,4/06/2008,-22.0887,140.1124,QLD, ,,2007191520001 Fine,<75 µm,TOS,11.11
2007191520,4/06/2008,-22.0887,140.1124,QLD, ,,2007191520002 Fine,<75 µm,BOS,15.07
2007191521,10/02/2008,-30.7226,139.5241,SA, ,,2007191521001 Fine,<75 µm,TOS,38.11
2007191521,10/02/2008,-30.7226,139.5241,SA, ,,2007191521002 Fine,<75 µm,BOS,18.46
2007191522,16/10/2007,-25.6776,149.2194,QLD,Duplicate 2,2007190534,2007191522001 Fine,<75 µm,TOS,32.12
2007191522,16/10/2007,-25.6776,149.2194,QLD,Duplicate 2,2007190534,2007191522002 Fine,<75 µm,BOS,23.01
2007191523,4/01/2008,-32.3597,142.1648,NSW, ,,2007191523001 Fine,<75 µm,TOS,20.99
2007191523,4/01/2008,-32.3597,142.1648,NSW, ,,2007191523002 Fine,<75 µm,BOS,19.31
2007191524,7/01/2008,-34.4046,140.8464,SA, ,,2007191524001 Fine,<75 µm,TOS,8.54
2007191524,7/01/2008,-34.4046,140.8464,SA, ,,2007191524002 Fine,<75 µm,BOS,6.56
2007191525,10/05/2007,-16.5277,143.4716,QLD,Duplicate 2,2007190647,2007191525001 Fine,<75 µm,TOS,16.92
2007191525,10/05/2007,-16.5277,143.4716,QLD,Duplicate 2,2007190647,2007191525002 Fine,<75 µm,BOS,12.11
2007191526,20/04/2008,-23.836,134.6728,NT, ,,2007191526001 Fine,<75 µm,TOS,11.26
2007191526,20/04/2008,-23.836,134.6728,NT, ,,2007191526002 Fine,<75 µm,BOS,11.9
2007191528,31/05/2008,-26.2961,143.3854,QLD, ,,2007191528001 Fine,<75 µm,TOS,26.89
2007191528,31/05/2008,-26.2961,143.3854,QLD, ,,2007191528002 Fine,<75 µm,BOS,10.77
2007191529,11/07/2007,-30.7546,144.0645,NSW, ,,2007191529001 Fine,<75 µm,TOS,20.15
2007191529,11/07/2007,-30.7546,144.0645,NSW, ,,2007191529002 Fine,<75 µm,BOS,14.03
2007191530,29/02/2008,-25.89,123.0292,WA, ,,2007191530001 Fine,<75 µm,TOS,11.59
2007191530,29/02/2008,-25.89,123.0292,WA, ,,2007191530002 Fine,<75 µm,BOS,6.48
2007191531,18/09/2007,-19.0173,138.725,QLD,Duplicate 2,2007191028,2007191531001 Fine,<75 µm,TOS,25.7
2007191531,18/09/2007,-19.0173,138.725,QLD,Duplicate 2,2007191028,2007191531002 Fine,<75 µm,BOS,14.42
2007191532,18/09/2007,-20.4803,140.5895,QLD,Duplicate 2,2007190125,2007191532001 Fine,<75 µm,TOS,10.17
2007191532,18/09/2007,-20.4803,140.5895,QLD,Duplicate 2,2007190125,2007191532002 Fine,<75 µm,BOS,9.07
2007191533,20/02/2008,-29.742,117.7992,WA, ,,2007191533001 Fine,<75 µm,TOS,8.54
2007191533,20/02/2008,-29.742,117.7992,WA, ,,2007191533002 Fine,<75 µm,BOS,14.98
2007191534,9/11/2009,-27.1437,134.5525,SA, ,,2007191534001 Fine,<75 µm,TOS,22.62
2007191534,9/11/2009,-27.1437,134.5525,SA, ,,2007191534002 Fine,<75 µm,BOS,12.97
2007191535,13/05/2008,-37.2191,139.9986,SA, ,,2007191535001 Fine,<75 µm,TOS,32.45
2007191535,13/05/2008,-37.2191,139.9986,SA, ,,2007191535002 Fine,<75 µm,BOS,31.51
2007191536,20/09/2007,-17.8373,139.7453,QLD, ,,2007191536001 Fine,<75 µm,TOS,12.03
2007191536,20/09/2007,-17.8373,139.7453,QLD, ,,2007191536002 Fine,<75 µm,BOS,10.91
2007191537,25/09/2007,-16.5329,142.0574,QLD,Duplicate 2,2007190990,2007191537001 Fine,<75 µm,TOS,25.91
2007191537,25/09/2007,-16.5329,142.0574,QLD,Duplicate 2,2007190990,2007191537002 Fine,<75 µm,BOS,9.91
2007191539,19/09/2007,-14.3227,132.4131,NT, ,,2007191539001 Fine,<75 µm,TOS,18.2
2007191539,19/09/2007,-14.3227,132.4131,NT, ,,2007191539002 Fine,<75 µm,BOS,12.38
2007191540,29/04/2008,-30.3125,146.0786,NSW, ,,2007191540001 Fine,<75 µm,TOS,41.6
2007191540,29/04/2008,-30.3125,146.0786,NSW, ,,2007191540002 Fine,<75 µm,BOS,26.79
2007191541,24/07/2007,-25.6866,152.82,QLD, ,,2007191541001 Fine,<75 µm,TOS,38.79
2007191541,24/07/2007,-25.6866,152.82,QLD, ,,2007191541002 Fine,<75 µm,BOS,28.26
2007191542,20/02/2008,-34.0884,141.9154,NSW,Duplicate 2,2007190189,2007191542001 Fine,<75 µm,TOS,21.31
2007191542,20/02/2008,-34.0884,141.9154,NSW,Duplicate 2,2007190189,2007191542002 Fine,<75 µm,BOS,17.19
2007191543,4/04/2008,-23.6797,138.7326,QLD, ,,2007191543001 Fine,<75 µm,TOS,9.61
2007191544,3/02/2008,-27.2164,121.1008,WA, ,,2007191544001 Fine,<75 µm,TOS,23.74
2007191544,3/02/2008,-27.2164,121.1008,WA, ,,2007191544002 Fine,<75 µm,BOS,24.2
2007191545,9/06/2009,-29.0543,133.2927,SA,Duplicate 2,2007190121,2007191545001 Fine,<75 µm,TOS,37.61
2007191545,9/06/2009,-29.0543,133.2927,SA,Duplicate 2,2007190121,2007191545002 Fine,<75 µm,BOS,32.25
2007191546,9/12/2008,-29.0444,138.84,SA, ,,2007191546001 Fine,<75 µm,TOS,14.38
2007191546,9/12/2008,-29.0444,138.84,SA, ,,2007191546002 Fine,<75 µm,BOS,13.16
2007191547,28/05/2008,-24.109,143.3525,QLD, ,,2007191547001 Fine,<75 µm,TOS,15.84
2007191547,28/05/2008,-24.109,143.3525,QLD, ,,2007191547002 Fine,<75 µm,BOS,11.67
2007191548,25/09/2007,-18.6722,141.7118,QLD, ,,2007191548001 Fine,<75 µm,TOS,22.35
2007191548,25/09/2007,-18.6722,141.7118,QLD, ,,2007191548002 Fine,<75 µm,BOS,11
2007191549,11/08/2007,-31.597,143.4765,NSW,Duplicate 2,2007190735,2007191549001 Fine,<75 µm,TOS,11.96
2007191549,11/08/2007,-31.597,143.4765,NSW,Duplicate 2,2007190735,2007191549002 Fine,<75 µm,BOS,12.27
2007191550,21/02/2008,-33.0287,143.6315,NSW, ,,2007191550001 Fine,<75 µm,TOS,23.87
2007191550,21/02/2008,-33.0287,143.6315,NSW, ,,2007191550002 Fine,<75 µm,BOS,25.21
2007191551,23/10/2007,-23.1073,149.8695,QLD,Duplicate 2,2007191007,2007191551001 Fine,<75 µm,TOS,18.44
2007191551,23/10/2007,-23.1073,149.8695,QLD,Duplicate 2,2007191007,2007191551002 Fine,<75 µm,BOS,18.79
2007191552,19/09/2007,-12.9573,132.3934,NT,Duplicate 2,2007190118,2007191552001 Fine,<75 µm,TOS,15.96
2007191552,19/09/2007,-12.9573,132.3934,NT,Duplicate 2,2007190118,2007191552002 Fine,<75 µm,BOS,15.49
2007191553,23/05/2008,-24.9283,138.6361,QLD, ,,2007191553001 Fine,<75 µm,TOS,6.37
2007191553,23/05/2008,-24.9283,138.6361,QLD, ,,2007191553002 Fine,<75 µm,BOS,7.13
2007191554,29/04/2008,-29.0619,117.2772,WA, ,,2007191554001 Fine,<75 µm,TOS,17.58
2007191554,29/04/2008,-29.0619,117.2772,WA, ,,2007191554002 Fine,<75 µm,BOS,33.53
2007191555,20/09/2007,-14.9342,133.1431,NT, ,,2007191555001 Fine,<75 µm,TOS,9.78
2007191555,20/09/2007,-14.9342,133.1431,NT, ,,2007191555002 Fine,<75 µm,BOS,8.03
2007191556,26/01/2008,-31.8511,127.0259,WA, ,,2007191556001 Fine,<75 µm,TOS,43.39
2007191556,26/01/2008,-31.8511,127.0259,WA, ,,2007191556002 Fine,<75 µm,BOS,25.9
2007191557,29/05/2008,-24.4958,145.2009,QLD, ,,2007191557001 Fine,<75 µm,TOS,11.38
2007191557,29/05/2008,-24.4958,145.2009,QLD, ,,2007191557002 Fine,<75 µm,BOS,11.61
2007191558,25/05/2008,-24.1941,140.9312,QLD, ,,2007191558001 Fine,<75 µm,TOS,20.62
2007191558,25/05/2008,-24.1941,140.9312,QLD, ,,2007191558002 Fine,<75 µm,BOS,27.8
2007191559,12/03/2007,-32.244,117.0386,WA, ,,2007191559001 Fine,<75 µm,TOS,23.23
2007191559,12/03/2007,-32.244,117.0386,WA, ,,2007191559002 Fine,<75 µm,BOS,7.72
2007191560,7/06/2007,-31.9066,115.9629,WA, ,,2007191560001 Fine,<75 µm,TOS,50.6
2007191560,7/06/2007,-31.9066,115.9629,WA, ,,2007191560002 Fine,<75 µm,BOS,11.55
2007191561,14/05/2008,-30.6662,150.056,NSW, ,,2007191561001 Fine,<75 µm,TOS,23.04
2007191561,14/05/2008,-30.6662,150.056,NSW, ,,2007191561002 Fine,<75 µm,BOS,27.65
2007191564,20/05/2008,-26.6536,146.1767,QLD, ,,2007191564001 Fine,<75 µm,TOS,26.8
2007191564,20/05/2008,-26.6536,146.1767,QLD, ,,2007191564002 Fine,<75 µm,BOS,12.71
2007191566,29/03/2008,-26.709,114.6714,WA,Duplicate 2,2007190176,2007191566001 Fine,<75 µm,TOS,29.41
2007191566,29/03/2008,-26.709,114.6714,WA,Duplicate 2,2007190176,2007191566002 Fine,<75 µm,BOS,40.84
2007191567,10/07/2007,-20.0619,135.9565,NT, ,,2007191567001 Fine,<75 µm,TOS,31.43
2007191567,10/07/2007,-20.0619,135.9565,NT, ,,2007191567002 Fine,<75 µm,BOS,36.61
2007191569,13/07/2008,-14.3634,131.5576,NT, ,,2007191569001 Fine,<75 µm,TOS,10.15
2007191569,13/07/2008,-14.3634,131.5576,NT, ,,2007191569002 Fine,<75 µm,BOS,13.79
2007191570,31/03/2008,-22.4792,144.6536,QLD, ,,2007191570001 Fine,<75 µm,TOS,18.7
2007191570,31/03/2008,-22.4792,144.6536,QLD, ,,2007191570002 Fine,<75 µm,BOS,13.11
2007191571,3/06/2008,-25.3114,114.1236,WA, ,,2007191571001 Fine,<75 µm,TOS,45.04
2007191571,3/06/2008,-25.3114,114.1236,WA, ,,2007191571002 Fine,<75 µm,BOS,35.14
2007191572,15/12/2007,-33.7432,121.2552,WA, ,,2007191572001 Fine,<75 µm,TOS,31.7
2007191572,15/12/2007,-33.7432,121.2552,WA, ,,2007191572002 Fine,<75 µm,BOS,30.94
2007191573,20/05/2008,-26.3867,146.0751,QLD, ,,2007191573001 Fine,<75 µm,TOS,11.22
2007191573,20/05/2008,-26.3867,146.0751,QLD, ,,2007191573002 Fine,<75 µm,BOS,9.83
2007191574,14/05/2008,-31.0357,150.333,NSW, ,,2007191574001 Fine,<75 µm,TOS,15.49
2007191574,14/05/2008,-31.0357,150.333,NSW, ,,2007191574002 Fine,<75 µm,BOS,12.24
2007191576,6/12/2008,-17.9791,122.5631,WA, ,,2007191576001 Fine,<75 µm,TOS,9.76
2007191576,6/12/2008,-17.9791,122.5631,WA, ,,2007191576002 Fine,<75 µm,BOS,3.04
2007191577,30/03/2008,-22.4195,144.5157,QLD, ,,2007191577001 Fine,<75 µm,TOS,9.65
2007191577,30/03/2008,-22.4195,144.5157,QLD, ,,2007191577002 Fine,<75 µm,BOS,6.61
2007191578,25/07/2008,-19.8721,130.321,NT,Duplicate 2,2007191152,2007191578001 Fine,<75 µm,TOS,18.49
2007191578,25/07/2008,-19.8721,130.321,NT,Duplicate 2,2007191152,2007191578002 Fine,<75 µm,BOS,22.79
2007191579,10/08/2007,-19.2926,136.0683,NT, ,,2007191579001 Fine,<75 µm,TOS,21.9
2007191579,10/08/2007,-19.2926,136.0683,NT, ,,2007191579002 Fine,<75 µm,BOS,15.38
2007191580,26/09/2008,-31.4763,140.5714,SA, ,,2007191580001 Fine,<75 µm,TOS,35.08
2007191580,26/09/2008,-31.4763,140.5714,SA, ,,2007191580002 Fine,<75 µm,BOS,28.68
2007191581,23/10/2007,-35.9732,144.1684,VIC, ,,2007191581001 Fine,<75 µm,TOS,41.07
2007191581,23/10/2007,-35.9732,144.1684,VIC, ,,2007191581002 Fine,<75 µm,BOS,8.66
2007191582,10/08/2007,-16.2627,145.3353,QLD, ,,2007191582001 Fine,<75 µm,TOS,47.97
2007191583,24/05/2008,-17.1661,133.2826,NT, ,,2007191583001 Fine,<75 µm,TOS,16.55
2007191583,24/05/2008,-17.1661,133.2826,NT, ,,2007191583002 Fine,<75 µm,BOS,8.29
2007191584,22/01/2008,-36.0313,147.3533,VIC, ,,2007191584001 Fine,<75 µm,TOS,28.47
2007191584,22/01/2008,-36.0313,147.3533,VIC, ,,2007191584002 Fine,<75 µm,BOS,20.63
2007191585,8/07/2008,-14.6964,143.9902,QLD, ,,2007191585001 Fine,<75 µm,TOS,14.58
2007191585,8/07/2008,-14.6964,143.9902,QLD, ,,2007191585002 Fine,<75 µm,BOS,12.82
2007191586,14/08/2008,-12.7927,143.2938,QLD, ,,2007191586001 Fine,<75 µm,TOS,48.62
2007191586,14/08/2008,-12.7927,143.2938,QLD, ,,2007191586002 Fine,<75 µm,BOS,25.28
2007191587,30/01/2008,-30.8786,123.6358,WA, ,,2007191587001 Fine,<75 µm,TOS,32.39
2007191587,30/01/2008,-30.8786,123.6358,WA, ,,2007191587002 Fine,<75 µm,BOS,27.92
2007191588,4/01/2008,-21.8745,145.2322,QLD, ,,2007191588001 Fine,<75 µm,TOS,17.05
2007191588,4/01/2008,-21.8745,145.2322,QLD, ,,2007191588002 Fine,<75 µm,BOS,10.56
2007191589,19/02/2008,-29.2727,116.4259,WA, ,,2007191589001 Fine,<75 µm,TOS,22.86
2007191589,19/02/2008,-29.2727,116.4259,WA, ,,2007191589002 Fine,<75 µm,BOS,19.16
2007191590,29/03/2008,-29.464,126.179,WA,Duplicate 2,2007191275,2007191590001 Fine,<75 µm,TOS,31.82
2007191590,29/03/2008,-29.464,126.179,WA,Duplicate 2,2007191275,2007191590002 Fine,<75 µm,BOS,43.74
2007191591,3/05/2008,-38.1733,141.7219,VIC, ,,2007191591001 Fine,<75 µm,TOS,53.24
2007191591,3/05/2008,-38.1733,141.7219,VIC, ,,2007191591002 Fine,<75 µm,BOS,46.01
2007191592,26/05/2008,-22.2377,134.5559,NT,Duplicate 2,2007190986,2007191592001 Fine,<75 µm,TOS,9.58
2007191592,26/05/2008,-22.2377,134.5559,NT,Duplicate 2,2007190986,2007191592002 Fine,<75 µm,BOS,11.29
2007191593,27/10/2007,-24.135,151.6915,QLD,Duplicate 2,2007190208,2007191593001 Fine,<75 µm,TOS,12.44
2007191593,27/10/2007,-24.135,151.6915,QLD,Duplicate 2,2007190208,2007191593002 Fine,<75 µm,BOS,10.48
2007191594,7/10/2008,-15.2523,129.5768,NT,Duplicate 2,2007190481,2007191594001 Fine,<75 µm,TOS,5
2007191594,7/10/2008,-15.2523,129.5768,NT,Duplicate 2,2007190481,2007191594002 Fine,<75 µm,BOS,5.26
2007191595,27/07/2007,-27.5569,152.7961,QLD, ,,2007191595001 Fine,<75 µm,TOS,46.24
2007191595,27/07/2007,-27.5569,152.7961,QLD, ,,2007191595002 Fine,<75 µm,BOS,26.39
2007191596,26/06/2008,-34.1783,150.3042,NSW, ,,2007191596001 Fine,<75 µm,TOS,10.97
2007191596,26/06/2008,-34.1783,150.3042,NSW, ,,2007191596002 Fine,<75 µm,BOS,11.51
2007191598,6/12/2008,-18.7148,121.9302,WA,Duplicate 2,2007190328,2007191598001 Fine,<75 µm,TOS,12.36
2007191598,6/12/2008,-18.7148,121.9302,WA,Duplicate 2,2007190328,2007191598002 Fine,<75 µm,BOS,16.77
2007191599,29/11/2007,-35.8943,150.0629,NSW,Duplicate 2,2007190526,2007191599001 Fine,<75 µm,TOS,28.72
2007191599,29/11/2007,-35.8943,150.0629,NSW,Duplicate 2,2007190526,2007191599002 Fine,<75 µm,BOS,14.52
2007191600,8/04/2009,-12.8444,130.62,NT, ,,2007191600001 Fine,<75 µm,TOS,15.22
2007191600,8/04/2009,-12.8444,130.62,NT, ,,2007191600002 Fine,<75 µm,BOS,10.52
